......................................................................................................................................................................... Make.clubb_lapack is ready.
.................................................................................. Make.clubb_param is ready.
......................... Make.clubb_bugsrad is ready.
... Make.microphys_utils is ready.
..... Make.clubb_parabolic is ready.
.............. Make.clubb_KK_microphys is ready.
................................................. Make.clubb_coamps is ready.
... Make.clubb_morrison is ready.
... Make.clubb_gfdlact is ready.
............. Make.silhs is ready.
.................................................................. Make.clubb_other is ready.
... Make.clubb_standalone is ready.
... Make.clubb_thread_test is ready.
............ Make.clubb_tuner is ready.
... Make.jacobian is ready.
................ Make.G_unit_tests is ready.
... Make.int2txt is ready.
cd /glade/u/home/ilinck/clubb_release/compile/../obj; make -f Make.clubb_param
cd /glade/u/home/ilinck/clubb_release/compile/../obj; make -f Make.clubb_gfdlact
make[1]: Entering directory '/glade/u/home/ilinck/clubb_release/obj'
make[1]: Nothing to be done for 'all'.
make[1]: Leaving directory '/glade/u/home/ilinck/clubb_release/obj'
make[1]: Entering directory '/glade/u/home/ilinck/clubb_release/obj'
nvfortran -DNETCDF -DCLUBB_REAL_TYPE=8 -DCLUBB_GPU -DCUDA -DCOAMPS_MICRO -DNR_SP -DSILHS -Dradoffline -Dnooverlap -DCLUBB -I/glade/u/apps/derecho/24.12/spack/opt/spack/netcdf/4.9.2/nvhpc/24.11/vwh4/include -Mcache_align -O2  -I/glade/u/apps/derecho/24.12/spack/opt/spack/netcdf/4.9.2/nvhpc/24.11/vwh4/include -Mbackslash -Mstandard -Kieee -acc -Minfo=accel  -c	/glade/u/home/ilinck/clubb_release/compile/../src/CLUBB_core/advance_xm_wpxp_module.F90
nvfortran -DNETCDF -DCLUBB_REAL_TYPE=8 -DCLUBB_GPU -DCUDA -DCOAMPS_MICRO -DNR_SP -DSILHS -Dradoffline -Dnooverlap -DCLUBB -I/glade/u/apps/derecho/24.12/spack/opt/spack/netcdf/4.9.2/nvhpc/24.11/vwh4/include -Mcache_align -O2  -I/glade/u/apps/derecho/24.12/spack/opt/spack/netcdf/4.9.2/nvhpc/24.11/vwh4/include -Mbackslash -Mstandard -Kieee -acc -Minfo=accel  -c	/glade/u/home/ilinck/clubb_release/compile/../src/CLUBB_core/output_netcdf.F90
nvfortran -DNETCDF -DCLUBB_REAL_TYPE=8 -DCLUBB_GPU -DCUDA -DCOAMPS_MICRO -DNR_SP -DSILHS -Dradoffline -Dnooverlap -DCLUBB -I/glade/u/apps/derecho/24.12/spack/opt/spack/netcdf/4.9.2/nvhpc/24.11/vwh4/include -Mcache_align -O2  -I/glade/u/apps/derecho/24.12/spack/opt/spack/netcdf/4.9.2/nvhpc/24.11/vwh4/include -Mbackslash -Mstandard -Kieee -acc -Minfo=accel  -c	/glade/u/home/ilinck/clubb_release/compile/../src/CLUBB_core/setup_clubb_pdf_params.F90
advance_xm_wpxp:
    481, Generating enter data create(lhs_pr1_wprtp(:,:),lhs_ma_zt(:,:,:),kw6(:,:),lhs_ta_wpvp(:,:,:),lhs_ta_xm(:,:,:),rhs_ta_wpup(:,:),rhs_ta_wpthlp(:,:),rhs_ta_wprtp(:,:),low_lev_effect(:,:),lhs_ta_wpup(:,:,:),lhs_ta_wpthlp(:,:,:),lhs_ta_wprtp(:,:,:),lhs_pr1_wpthlp(:,:),lhs_diff_zt(:,:,:),lhs_ma_zm(:,:,:),lhs_diff_zm(:,:,:),lhs_ac_pr2(:,:),vm_old(:,:),upwp_old(:,:),um_old(:,:),thlm_old(:,:),wprtp_old(:,:),rtm_old(:,:),vpwp_old(:,:),rhs_ta_wpvp(:,:),c7_skw_fnc(:,:),lhs_tp(:,:,:),high_lev_effect(:,:),c6thl_skw_fnc(:,:),c6rt_skw_fnc(:,:),c6_term(:,:),wpthlp_old(:,:))
    490, Generating enter data create(lhs_ta_wpsclrp(:,:,:,:),lhs_pr1_wpsclrp(:,:),sclrm_old(:,:,:),wpsclrp_old(:,:,:),rhs_ta_wpsclrp(:,:,:))
    527, Generating implicit firstprivate(ngrdcol,nz)
         Generating NVIDIA GPU code
        528, !$acc loop gang, vector(128) collapse(2) ! blockidx%x threadidx%x
        529,   ! blockidx%x threadidx%x collapsed
    527, Generating default present(wpthlp(:ngrdcol,:nz),wpthlp_old(:ngrdcol,:nz),wprtp_old(:ngrdcol,:nz),thlm(:ngrdcol,:nz),rtm_old(:ngrdcol,:nz),wprtp(:ngrdcol,:nz),thlm_old(:ngrdcol,:nz),rtm(:ngrdcol,:nz))
    539, Generating implicit firstprivate(ngrdcol,sclr_dim,nz)
         Generating NVIDIA GPU code
        540, !$acc loop gang, vector(128) collapse(3) ! blockidx%x threadidx%x
        541,   ! blockidx%x threadidx%x collapsed
        542,   ! blockidx%x threadidx%x collapsed
    539, Generating default present(sclrm(:ngrdcol,:nz,:sclr_dim),sclrm_old(:ngrdcol,:nz,:sclr_dim),wpsclrp_old(:ngrdcol,:nz,:sclr_dim),wpsclrp(:ngrdcol,:nz,:sclr_dim))
    552, Generating implicit firstprivate(nz,ngrdcol)
         Generating NVIDIA GPU code
        553, !$acc loop gang, vector(128) collapse(2) ! blockidx%x threadidx%x
        554,   ! blockidx%x threadidx%x collapsed
    552, Generating default present(vpwp_old(:ngrdcol,:nz),vpwp(:ngrdcol,:nz),vm_old(:ngrdcol,:nz),vm(:ngrdcol,:nz),upwp_old(:ngrdcol,:nz),upwp(:ngrdcol,:nz),um_old(:ngrdcol,:nz),um(:ngrdcol,:nz))
    568, Generating implicit firstprivate(nz,ngrdcol)
         Generating NVIDIA GPU code
        569, !$acc loop gang, vector(128) collapse(2) ! blockidx%x threadidx%x
        570,   ! blockidx%x threadidx%x collapsed
    568, Generating default present(c6rt_skw_fnc(:ngrdcol,:nz),skw_zm(:ngrdcol,:nz),clubb_params(:ngrdcol,10:12))
    570, Generating implicit firstprivate(c6rt,c6rtc,c6rtb)
    589, Generating implicit firstprivate(nz,ngrdcol)
         Generating NVIDIA GPU code
        590, !$acc loop gang, vector(128) collapse(2) ! blockidx%x threadidx%x
        591,   ! blockidx%x threadidx%x collapsed
    589, Generating default present(c6thl_skw_fnc(:ngrdcol,:nz),skw_zm(:ngrdcol,:nz),clubb_params(:ngrdcol,13:15))
    591, Generating implicit firstprivate(c6thl,c6thlc,c6thlb)
    622, Generating implicit firstprivate(ngrdcol,nz)
         Generating NVIDIA GPU code
        623, !$acc loop gang, vector(128) collapse(2) ! blockidx%x threadidx%x
        624,   ! blockidx%x threadidx%x collapsed
    622, Generating default present(c6rt_skw_fnc(:ngrdcol,:nz),c6thl_skw_fnc(:ngrdcol,:nz),clubb_params(:ngrdcol,10:13))
    636, Generating implicit firstprivate(nz,ngrdcol)
         Generating NVIDIA GPU code
        637, !$acc loop gang, vector(128) collapse(2) ! blockidx%x threadidx%x
        638,   ! blockidx%x threadidx%x collapsed
    636, Generating default present(cx_fnc_richardson(:ngrdcol,:nz),c7_skw_fnc(:ngrdcol,:nz))
    646, Generating implicit firstprivate(nz,ngrdcol)
         Generating NVIDIA GPU code
        647, !$acc loop gang, vector(128) collapse(2) ! blockidx%x threadidx%x
        648,   ! blockidx%x threadidx%x collapsed
    646, Generating default present(c7_skw_fnc(:ngrdcol,:nz),skw_zm(:ngrdcol,:nz),clubb_params(:ngrdcol,16:18))
    648, Generating implicit firstprivate(c7,c7c,c7b)
    678, Generating update self(c6rt_skw_fnc(:,:),c6thl_skw_fnc(:,:),c7_skw_fnc(:,:))
    693, Generating implicit firstprivate(nz,ngrdcol)
         Generating NVIDIA GPU code
        694, !$acc loop gang, vector(128) collapse(2) ! blockidx%x threadidx%x
             Generating reduction(.or.:err_code)
        695,   ! blockidx%x threadidx%x collapsed
    693, Generating default present(c7_skw_fnc(:ngrdcol,:nz))
         Generating implicit copy(err_code) [if not already present]
    713, Generating implicit firstprivate(nz,ngrdcol)
         Generating NVIDIA GPU code
        714, !$acc loop gang, vector(128) collapse(2) ! blockidx%x threadidx%x
        715,   ! blockidx%x threadidx%x collapsed
    713, Generating default present(kw6(:ngrdcol,:nz),kh_zt(:ngrdcol,:nz),clubb_params(:ngrdcol,42))
    738, Generating implicit firstprivate(nz,ngrdcol)
         Generating NVIDIA GPU code
        739, !$acc loop gang, vector(128) collapse(2) ! blockidx%x threadidx%x
        740,   ! blockidx%x threadidx%x collapsed
    738, Generating default present(c6_term(:ngrdcol,:nz),invrs_tau_c6_zm(:ngrdcol,:nz),c6rt_skw_fnc(:ngrdcol,:nz))
    747, Generating update self(c6_term(:,:))
    865, Generating implicit firstprivate(nz,ngrdcol)
         Generating NVIDIA GPU code
        866, !$acc loop gang, vector(128) collapse(2) ! blockidx%x threadidx%x
        867,   ! blockidx%x threadidx%x collapsed
    865, Generating default present(wprtp(:ngrdcol,:nz),thlm_old(:ngrdcol,:nz),wpthlp_old(:ngrdcol,:nz),wpthlp(:ngrdcol,:nz),wprtp_old(:ngrdcol,:nz),rtm(:ngrdcol,:nz),thlm(:ngrdcol,:nz),rtm_old(:ngrdcol,:nz))
    877, Generating implicit firstprivate(ngrdcol,sclr_dim,nz)
         Generating NVIDIA GPU code
        878, !$acc loop gang, vector(128) collapse(3) ! blockidx%x threadidx%x
        879,   ! blockidx%x threadidx%x collapsed
        880,   ! blockidx%x threadidx%x collapsed
    877, Generating default present(sclrm(:ngrdcol,:nz,:sclr_dim),sclrm_old(:ngrdcol,:nz,:sclr_dim),wpsclrp_old(:ngrdcol,:nz,:sclr_dim),wpsclrp(:ngrdcol,:nz,:sclr_dim))
    890, Generating implicit firstprivate(nz,ngrdcol)
         Generating NVIDIA GPU code
        891, !$acc loop gang, vector(128) collapse(2) ! blockidx%x threadidx%x
        892,   ! blockidx%x threadidx%x collapsed
    890, Generating default present(vpwp_old(:ngrdcol,:nz),vpwp(:ngrdcol,:nz),vm_old(:ngrdcol,:nz),upwp(:ngrdcol,:nz),um_old(:ngrdcol,:nz),vm(:ngrdcol,:nz),upwp_old(:ngrdcol,:nz),um(:ngrdcol,:nz))
    907, Generating update self(vpwp(:,:),vm_forcing(:,:),upwp(:,:),um_forcing(:,:),wpsclrp(:,:,:),sclrm_forcing(:,:,:),wpthlp_forcing(:,:),thlm_forcing(:,:),wprtp_forcing(:,:),rtm_forcing(:,:),vprcp(:,:),vg(:,:),uprcp(:,:),ug(:,:),wprtp_old(:,:),rtpthvp(:,:),wpsclrp_old(:,:,:),skw_zm(:,:),wp3_on_wp2_zt(:,:),rho_ds_zt(:,:),p_in_pa(:,:),vp2(:,:),up2(:,:),vm_ref(:,:),um_ref(:,:),vm_old(:,:),um_old(:,:),exner(:,:),wpthvp(:,:),wpthlp_old(:,:),varnce_w_2_zm(:,:),thvm(:,:),vm(:,:),um(:,:),thv_ds_zm(:,:),mixt_frac_zm(:,:),rc_coef_zm(:,:),em(:,:),sclrm_old(:,:,:),sclrm(:,:,:),sclrp2(:,:,:),wp2rtp(:,:),cx_fnc_richardson(:,:),lscale_zm(:,:),varnce_w_1_zm(:,:),upwp_old(:,:),w_1_zm(:,:),vpwp_old(:,:),thlm_ref(:,:),rtm_ref(:,:),thlpthvp(:,:),invrs_rho_ds_zm(:,:),fcor(:),rho_ds_zm(:,:),rcm(:,:),thlm_old(:,:),wpthlp(:,:),thlm(:,:),thlp2(:,:),wp2sclrp(:,:,:),rtm_old(:,:),wprtp(:,:),rtm(:,:),rtp2(:,:),wp2(:,:),sigma_sqd_w(:,:),invrs_rho_ds_zt(:,:),invrs_tau_c6_zm(:,:),kh_zm(:,:),wp3_on_wp2(:,:),wp2thlp(:,:),kh_zt(:,:),wm_zt(:,:),wm_zm(:,:),w_2_zm(:,:),sclrpthvp(:,:,:))
    954, Generating update self(rtm_ref(:,:),rtm(:,:))
    979, Generating update device(rtm(:,:))
    985, Generating update self(thlm_ref(:,:),thlm(:,:))
   1010, Generating update device(thlm(:,:))
   1018, Generating update self(vm_ref(:,:),vm(:,:),um(:,:),um_ref(:,:))
   1056, Generating update device(vm(:,:),um(:,:))
   1065, Generating update self(vm(:,:),um(:,:))
   1078, Generating implicit firstprivate(nz,ngrdcol)
         Generating NVIDIA GPU code
       1079, !$acc loop gang, vector(128) collapse(2) ! blockidx%x threadidx%x
       1080,   ! blockidx%x threadidx%x collapsed
   1078, Generating default present(vm_ref(:ngrdcol,:nz),vm(:ngrdcol,:nz),um_ref(:ngrdcol,:nz),um(:ngrdcol,:nz))
   1080, Generating implicit firstprivate(ts_nudge,dt)
   1089, Generating update self(vm(:,:),um(:,:))
   1105, Generating update self(vm_ref(:,:),um_ref(:,:))
   1122, Generating implicit firstprivate(ngrdcol)
         Generating NVIDIA GPU code
       1123, !$acc loop gang, vector(128) ! blockidx%x threadidx%x
   1122, Generating default present(thlm(:ngrdcol,:2),rtm(:ngrdcol,:2))
   1130, Generating implicit firstprivate(sclr_dim,ngrdcol)
         Generating NVIDIA GPU code
       1131, !$acc loop gang, vector(128) collapse(2) ! blockidx%x threadidx%x
       1132,   ! blockidx%x threadidx%x collapsed
   1130, Generating default present(sclrm(:ngrdcol,:2,:sclr_dim))
   1140, Generating implicit firstprivate(ngrdcol)
         Generating NVIDIA GPU code
       1141, !$acc loop gang, vector(128) ! blockidx%x threadidx%x
   1140, Generating default present(um_pert(:ngrdcol,:2),vm_pert(:ngrdcol,:2),vm(:ngrdcol,:2),um(:ngrdcol,:2))
   1141, Generating implicit firstprivate(l_perturbed_wind)
   1152, Generating exit data delete(lhs_pr1_wprtp(:,:),lhs_ma_zt(:,:,:),kw6(:,:),lhs_ta_wpvp(:,:,:),lhs_ta_xm(:,:,:),rhs_ta_wpup(:,:),rhs_ta_wpthlp(:,:),rhs_ta_wprtp(:,:),low_lev_effect(:,:),lhs_ta_wpup(:,:,:),lhs_ta_wpthlp(:,:,:),lhs_ta_wprtp(:,:,:),lhs_pr1_wpthlp(:,:),lhs_diff_zt(:,:,:),lhs_ma_zm(:,:,:),lhs_diff_zm(:,:,:),lhs_ac_pr2(:,:),vm_old(:,:),upwp_old(:,:),um_old(:,:),thlm_old(:,:),wprtp_old(:,:),rtm_old(:,:),vpwp_old(:,:),rhs_ta_wpvp(:,:),c7_skw_fnc(:,:),lhs_tp(:,:,:),high_lev_effect(:,:),c6thl_skw_fnc(:,:),c6rt_skw_fnc(:,:),c6_term(:,:),wpthlp_old(:,:))
   1161, Generating exit data delete(lhs_ta_wpsclrp(:,:,:,:),lhs_pr1_wpsclrp(:,:),wpsclrp_old(:,:,:),sclrm_old(:,:,:),rhs_ta_wpsclrp(:,:,:))
xm_wpxp_lhs:
   1327, Generating implicit firstprivate(ngrdcol)
         Generating NVIDIA GPU code
       1328, !$acc loop gang, vector(128) ! blockidx%x threadidx%x
   1327, Generating default present(lhs(:,:ngrdcol,:1))
   1338, Generating implicit firstprivate(ngrdcol)
         Generating NVIDIA GPU code
       1339, !$acc loop gang, vector(128) ! blockidx%x threadidx%x
   1338, Generating default present(lhs(:,:ngrdcol,2))
   1349, Generating implicit firstprivate(ngrdcol,nz)
         Generating NVIDIA GPU code
       1350, !$acc loop gang, vector(128) collapse(2) ! blockidx%x threadidx%x
       1351,   ! blockidx%x threadidx%x collapsed
   1349, Generating default present(lhs(:,:ngrdcol,:),lhs_ma_zm(:,:ngrdcol,2:nz),lhs_tp(:,:ngrdcol,2:nz),lhs_ta_xm(:,:ngrdcol,2:nz),lhs_diff_zm(:,:ngrdcol,2:nz),lhs_ac_pr2(:ngrdcol,2:nz),lhs_pr1(:ngrdcol,2:nz),lhs_ta_wpxp(:,:ngrdcol,2:nz))
   1351, Generating implicit firstprivate(k_xm,k_wpxp,invrs_dt)
   1389, Generating implicit firstprivate(ngrdcol)
         Generating NVIDIA GPU code
       1390, !$acc loop gang, vector(128) ! blockidx%x threadidx%x
   1389, Generating default present(lhs(:,:ngrdcol,nz*2))
   1390, Generating implicit firstprivate(nz)
   1401, Generating implicit firstprivate(nz,ngrdcol)
         Generating NVIDIA GPU code
       1402, !$acc loop gang, vector(128) collapse(2) ! blockidx%x threadidx%x
       1403,   ! blockidx%x threadidx%x collapsed
   1401, Generating default present(lhs(3,:ngrdcol,:))
   1403, Generating implicit firstprivate(k_wpxp,invrs_dt)
   1413, Generating implicit firstprivate(nz,ngrdcol)
         Generating NVIDIA GPU code
       1414, !$acc loop gang, vector(128) collapse(2) ! blockidx%x threadidx%x
       1415,   ! blockidx%x threadidx%x collapsed
   1413, Generating default present(lhs_diff_zt(:,:ngrdcol,2:nz),lhs(:,:ngrdcol,:))
   1415, Generating implicit firstprivate(k_xm)
   1427, Generating implicit firstprivate(nz,ngrdcol)
         Generating NVIDIA GPU code
       1428, !$acc loop gang, vector(128) collapse(2) ! blockidx%x threadidx%x
       1429,   ! blockidx%x threadidx%x collapsed
   1427, Generating default present(lhs_ma_zt(:,:ngrdcol,2:nz),lhs(:,:ngrdcol,:))
   1429, Generating implicit firstprivate(k_xm)
calc_xm_wpxp_lhs_terms:
   1587, Generating enter data create(kw6_zm(:,:),zeros_array(:),kh_n2_zm(:,:),k_zm(:,:),k_zt(:,:))
   1635, Generating implicit firstprivate(nz,ngrdcol)
         Generating NVIDIA GPU code
       1636, !$acc loop gang, vector(128) collapse(2) ! blockidx%x threadidx%x
       1637,   ! blockidx%x threadidx%x collapsed
   1635, Generating default present(kh_zm(:ngrdcol,:nz),kh_n2_zm(:ngrdcol,:nz))
   1644, Generating implicit firstprivate(nz,ngrdcol)
         Generating NVIDIA GPU code
       1645, !$acc loop gang, vector(128) collapse(2) ! blockidx%x threadidx%x
       1646,   ! blockidx%x threadidx%x collapsed
   1644, Generating default present(kh_n2_zm(:ngrdcol,:nz),kh_zm(:ngrdcol,:nz))
   1653, Generating implicit firstprivate(nz,ngrdcol)
         Generating NVIDIA GPU code
       1654, !$acc loop gang, vector(128) collapse(2) ! blockidx%x threadidx%x
       1655,   ! blockidx%x threadidx%x collapsed
   1653, Generating default present(kh_n2_zm(:ngrdcol,:nz),k_zm(:ngrdcol,:nz))
   1663, Generating implicit firstprivate(ngrdcol)
         Generating NVIDIA GPU code
       1664, !$acc loop gang, vector(128) ! blockidx%x threadidx%x
   1663, Generating default present(zeros_array(:ngrdcol))
   1683, Generating exit data delete(zeros_array(:),kw6_zm(:,:),kh_n2_zm(:,:),k_zm(:,:),k_zt(:,:))
xm_wpxp_rhs:
   1829, Generating enter data create(rhs_bp_pr3(:,:))
   1838, Generating implicit firstprivate(ngrdcol)
         Generating NVIDIA GPU code
       1839, !$acc loop gang, vector(128) ! blockidx%x threadidx%x
   1838, Generating default present(wpxp(:ngrdcol,:1),xm(:ngrdcol,:1),rhs(:ngrdcol,:2))
   1849, Generating implicit firstprivate(ngrdcol,nz)
         Generating NVIDIA GPU code
       1850, !$acc loop gang, vector(128) collapse(2) ! blockidx%x threadidx%x
       1851,   ! blockidx%x threadidx%x collapsed
   1849, Generating default present(rhs(:ngrdcol,:),wpxp(:ngrdcol,:nz),rhs_bp_pr3(:ngrdcol,2:nz-1),lhs_pr1(:ngrdcol,2:nz-1),rhs_ta(:ngrdcol,2:nz-1),lhs_ta_wpxp(:,:ngrdcol,2:nz-1),wpxp_forcing(:ngrdcol,2:nz-1),xm_forcing(:ngrdcol,2:nz-1),xm(:ngrdcol,2:nz-1))
   1851, Generating implicit firstprivate(k_xm,k_wpxp,invrs_dt)
   1874, Generating implicit firstprivate(ngrdcol)
         Generating NVIDIA GPU code
       1875, !$acc loop gang, vector(128) ! blockidx%x threadidx%x
   1874, Generating default present(xm_forcing(:ngrdcol,nz),xm(:ngrdcol,nz),rhs(:ngrdcol,nz*2-1:nz*2))
   1875, Generating implicit firstprivate(nz,invrs_dt)
   1886, Generating implicit firstprivate(nz,ngrdcol)
         Generating NVIDIA GPU code
       1887, !$acc loop gang, vector(128) collapse(2) ! blockidx%x threadidx%x
       1888,   ! blockidx%x threadidx%x collapsed
   1886, Generating default present(wpxp(:ngrdcol,2:nz-1),rhs(:ngrdcol,:))
   1888, Generating implicit firstprivate(k_wpxp,invrs_dt)
   1899, Generating update self(lhs_ta_wpxp(:,:,:),rhs(:,:),c7_skw_fnc(:,:),rhs_ta(:,:),xpthvp(:,:),xm_forcing(:,:),wpxp(:,:),xm(:,:),thv_ds_zm(:,:),wpxp_forcing(:,:),lhs_pr1(:,:))
   2028, Generating exit data delete(rhs_bp_pr3(:,:))
calc_xm_wpxp_ta_terms:
   2215, Generating enter data create(a1(:,:),sgn_t_vel_wprtp(:,:),coef_wp2thlp_implicit_zm(:,:),term_wp2thlp_explicit(:,:),coef_wp2thlp_implicit(:,:),term_wp2rtp_explicit_zm(:,:),coef_wp2rtp_implicit_zm(:,:),term_wp2rtp_explicit(:,:),coef_wp2rtp_implicit(:,:),sgn_t_vel_wpthlp(:,:),a1_zt(:,:),term_wp2thlp_explicit_zm(:,:))
   2221, Generating enter data create(term_wp2sclrp_explicit_zm(:,:),term_wp2sclrp_explicit(:,:),sgn_t_vel_wpsclrp(:,:))
   2244, Generating implicit firstprivate(ngrdcol,nz)
         Generating NVIDIA GPU code
       2245, !$acc loop gang, vector(128) collapse(3) ! blockidx%x threadidx%x
       2246,   ! blockidx%x threadidx%x collapsed
       2247,   ! blockidx%x threadidx%x collapsed
   2244, Generating default present(lhs_ta_wpthlp(:,:ngrdcol,:nz),lhs_ta_wprtp(:,:ngrdcol,:nz))
   2256, Generating implicit firstprivate(ngrdcol,nz,sclr_dim)
         Generating NVIDIA GPU code
       2257, !$acc loop gang, vector(128) collapse(4) ! blockidx%x threadidx%x
       2258,   ! blockidx%x threadidx%x collapsed
       2259,   ! blockidx%x threadidx%x collapsed
       2260,   ! blockidx%x threadidx%x collapsed
   2256, Generating default present(lhs_ta_wpsclrp(:,:ngrdcol,:nz,sclr_dim))
   2269, Generating implicit firstprivate(nz,ngrdcol)
         Generating NVIDIA GPU code
       2270, !$acc loop gang, vector(128) collapse(2) ! blockidx%x threadidx%x
       2271,   ! blockidx%x threadidx%x collapsed
   2269, Generating default present(term_wp2rtp_explicit(:ngrdcol,:nz),wp2thlp(:ngrdcol,:nz),wp2rtp(:ngrdcol,:nz),term_wp2thlp_explicit(:ngrdcol,:nz))
   2298, Generating implicit firstprivate(nz,ngrdcol)
         Generating NVIDIA GPU code
       2299, !$acc loop gang, vector(128) collapse(2) ! blockidx%x threadidx%x
       2300,   ! blockidx%x threadidx%x collapsed
   2298, Generating default present(wp2sclrp(:ngrdcol,:nz,sclr),term_wp2sclrp_explicit(:ngrdcol,:nz))
   2332, Generating implicit firstprivate(nz,ngrdcol)
         Generating NVIDIA GPU code
       2333, !$acc loop gang, vector(128) collapse(2) ! blockidx%x threadidx%x
       2334,   ! blockidx%x threadidx%x collapsed
   2332, Generating default present(sigma_sqd_w(:ngrdcol,:nz),a1(:ngrdcol,:nz))
   2344, Generating implicit firstprivate(nz,ngrdcol)
         Generating NVIDIA GPU code
       2345, !$acc loop gang, vector(128) collapse(2) ! blockidx%x threadidx%x
       2346,   ! blockidx%x threadidx%x collapsed
   2344, Generating default present(coef_wp2rtp_implicit(:ngrdcol,:nz),a1_zt(:ngrdcol,:nz),wp3_on_wp2_zt(:ngrdcol,:nz),coef_wp2thlp_implicit(:ngrdcol,:nz))
   2367, Generating implicit firstprivate(nz,ngrdcol)
         Generating NVIDIA GPU code
       2368, !$acc loop gang, vector(128) collapse(2) ! blockidx%x threadidx%x
       2369,   ! blockidx%x threadidx%x collapsed
   2367, Generating default present(coef_wp2rtp_implicit(:ngrdcol,:nz),a1_zt(:ngrdcol,:nz),wp3_on_wp2_zt(:ngrdcol,:nz),coef_wp2thlp_implicit(:ngrdcol,:nz))
   2385, Generating implicit firstprivate(nz,ngrdcol)
         Generating NVIDIA GPU code
       2386, !$acc loop gang, vector(128) collapse(3) ! blockidx%x threadidx%x
       2387,   ! blockidx%x threadidx%x collapsed
       2388,   ! blockidx%x threadidx%x collapsed
   2385, Generating default present(lhs_ta_wpthlp(:,:ngrdcol,:nz),lhs_ta_wprtp(:,:ngrdcol,:nz))
   2396, Generating implicit firstprivate(ngrdcol,sclr_dim,nz)
         Generating NVIDIA GPU code
       2397, !$acc loop gang, vector(128) collapse(4) ! blockidx%x threadidx%x
       2398,   ! blockidx%x threadidx%x collapsed
       2399,   ! blockidx%x threadidx%x collapsed
       2400,   ! blockidx%x threadidx%x collapsed
   2396, Generating default present(lhs_ta_wpsclrp(:,:ngrdcol,:nz,:sclr_dim),lhs_ta_wprtp(:,:ngrdcol,:nz))
   2410, Generating implicit firstprivate(nz,ngrdcol)
         Generating NVIDIA GPU code
       2411, !$acc loop gang, vector(128) collapse(2) ! blockidx%x threadidx%x
       2412,   ! blockidx%x threadidx%x collapsed
   2410, Generating default present(term_wp2thlp_explicit(:ngrdcol,:nz),term_wp2rtp_explicit(:ngrdcol,:nz))
   2422, Generating implicit firstprivate(nz,ngrdcol)
         Generating NVIDIA GPU code
       2423, !$acc loop gang, vector(128) collapse(2) ! blockidx%x threadidx%x
       2424,   ! blockidx%x threadidx%x collapsed
   2422, Generating default present(rhs_ta_wpthlp(:ngrdcol,:nz),rhs_ta_wprtp(:ngrdcol,:nz))
   2432, Generating implicit firstprivate(ngrdcol,sclr_dim,nz)
         Generating NVIDIA GPU code
       2433, !$acc loop gang, vector(128) collapse(3) ! blockidx%x threadidx%x
       2434,   ! blockidx%x threadidx%x collapsed
       2435,   ! blockidx%x threadidx%x collapsed
   2432, Generating default present(rhs_ta_wpsclrp(:ngrdcol,:nz,:sclr_dim))
   2447, Generating implicit firstprivate(nz,ngrdcol)
         Generating NVIDIA GPU code
       2448, !$acc loop gang, vector(128) collapse(3) ! blockidx%x threadidx%x
       2449,   ! blockidx%x threadidx%x collapsed
       2450,   ! blockidx%x threadidx%x collapsed
   2447, Generating default present(lhs_ta_wprtp(:,:ngrdcol,:nz),lhs_ta_wpvp(:,:ngrdcol,:nz),lhs_ta_wpup(:,:ngrdcol,:nz))
   2460, Generating implicit firstprivate(nz,ngrdcol)
         Generating NVIDIA GPU code
       2461, !$acc loop gang, vector(128) collapse(2) ! blockidx%x threadidx%x
       2462,   ! blockidx%x threadidx%x collapsed
   2460, Generating default present(rhs_ta_wpvp(:ngrdcol,:nz),rhs_ta_wpup(:ngrdcol,:nz))
   2594, Generating update self(term_wp2thlp_explicit(:,:),term_wp2rtp_explicit(:,:),coef_wp2rtp_implicit(:,:),coef_wp2thlp_implicit(:,:))
   2613, Generating exit data delete(a1(:,:),sgn_t_vel_wprtp(:,:),coef_wp2thlp_implicit_zm(:,:),term_wp2thlp_explicit(:,:),coef_wp2thlp_implicit(:,:),term_wp2rtp_explicit_zm(:,:),coef_wp2rtp_implicit_zm(:,:),term_wp2rtp_explicit(:,:),coef_wp2rtp_implicit(:,:),sgn_t_vel_wpthlp(:,:),a1_zt(:,:),term_wp2thlp_explicit_zm(:,:))
   2619, Generating exit data delete(term_wp2sclrp_explicit_zm(:,:),term_wp2sclrp_explicit(:,:),sgn_t_vel_wpsclrp(:,:))
solve_xm_wpxp_with_single_lhs:
   2940, Generating enter data create(ddzt_vm(:,:),ddzt_um(:,:),ddzt_um_pert(:,:),vpwp_forcing_pert(:,:),old_solution(:,:,:),lhs(:,:,:),rhs_save(:,:,:),rhs(:,:,:),rcond(:),vprtp(:,:),uprtp(:,:),vpthlp(:,:),upthlp(:,:),vpthvp(:,:),upthvp(:,:),vpwp_forcing(:,:),upwp_forcing(:,:),solution(:,:,:),vm_tndcy(:,:),um_tndcy(:,:),vprtp_pert(:,:),uprtp_pert(:,:),vpthlp_pert(:,:),upthlp_pert(:,:),vpthvp_pert(:,:),upthvp_pert(:,:),upwp_forcing_pert(:,:),tau_c6_zm(:,:),ddzt_vm_pert(:,:),zeros_vector(:,:))
   2947, Generating enter data create(wpsclrp_forcing(:,:,:))
   2951, Generating implicit firstprivate(ngrdcol,nz)
         Generating NVIDIA GPU code
       2952, !$acc loop gang, vector(128) collapse(2) ! blockidx%x threadidx%x
       2953,   ! blockidx%x threadidx%x collapsed
   2951, Generating default present(zeros_vector(:ngrdcol,:nz))
   3004, Generating implicit firstprivate(ngrdcol,nz)
         Generating NVIDIA GPU code
       3005, !$acc loop gang, vector(128) collapse(2) ! blockidx%x threadidx%x
       3006,   ! blockidx%x threadidx%x collapsed
   3004, Generating default present(wpsclrp_forcing(:ngrdcol,:nz,j))
   3006, Generating implicit firstprivate(j)
   3034, Generating implicit firstprivate(ngrdcol,nz)
         Generating NVIDIA GPU code
       3035, !$acc loop gang, vector(128) collapse(2) ! blockidx%x threadidx%x
       3036,   ! blockidx%x threadidx%x collapsed
   3034, Generating default present(vm_tndcy(:ngrdcol,:nz),vm_forcing(:ngrdcol,:nz),vm(:ngrdcol,:nz),ug(:ngrdcol,:nz),fcor(:ngrdcol),um_forcing(:ngrdcol,:nz),vg(:ngrdcol,:nz),um_tndcy(:ngrdcol,:nz),um(:ngrdcol,:nz))
   3045, Generating update self(ug(:,:),vg(:,:),fcor(:),um_forcing(:,:),vm_forcing(:,:),vm(:,:),um(:,:))
   3082, Generating implicit firstprivate(nz,ngrdcol)
         Generating NVIDIA GPU code
       3083, !$acc loop gang, vector(128) collapse(2) ! blockidx%x threadidx%x
       3084,   ! blockidx%x threadidx%x collapsed
   3082, Generating default present(vm_tndcy(:ngrdcol,:nz),um_tndcy(:ngrdcol,:nz))
   3097, Generating implicit firstprivate(nz,ngrdcol)
         Generating NVIDIA GPU code
       3098, !$acc loop gang, vector(128) collapse(2) ! blockidx%x threadidx%x
       3099,   ! blockidx%x threadidx%x collapsed
   3097, Generating default present(upwp_forcing(:ngrdcol,:nz),ddzt_um(:ngrdcol,:nz),ddzt_vm(:ngrdcol,:nz),wp2(:ngrdcol,:nz),vpwp_forcing(:ngrdcol,:nz),c_uu_shr(:ngrdcol))
   3111, Generating implicit firstprivate(nz,ngrdcol)
         Generating NVIDIA GPU code
       3112, !$acc loop gang, vector(128) collapse(2) ! blockidx%x threadidx%x
       3113,   ! blockidx%x threadidx%x collapsed
   3111, Generating default present(upwp_forcing_pert(:ngrdcol,:nz),ddzt_um_pert(:ngrdcol,:nz),ddzt_vm_pert(:ngrdcol,:nz),c_uu_shr(:ngrdcol),wp2(:ngrdcol,:nz),vpwp_forcing_pert(:ngrdcol,:nz))
   3124, Generating update self(ddzt_um(:,:),c_uu_shr(:),wp2(:,:),ddzt_vm(:,:))
   3135, Generating implicit firstprivate(nz,ngrdcol)
         Generating NVIDIA GPU code
       3136, !$acc loop gang, vector(128) collapse(2) ! blockidx%x threadidx%x
       3137,   ! blockidx%x threadidx%x collapsed
   3135, Generating default present(invrs_tau_c6_zm(:ngrdcol,:nz),tau_max_zm(:ngrdcol,:nz),tau_c6_zm(:ngrdcol,:nz))
   3186, Generating implicit firstprivate(ngrdcol,nz)
         Generating NVIDIA GPU code
       3187, !$acc loop gang, vector(128) collapse(2) ! blockidx%x threadidx%x
       3188,   ! blockidx%x threadidx%x collapsed
   3186, Generating default present(vpthvp(:ngrdcol,:nz),vpthlp(:ngrdcol,:nz),vprtp(:ngrdcol,:nz),vprcp(:ngrdcol,:nz),upthvp(:ngrdcol,:nz),upthlp(:ngrdcol,:nz),uprtp(:ngrdcol,:nz),rc_coef_zm(:ngrdcol,:nz),uprcp(:ngrdcol,:nz),thv_ds_zm(:ngrdcol,:nz))
   3200, Generating implicit firstprivate(nz,ngrdcol)
         Generating NVIDIA GPU code
       3201, !$acc loop gang, vector(128) collapse(2) ! blockidx%x threadidx%x
       3202,   ! blockidx%x threadidx%x collapsed
   3200, Generating default present(vpthvp_pert(:ngrdcol,:nz),vpthlp_pert(:ngrdcol,:nz),vprtp_pert(:ngrdcol,:nz),vprcp(:ngrdcol,:nz),upthvp_pert(:ngrdcol,:nz),upthlp_pert(:ngrdcol,:nz),uprtp_pert(:ngrdcol,:nz),uprcp(:ngrdcol,:nz),rc_coef_zm(:ngrdcol,:nz),thv_ds_zm(:ngrdcol,:nz))
   3217, Generating update self(vpthvp(:,:),vpthlp(:,:),upthlp(:,:),upthvp(:,:),vprtp(:,:),uprtp(:,:))
   3275, Generating implicit firstprivate(nz,nrhs,ngrdcol)
         Generating NVIDIA GPU code
       3276, !$acc loop gang, vector(128) collapse(3) ! blockidx%x threadidx%x
       3277,   ! blockidx%x threadidx%x collapsed
       3278,   ! blockidx%x threadidx%x collapsed
   3275, Generating default present(rhs_save(:ngrdcol,:nz*2,:nrhs),rhs(:ngrdcol,:nz*2,:nrhs))
   3288, Generating implicit firstprivate(nz,ngrdcol)
         Generating NVIDIA GPU code
       3289, !$acc loop gang, vector(128) collapse(2) ! blockidx%x threadidx%x
       3290,   ! blockidx%x threadidx%x collapsed
   3288, Generating default present(wpthlp(:ngrdcol,:nz),wprtp(:ngrdcol,:nz),rtm(:ngrdcol,:nz),thlm(:ngrdcol,:nz),old_solution(:ngrdcol,:nz*2,:2))
   3299, Generating implicit firstprivate(ngrdcol,sclr_dim,nz)
         Generating NVIDIA GPU code
       3300, !$acc loop gang, vector(128) collapse(3) ! blockidx%x threadidx%x
       3301,   ! blockidx%x threadidx%x collapsed
       3302,   ! blockidx%x threadidx%x collapsed
   3299, Generating default present(old_solution(:ngrdcol,:nz*2,3:sclr_dim+2),wpsclrp(:ngrdcol,:nz,:sclr_dim),sclrm(:ngrdcol,:nz,:sclr_dim))
   3311, Generating implicit firstprivate(nz,ngrdcol)
         Generating NVIDIA GPU code
       3312, !$acc loop gang, vector(128) collapse(2) ! blockidx%x threadidx%x
       3313,   ! blockidx%x threadidx%x collapsed
   3311, Generating default present(vpwp(:ngrdcol,:nz),vm(:ngrdcol,:nz),upwp(:ngrdcol,:nz),um(:ngrdcol,:nz),old_solution(:ngrdcol,:nz*2,sclr_dim+3:sclr_dim+4))
   3313, Generating implicit firstprivate(sclr_dim)
   3344, Generating update self(rhs_save(:,:,:),lhs(:,:,:),gr%zt(:,:),gr%zm(:,:))
   3644, Generating exit data delete(ddzt_vm(:,:),ddzt_um(:,:),ddzt_um_pert(:,:),vpwp_forcing_pert(:,:),old_solution(:,:,:),lhs(:,:,:),rhs_save(:,:,:),rhs(:,:,:),rcond(:),vprtp(:,:),uprtp(:,:),vpthlp(:,:),upthlp(:,:),vpthvp(:,:),upthvp(:,:),vpwp_forcing(:,:),upwp_forcing(:,:),solution(:,:,:),vm_tndcy(:,:),um_tndcy(:,:),vprtp_pert(:,:),uprtp_pert(:,:),vpthlp_pert(:,:),upthlp_pert(:,:),vpthvp_pert(:,:),upthvp_pert(:,:),upwp_forcing_pert(:,:),tau_c6_zm(:,:),ddzt_vm_pert(:,:),zeros_vector(:,:))
   3651, Generating exit data delete(wpsclrp_forcing(:,:,:))
xm_wpxp_clipping_and_stats:
   4553, Generating enter data create(xp2_relaxed(:,:),xm_pd(:,:),xm_old(:,:),wpxp_chnge(:,:),wpxp_pd(:,:))
   4649, Generating implicit firstprivate(ngrdcol,nz)
         Generating NVIDIA GPU code
       4650, !$acc loop gang, vector(128) collapse(2) ! blockidx%x threadidx%x
       4651,   ! blockidx%x threadidx%x collapsed
   4649, Generating default present(solution(:ngrdcol,:),xm_old(:ngrdcol,:nz),xm(:ngrdcol,:nz),wpxp(:ngrdcol,:nz))
   4651, Generating implicit firstprivate(k_wpxp,k_xm)
   4668, Generating update self(wm_zt(:,:),wpxp(:,:),xm(:,:),lhs_ma_zt(:,:,:),lhs_ta_wpxp(:,:,:),lhs_ta_xm(:,:,:),lhs_pr1(:,:),lhs_diff_zm(:,:,:),lhs_ma_zm(:,:,:),c7_skw_fnc(:,:),lhs_tp(:,:,:),rcond(:))
   4842, Generating update self(xm(:,:))
   4861, Generating update self(xm(:,:))
   4893, Generating implicit firstprivate(ngrdcol)
         Generating NVIDIA GPU code
       4894, !$acc loop gang, vector(128) ! blockidx%x threadidx%x
   4893, Generating default present(xm(:ngrdcol,:))
   4894, Generating implicit firstprivate(xm_tol)
   4895, Generating implicit firstprivate(xm_threshold)
   4904, Generating update self(xm(:,:))
   4929, Generating implicit firstprivate(nz,ngrdcol)
         Generating NVIDIA GPU code
       4930, !$acc loop gang, vector(128) collapse(2) ! blockidx%x threadidx%x
       4931,   ! blockidx%x threadidx%x collapsed
   4929, Generating default present(xp2_relaxed(:ngrdcol,:nz),xp2(:ngrdcol,:nz))
   4939, Generating implicit firstprivate(nz,ngrdcol)
         Generating NVIDIA GPU code
       4940, !$acc loop gang, vector(128) collapse(2) ! blockidx%x threadidx%x
       4941,   ! blockidx%x threadidx%x collapsed
   4939, Generating default present(xp2_relaxed(:ngrdcol,:nz),xp2(:ngrdcol,:nz))
   4949, Generating implicit firstprivate(nz,ngrdcol)
         Generating NVIDIA GPU code
       4950, !$acc loop gang, vector(128) collapse(2) ! blockidx%x threadidx%x
       4951,   ! blockidx%x threadidx%x collapsed
   4949, Generating default present(xp2_relaxed(:ngrdcol,:nz),xp2(:ngrdcol,:nz))
   4961, Generating implicit firstprivate(nz,ngrdcol)
         Generating NVIDIA GPU code
       4962, !$acc loop gang, vector(128) collapse(2) ! blockidx%x threadidx%x
       4963,   ! blockidx%x threadidx%x collapsed
   4961, Generating default present(xp2_relaxed(:ngrdcol,:nz),xp2(:ngrdcol,:nz))
   5039, Generating exit data delete(xp2_relaxed(:,:),xm_pd(:,:),xm_old(:,:),wpxp_chnge(:,:),wpxp_pd(:,:))
xm_term_ta_lhs:
   5130, Generating implicit firstprivate(ngrdcol)
         Generating NVIDIA GPU code
       5131, !$acc loop gang, vector(128) ! blockidx%x threadidx%x
   5130, Generating default present(lhs_ta_xm(:,:ngrdcol,:1))
   5138, Generating implicit firstprivate(nz,ngrdcol)
         Generating NVIDIA GPU code
       5139, !$acc loop gang, vector(128) collapse(2) ! blockidx%x threadidx%x
       5140,   ! blockidx%x threadidx%x collapsed
   5138, Generating default present(invrs_rho_ds_zt(:ngrdcol,2:nz),gr%invrs_dzt(1:ngrdcol,2:nz),gr,rho_ds_zm(:ngrdcol,:nz),lhs_ta_xm(:,:ngrdcol,2:nz))
wpxp_term_tp_lhs:
   5236, Generating implicit firstprivate(ngrdcol)
         Generating NVIDIA GPU code
       5237, !$acc loop gang, vector(128) ! blockidx%x threadidx%x
   5236, Generating default present(lhs_tp(:,:ngrdcol,:1))
   5244, Generating implicit firstprivate(nz,ngrdcol)
         Generating NVIDIA GPU code
       5245, !$acc loop gang, vector(128) collapse(2) ! blockidx%x threadidx%x
       5246,   ! blockidx%x threadidx%x collapsed
   5244, Generating default present(gr%invrs_dzm(1:ngrdcol,2:nz-1),wp2(:ngrdcol,2:nz-1),lhs_tp(:,:ngrdcol,2:nz-1),gr)
   5259, Generating implicit firstprivate(ngrdcol)
         Generating NVIDIA GPU code
       5260, !$acc loop gang, vector(128) ! blockidx%x threadidx%x
   5259, Generating default present(lhs_tp(:,:ngrdcol,nz))
   5260, Generating implicit firstprivate(nz)
wpxp_terms_ac_pr2_lhs:
   5351, Generating copyout(lhs_ac_pr2(:,:)) [if not already present]
         Generating copyin(wm_zt(:,:),c7_skw_fnc(:,:),invrs_dzm(:,:)) [if not already present]
   5355, Generating implicit firstprivate(ngrdcol)
         Generating NVIDIA GPU code
       5356, !$acc loop gang, vector(128) ! blockidx%x threadidx%x
   5362, Generating implicit firstprivate(nz,ngrdcol)
         Generating NVIDIA GPU code
       5363, !$acc loop gang, vector(128) collapse(2) ! blockidx%x threadidx%x
       5364,   ! blockidx%x threadidx%x collapsed
   5373, Generating implicit firstprivate(ngrdcol)
         Generating NVIDIA GPU code
       5374, !$acc loop gang, vector(128) ! blockidx%x threadidx%x
   5374, Generating implicit firstprivate(nz)
wpxp_term_pr1_lhs:
   5452, Generating implicit firstprivate(nz,ngrdcol)
         Generating NVIDIA GPU code
       5453, !$acc loop gang, vector(128) collapse(2) ! blockidx%x threadidx%x
       5454,   ! blockidx%x threadidx%x collapsed
   5452, Generating default present(lhs_pr1_wprtp(:ngrdcol,2:nz-1),lhs_pr1_wpthlp(:ngrdcol,2:nz-1),c6rt_skw_fnc(:ngrdcol,2:nz-1),invrs_tau_c6_zm(:ngrdcol,2:nz-1),c6thl_skw_fnc(:ngrdcol,2:nz-1))
   5466, Generating implicit firstprivate(ngrdcol)
         Generating NVIDIA GPU code
       5467, !$acc loop gang, vector(128) ! blockidx%x threadidx%x
   5466, Generating default present(lhs_pr1_wpthlp(:ngrdcol,:),lhs_pr1_wprtp(:ngrdcol,:))
   5467, Generating implicit firstprivate(nz)
   5486, Generating implicit firstprivate(ngrdcol,nz)
         Generating NVIDIA GPU code
       5487, !$acc loop gang, vector(128) collapse(2) ! blockidx%x threadidx%x
       5488,   ! blockidx%x threadidx%x collapsed
   5486, Generating default present(lhs_pr1_wpsclrp(:ngrdcol,2:nz-1),invrs_tau_c6_zm(:ngrdcol,2:nz-1),c7_skw_fnc(:ngrdcol,2:nz-1))
   5497, Generating implicit firstprivate(ngrdcol)
         Generating NVIDIA GPU code
       5498, !$acc loop gang, vector(128) ! blockidx%x threadidx%x
   5497, Generating default present(lhs_pr1_wpsclrp(:ngrdcol,:))
   5498, Generating implicit firstprivate(nz)
wpxp_terms_bp_pr3_rhs:
   5569, Generating copyout(rhs_bp_pr3(:,:)) [if not already present]
         Generating copyin(thv_ds_zm(:,:),xpthvp(:,:),c7_skw_fnc(:,:)) [if not already present]
   5573, Generating implicit firstprivate(ngrdcol)
         Generating NVIDIA GPU code
       5574, !$acc loop gang, vector(128) ! blockidx%x threadidx%x
   5579, Generating implicit firstprivate(nz,ngrdcol)
         Generating NVIDIA GPU code
       5580, !$acc loop gang, vector(128) collapse(2) ! blockidx%x threadidx%x
       5581,   ! blockidx%x threadidx%x collapsed
   5587, Generating implicit firstprivate(ngrdcol)
         Generating NVIDIA GPU code
       5588, !$acc loop gang, vector(128) ! blockidx%x threadidx%x
   5588, Generating implicit firstprivate(nz)
xm_correction_wpxp_cl:
   5772, Generating enter data create(l_any_clipping_needed,xm_tndcy_wpxp_cl(:,:),l_clipping_needed(:))
   5776, Generating implicit firstprivate(ngrdcol,nz)
         Generating NVIDIA GPU code
       5777, !$acc loop gang, vector(128) collapse(2) ! blockidx%x threadidx%x
       5778,   ! blockidx%x threadidx%x collapsed
   5776, Generating default present(l_clipping_needed(:ngrdcol),wpxp_chnge(:ngrdcol,:nz))
   5778, Generating implicit firstprivate(l_any_clipping_needed)
   5787, Generating update self(l_any_clipping_needed)
   5805, Generating implicit firstprivate(nz,ngrdcol)
         Generating NVIDIA GPU code
       5806, !$acc loop gang, vector(128) collapse(2) ! blockidx%x threadidx%x
       5807,   ! blockidx%x threadidx%x collapsed
   5805, Generating default present(l_clipping_needed(:ngrdcol),xm_tndcy_wpxp_cl(:ngrdcol,2:nz),xm(:ngrdcol,2:nz),wpxp_chnge(:ngrdcol,:nz),invrs_dzt(:ngrdcol,2:nz))
   5807, Generating implicit firstprivate(dt)
   5818, Generating update self(xm_tndcy_wpxp_cl(:,:))
   5828, Generating exit data delete(l_any_clipping_needed,xm_tndcy_wpxp_cl(:,:),l_clipping_needed(:))
damp_coefficient:
   5876, Generating implicit firstprivate(nz,ngrdcol)
         Generating NVIDIA GPU code
       5877, !$acc loop gang, vector(128) collapse(2) ! blockidx%x threadidx%x
       5878,   ! blockidx%x threadidx%x collapsed
   5876, Generating default present(coefficient(:ngrdcol),damped_value(:ngrdcol,:nz),gr,gr%zm(1:ngrdcol,1:nz),threshold(:ngrdcol),max_coeff_value(:ngrdcol),lscale_zm(:ngrdcol,:nz),altitude_threshold(:ngrdcol),cx_skw_fnc(:ngrdcol,:nz))
diagnose_upxp:
   5952, Generating enter data create(ddzt_xm(:,:),ddzt_ym(:,:))
   5957, Generating implicit firstprivate(nz,ngrdcol)
         Generating NVIDIA GPU code
       5958, !$acc loop gang, vector(128) collapse(2) ! blockidx%x threadidx%x
       5959,   ! blockidx%x threadidx%x collapsed
   5957, Generating default present(ypxp(:ngrdcol,2:nz-1),ypwp(:ngrdcol,2:nz-1),ddzt_ym(:ngrdcol,2:nz-1),c6x_skw_fnc(:ngrdcol,2:nz-1),tau_c6_zm(:ngrdcol,2:nz-1),ddzt_xm(:ngrdcol,2:nz-1),wpxp(:ngrdcol,2:nz-1),c7_skw_fnc(:ngrdcol,2:nz-1))
   5969, Generating implicit firstprivate(ngrdcol)
         Generating NVIDIA GPU code
       5970, !$acc loop gang, vector(128) ! blockidx%x threadidx%x
   5969, Generating default present(ypxp(:ngrdcol,:))
   5970, Generating implicit firstprivate(nz)
   5976, Generating exit data delete(ddzt_ym(:,:),ddzt_xm(:,:))
nvfortran -DNETCDF -DCLUBB_REAL_TYPE=8 -DCLUBB_GPU -DCUDA -DCOAMPS_MICRO -DNR_SP -DSILHS -Dradoffline -Dnooverlap -DCLUBB -I/glade/u/apps/derecho/24.12/spack/opt/spack/netcdf/4.9.2/nvhpc/24.11/vwh4/include -Mcache_align -O2  -I/glade/u/apps/derecho/24.12/spack/opt/spack/netcdf/4.9.2/nvhpc/24.11/vwh4/include -Mbackslash -Mstandard -Kieee -acc -Minfo=accel  -c	/glade/u/home/ilinck/clubb_release/compile/../src/CLUBB_core/stats_clubb_utilities.F90
nvfortran -DNETCDF -DCLUBB_REAL_TYPE=8 -DCLUBB_GPU -DCUDA -DCOAMPS_MICRO -DNR_SP -DSILHS -Dradoffline -Dnooverlap -DCLUBB -I/glade/u/apps/derecho/24.12/spack/opt/spack/netcdf/4.9.2/nvhpc/24.11/vwh4/include -Mcache_align -O2  -I/glade/u/apps/derecho/24.12/spack/opt/spack/netcdf/4.9.2/nvhpc/24.11/vwh4/include -Mbackslash -Mstandard -Kieee -acc -Minfo=accel  -c	/glade/u/home/ilinck/clubb_release/compile/../src/CLUBB_core/advance_clubb_core_module.F90
advance_clubb_core:
    839, Generating enter data create(lhs_splat_wp2(:,:),kmh_zm(:,:),mixt_frac_zm(:,:),tau_max_zm(:,:),stability_correction(:,:),lscale_down(:,:),rcp2_zt(:,:),brunt_vaisala_freq_sqd_splat(:,:),brunt_vaisala_freq_sqd_moist(:,:),brunt_vaisala_freq_sqd_mixed(:,:),brunt_vaisala_freq_sqd(:,:),brunt_vaisala_freq_sqd_dry(:,:),a3_coef_zt(:,:),cloud_frac_zm(:,:),invrs_tau_wp3_zm(:,:),invrs_tau_xp2_zm(:,:),invrs_tau_no_n2_zm(:,:),invrs_tau_sfc(:,:),ice_supersat_frac_zm(:,:),invrs_tau_n2_zm(:,:),invrs_tau_wp2_zm(:,:),invrs_tau_wp3_zt(:,:),invrs_tau_shear(:,:),invrs_tau_bkgnd(:,:),invrs_tau_c1_zm(:,:),invrs_tau_c6_zm(:,:),invrs_tau_wpxp_zm(:,:),invrs_tau_c14_zm(:,:),invrs_tau_c4_zm(:,:),invrs_tau_n2_iso(:,:),sqrt_em_zt(:,:),rc_coef(:,:),thlm1000(:),tau_zt(:,:),rcm_supersat_adj(:,:),thlm700(:),ri_zm(:,:),gamma_skw_fnc(:,:),brunt_vaisala_freq_sqd_zt(:,:),rcp2(:,:),lscale_zm(:,:),varnce_w_1_zm(:,:),upwp_zt(:,:),w_1_zm(:,:),vpwp_zt(:,:),wpthlp_zt(:,:),skw_zt(:,:),sigma_sqd_w_tmp(:,:),sigma_sqd_w(:,:),rtpthlp_zt(:,:),em(:,:),km_zm(:,:),invrs_tau_zt(:,:),mu(:),wp3_on_wp2(:,:),wp2rcp(:,:),a3_coef(:,:),sigma_sqd_w_zt(:,:),vp2_zt(:,:),up2_zt(:,:),varnce_w_2_zm(:,:),thvm_zm(:,:),rtprcp(:,:),rtm_zm(:,:),wprtp2(:,:),wpthlp2(:,:),thlm_zm(:,:),w_2_zm(:,:),tau_zm(:,:),tau_max_zt(:,:),ddzm_thvm_zm(:,:),lscale(:,:),lscale_up(:,:),lscale_max(:),lhs_splat_wp3(:,:),wp3_on_wp2_zt(:,:),wp2_zt(:,:),wprtp_zt(:,:),wp3_zm(:,:),wprtpthlp(:,:),rcm_zm(:,:),rtp2_zt(:,:),cx_fnc_richardson(:,:),thvm(:,:),thlp2_zt(:,:),skw_zm(:,:),skw_velocity(:,:),xp3_coef_fnc(:,:))
    860, Generating enter data create(wpsclrp2(:,:,:),wpsclrprtp(:,:,:),wpsclrp_zt(:,:),wp2sclrp(:,:,:),sclrprcp(:,:,:),sclrp2_zt(:,:),wpsclrpthlp(:,:,:))
    864, Generating enter data create(wpedsclrp(:,:,:))
    881, Generating update self(rtm(:,:),rho_ds_zt(:,:),gr%dzt(:,:),thlm(:,:),wm_zm(:,:),wm_zt(:,:))
    908, Generating update self(rtp2(:,:),thlm_forcing(:,:),rtm_forcing(:,:),wp2(:,:),wm_zt(:,:),wprtp_sfc(:),rtpthlp(:,:),wp3(:,:),rho_zm(:,:),vm_forcing(:,:),um_forcing(:,:),vp2(:,:),upwp_sfc(:),up2(:,:),thv_ds_zt(:,:),vpwp(:,:),upwp(:,:),wprtp(:,:),wpthlp(:,:),thv_ds_zm(:,:),thlp2(:,:),invrs_rho_ds_zm(:,:),exner(:,:),rho_ds_zm(:,:),rho(:,:),p_in_pa(:,:),rho_ds_zt(:,:),invrs_rho_ds_zt(:,:),wm_zm(:,:),vpwp_sfc(:),vm(:,:),um(:,:),rtm(:,:),thlm(:,:),wpthlp_sfc(:))
    915, Generating update self(sclrm(:,:,:),sclrprtp(:,:,:),sclrp2(:,:,:),sclrm_forcing(:,:,:),wpedsclrp_sfc(:,:),sclrpthlp(:,:,:),wpsclrp(:,:,:),wpsclrp_sfc(:,:))
    919, Generating update self(edsclrm_forcing(:,:,:),edsclrm(:,:,:))
    950, Generating update self(wp2(:,:),upwp(:,:),thlp2(:,:),rtpthlp(:,:),rfrzm(:,:),rtp2(:,:),thlm(:,:),rtm(:,:),vp2(:,:),up2(:,:),wpthlp(:,:),wprtp(:,:),wp3(:,:),um(:,:),vm(:,:),vpwp(:,:))
   1011, Generating implicit firstprivate(ngrdcol)
         Generating NVIDIA GPU code
       1012, !$acc loop gang, vector(128) ! blockidx%x threadidx%x
   1011, Generating default present(wpthlp(:ngrdcol,:1),wpthlp_sfc(:ngrdcol),wprtp_sfc(:ngrdcol),wprtp(:ngrdcol,:1),vpwp_sfc(:ngrdcol),upwp(:ngrdcol,:1),vpwp(:ngrdcol,:1),upwp_sfc(:ngrdcol))
   1021, Generating implicit firstprivate(ngrdcol)
         Generating NVIDIA GPU code
       1022, !$acc loop gang, vector(128) ! blockidx%x threadidx%x
   1021, Generating default present(upwp_pert(:ngrdcol,:1),vpwp_sfc_pert(:ngrdcol),vpwp_pert(:ngrdcol,:1),upwp_sfc_pert(:ngrdcol))
   1031, Generating implicit firstprivate(sclr_dim,ngrdcol)
         Generating NVIDIA GPU code
       1032, !$acc loop gang, vector(128) collapse(2) ! blockidx%x threadidx%x
       1033,   ! blockidx%x threadidx%x collapsed
   1031, Generating default present(wpsclrp(:ngrdcol,:1,:sclr_dim),wpsclrp_sfc(:ngrdcol,:sclr_dim))
   1041, Generating implicit firstprivate(edsclr_dim,ngrdcol)
         Generating NVIDIA GPU code
       1042, !$acc loop gang, vector(128) collapse(2) ! blockidx%x threadidx%x
       1043,   ! blockidx%x threadidx%x collapsed
   1041, Generating default present(wpedsclrp(:ngrdcol,:1,:edsclr_dim),wpedsclrp_sfc(:ngrdcol,:edsclr_dim))
   1052, Generating implicit firstprivate(ngrdcol)
         Generating NVIDIA GPU code
       1053, !$acc loop gang, vector(128) ! blockidx%x threadidx%x
   1052, Generating default present(wpthlp(:ngrdcol,:1),wprtp(:ngrdcol,:1),vpwp(:ngrdcol,:1),upwp(:ngrdcol,:1))
   1063, Generating implicit firstprivate(ngrdcol,edsclr_dim)
         Generating NVIDIA GPU code
       1064, !$acc loop gang, vector(128) collapse(2) ! blockidx%x threadidx%x
       1065,   ! blockidx%x threadidx%x collapsed
   1063, Generating default present(wpsclrp(:ngrdcol,:1,:edsclr_dim))
   1073, Generating implicit firstprivate(ngrdcol,edsclr_dim)
         Generating NVIDIA GPU code
       1074, !$acc loop gang, vector(128) collapse(2) ! blockidx%x threadidx%x
       1075,   ! blockidx%x threadidx%x collapsed
   1073, Generating default present(wpedsclrp(:ngrdcol,:1,:edsclr_dim))
   1091, Generating implicit firstprivate(ngrdcol)
         Generating NVIDIA GPU code
       1092, !$acc loop gang, vector(128) ! blockidx%x threadidx%x
   1091, Generating default present(mu(:ngrdcol),clubb_params(:ngrdcol,60))
   1199, Generating implicit firstprivate(nz,ngrdcol)
         Generating NVIDIA GPU code
       1200, !$acc loop gang, vector(128) collapse(2) ! blockidx%x threadidx%x
       1201,   ! blockidx%x threadidx%x collapsed
   1199, Generating default present(skw_zm(:ngrdcol,:nz),gamma_skw_fnc(:ngrdcol,:nz),clubb_params(:ngrdcol,57:59))
   1201, Generating implicit firstprivate(gamma_coef,gamma_coefc,gamma_coefb)
   1254, Generating implicit firstprivate(nz,ngrdcol)
         Generating NVIDIA GPU code
       1255, !$acc loop gang, vector(128) collapse(2) ! blockidx%x threadidx%x
       1256,   ! blockidx%x threadidx%x collapsed
   1254, Generating default present(sigma_sqd_w(:ngrdcol,:nz),a3_coef(:ngrdcol,:nz))
   1265, Generating implicit firstprivate(nz,ngrdcol)
         Generating NVIDIA GPU code
       1266, !$acc loop gang, vector(128) collapse(2) ! blockidx%x threadidx%x
       1267,   ! blockidx%x threadidx%x collapsed
   1265, Generating default present(clubb_params(:ngrdcol,98),a3_coef(:ngrdcol,:nz))
   1282, Generating implicit firstprivate(nz,ngrdcol)
         Generating NVIDIA GPU code
       1283, !$acc loop gang, vector(128) collapse(2) ! blockidx%x threadidx%x
       1284,   ! blockidx%x threadidx%x collapsed
   1282, Generating default present(wp3_on_wp2_zt(:ngrdcol,:nz),wp3(:ngrdcol,:nz),wp2_zt(:ngrdcol,:nz))
   1291, Generating implicit firstprivate(ngrdcol,nz)
         Generating NVIDIA GPU code
       1292, !$acc loop gang, vector(128) collapse(2) ! blockidx%x threadidx%x
       1293,   ! blockidx%x threadidx%x collapsed
   1291, Generating default present(wp3_on_wp2_zt(:ngrdcol,:nz))
   1321, Generating implicit firstprivate(nz,ngrdcol)
         Generating NVIDIA GPU code
       1322, !$acc loop gang, vector(128) collapse(2) ! blockidx%x threadidx%x
       1323,   ! blockidx%x threadidx%x collapsed
   1321, Generating default present(wp2(:ngrdcol,:nz),em(:ngrdcol,:nz))
   1329, Generating implicit firstprivate(ngrdcol,nz)
         Generating NVIDIA GPU code
       1330, !$acc loop gang, vector(128) collapse(2) ! blockidx%x threadidx%x
       1331,   ! blockidx%x threadidx%x collapsed
   1329, Generating default present(up2(:ngrdcol,:nz),wp2(:ngrdcol,:nz),vp2(:ngrdcol,:nz),em(:ngrdcol,:nz))
   1340, Generating implicit firstprivate(nz,ngrdcol)
         Generating NVIDIA GPU code
       1341, !$acc loop gang, vector(128) collapse(2) ! blockidx%x threadidx%x
       1342,   ! blockidx%x threadidx%x collapsed
   1340, Generating default present(sqrt_em_zt(:ngrdcol,:nz))
   1376, Generating implicit firstprivate(nz,ngrdcol)
         Generating NVIDIA GPU code
       1377, !$acc loop gang, vector(128) collapse(2) ! blockidx%x threadidx%x
       1378,   ! blockidx%x threadidx%x collapsed
   1376, Generating default present(sqrt_em_zt(:ngrdcol,:nz),tau_zt(:ngrdcol,:nz),lscale(:ngrdcol,:nz),clubb_params(:ngrdcol,69))
   1386, Generating implicit firstprivate(ngrdcol,nz)
         Generating NVIDIA GPU code
       1387, !$acc loop gang, vector(128) collapse(2) ! blockidx%x threadidx%x
       1388,   ! blockidx%x threadidx%x collapsed
   1386, Generating default present(clubb_params(:ngrdcol,69),tau_zm(:ngrdcol,:nz),em(:ngrdcol,:nz))
   1395, Generating implicit firstprivate(nz,ngrdcol)
         Generating NVIDIA GPU code
       1396, !$acc loop gang, vector(128) collapse(2) ! blockidx%x threadidx%x
       1397,   ! blockidx%x threadidx%x collapsed
   1395, Generating default present(invrs_tau_zt(:ngrdcol,:nz),tau_max_zm(:ngrdcol,:nz),ri_zm(:ngrdcol,:nz),invrs_tau_wp2_zm(:ngrdcol,:nz),invrs_tau_wp3_zm(:ngrdcol,:nz),invrs_tau_wp3_zt(:ngrdcol,:nz),invrs_tau_wpxp_zm(:ngrdcol,:nz),clubb_params(:ngrdcol,69),invrs_tau_zm(:ngrdcol,:nz),tau_zt(:ngrdcol,:nz),tau_zm(:ngrdcol,:nz),invrs_tau_xp2_zm(:ngrdcol,:nz),tau_max_zt(:ngrdcol,:nz))
   1481, Generating implicit firstprivate(nz,ngrdcol)
         Generating NVIDIA GPU code
       1482, !$acc loop gang, vector(128) collapse(2) ! blockidx%x threadidx%x
       1483,   ! blockidx%x threadidx%x collapsed
   1481, Generating default present(clubb_params(:ngrdcol,37),kh_zt(:ngrdcol,:nz),sqrt_em_zt(:ngrdcol,:nz),lscale(:ngrdcol,:nz))
   1491, Generating implicit firstprivate(nz,ngrdcol)
         Generating NVIDIA GPU code
       1492, !$acc loop gang, vector(128) collapse(2) ! blockidx%x threadidx%x
       1493,   ! blockidx%x threadidx%x collapsed
   1491, Generating default present(em(:ngrdcol,:nz),lscale_zm(:ngrdcol,:nz),kh_zm(:ngrdcol,:nz),clubb_params(:ngrdcol,37))
   1554, Generating update self(exner(:,:),thlm(:,:),rtm(:,:),p_in_pa(:,:),rcm(:,:))
   1585, Generating implicit firstprivate(nz,ngrdcol)
         Generating NVIDIA GPU code
       1586, !$acc loop gang, vector(128) collapse(2) ! blockidx%x threadidx%x
       1587,   ! blockidx%x threadidx%x collapsed
   1585, Generating default present(mixt_frac_zm(:ngrdcol,:nz),pdf_params_zm,varnce_w_1_zm(:ngrdcol,:nz),pdf_params_zm%varnce_w_1(1:ngrdcol,1:nz),pdf_params_zm%w_2(1:ngrdcol,1:nz),pdf_params_zm%mixt_frac(1:ngrdcol,1:nz),w_2_zm(:ngrdcol,:nz),w_1_zm(:ngrdcol,:nz),pdf_params_zm%w_1(1:ngrdcol,1:nz),varnce_w_2_zm(:ngrdcol,:nz),pdf_params_zm%varnce_w_2(1:ngrdcol,1:nz))
   1622, Generating update self(stability_correction(:,:))
   1632, Generating implicit firstprivate(nz,ngrdcol)
         Generating NVIDIA GPU code
       1633, !$acc loop gang, vector(128) collapse(2) ! blockidx%x threadidx%x
       1634,   ! blockidx%x threadidx%x collapsed
   1632, Generating default present(invrs_tau_c1_zm(:ngrdcol,:nz),invrs_tau_c6_zm(:ngrdcol,:nz),stability_correction(:ngrdcol,:nz),invrs_tau_zm(:ngrdcol,:nz),invrs_tau_n2_zm(:ngrdcol,:nz))
   1642, Generating implicit firstprivate(nz,ngrdcol)
         Generating NVIDIA GPU code
       1643, !$acc loop gang, vector(128) collapse(2) ! blockidx%x threadidx%x
       1644,   ! blockidx%x threadidx%x collapsed
   1642, Generating default present(invrs_tau_c6_zm(:ngrdcol,:nz),invrs_tau_c1_zm(:ngrdcol,:nz),invrs_tau_wpxp_zm(:ngrdcol,:nz),invrs_tau_wp2_zm(:ngrdcol,:nz))
   1654, Generating implicit firstprivate(nz,ngrdcol)
         Generating NVIDIA GPU code
       1655, !$acc loop gang, vector(128) collapse(2) ! blockidx%x threadidx%x
       1656,   ! blockidx%x threadidx%x collapsed
   1654, Generating default present(invrs_tau_wp2_zm(:ngrdcol,:nz),invrs_tau_c14_zm(:ngrdcol,:nz))
   1672, Generating implicit firstprivate(nz,ngrdcol)
         Generating NVIDIA GPU code
       1673, !$acc loop gang, vector(128) collapse(2) ! blockidx%x threadidx%x
       1674,   ! blockidx%x threadidx%x collapsed
   1672, Generating default present(invrs_tau_c4_zm(:ngrdcol,:nz),invrs_tau_wp2_zm(:ngrdcol,:nz))
   1691, Generating update self(brunt_vaisala_freq_sqd(:,:),brunt_vaisala_freq_sqd_mixed(:,:),brunt_vaisala_freq_sqd_dry(:,:),brunt_vaisala_freq_sqd_moist(:,:),invrs_tau_sfc(:,:),invrs_tau_no_n2_zm(:,:),brunt_vaisala_freq_sqd_splat(:,:),invrs_tau_bkgnd(:,:),invrs_tau_wp2_zm(:,:),ri_zm(:,:),invrs_tau_zm(:,:),invrs_tau_wp3_zm(:,:),invrs_tau_shear(:,:),invrs_tau_wpxp_zm(:,:),invrs_tau_xp2_zm(:,:))
   1754, Generating implicit firstprivate(ngrdcol,nz)
         Generating NVIDIA GPU code
       1755, !$acc loop gang, vector(128) collapse(2) ! blockidx%x threadidx%x
       1756,   ! blockidx%x threadidx%x collapsed
   1754, Generating default present(cx_fnc_richardson(:ngrdcol,:nz))
   2079, Generating implicit firstprivate(nz,ngrdcol)
         Generating NVIDIA GPU code
       2080, !$acc loop gang, vector(128) collapse(2) ! blockidx%x threadidx%x
       2081,   ! blockidx%x threadidx%x collapsed
   2079, Generating default present(kmh_zm(:ngrdcol,:nz),km_zm(:ngrdcol,:nz),kh_zm(:ngrdcol,:nz),clubb_params(:ngrdcol,74:75))
   2090, Generating implicit firstprivate(nz,ngrdcol)
         Generating NVIDIA GPU code
       2091, !$acc loop gang, vector(128) collapse(2) ! blockidx%x threadidx%x
       2092,   ! blockidx%x threadidx%x collapsed
   2090, Generating default present(edsclrm(:ngrdcol,:nz,edsclr_dim-1:edsclr_dim),thlm(:ngrdcol,:nz),rtm(:ngrdcol,:nz))
   2092, Generating implicit firstprivate(edsclr_dim)
   2132, Generating implicit firstprivate(nz,ngrdcol)
         Generating NVIDIA GPU code
       2133, !$acc loop gang, vector(128) collapse(2) ! blockidx%x threadidx%x
       2134,   ! blockidx%x threadidx%x collapsed
   2132, Generating default present(rtm(:ngrdcol,:nz),edsclrm(:ngrdcol,:nz,edsclr_dim-1:edsclr_dim),thlm700(:ngrdcol),thlm1000(:ngrdcol),thlm(:ngrdcol,:nz))
   2134, Generating implicit firstprivate(edsclr_dim)
   2447, Generating update self(cloud_frac_zm(:,:),cloudy_downdraft_frac(:,:),vpwp_zt(:,:),w_down_in_cloud(:,:),sigma_sqd_w_zt(:,:),wp3_on_wp2(:,:),wp3_on_wp2_zt(:,:),a3_coef(:,:),cloudy_updraft_frac(:,:),rcm_zm(:,:),rtp3(:,:),thlp3(:,:),ice_supersat_frac_zm(:,:),skw_velocity(:,:),wp3_zm(:,:),wp2up2(:,:),wp2thvp(:,:),wpup2(:,:),wpthvp(:,:),wprtp2(:,:),wpthlp2(:,:),sigma_sqd_w(:,:),wprtp_zt(:,:),wp2_zt(:,:),kh_zm(:,:),tau_zm(:,:),lscale(:,:),lscale_down(:,:),wp2rcp(:,:),wp2rtp(:,:),kh_zt(:,:),upwp_zt(:,:),thvm(:,:),thv_ds_zt(:,:),rtpthvp(:,:),rcm_in_layer(:,:),a3_coef_zt(:,:),rcm(:,:),ice_supersat_frac(:,:),cloud_frac(:,:),exner(:,:),cloud_cover(:,:),rcm_supersat_adj(:,:),pdf_params_zm%w_2(:,:),rc_coef(:,:),wp4(:,:),rc_coef_zm(:,:),w_up_in_cloud(:,:),wm_zm(:,:),thv_ds_zm(:,:),thlpthvp(:,:),rho_ds_zm(:,:),rho(:,:),rho_ds_zt(:,:),rcp2(:,:),em(:,:),lscale_up(:,:),thlprcp(:,:),rtpthlp_zt(:,:),wp2thlp(:,:),wpthlp_zt(:,:),rtpthlp(:,:),rtprcp(:,:),thlp2_zt(:,:),thlp2(:,:),thlm_zm(:,:),rtp2_zt(:,:),rtp2(:,:),rtm_zm(:,:),wp3(:,:),wp2vp2(:,:),wp2(:,:),wm_zt(:,:),wpthlp(:,:),wprtpthlp(:,:),wprtp(:,:),wprcp(:,:),rtm(:,:),rho_zm(:,:),thlm(:,:),tau_zt(:,:),vp2(:,:),up2(:,:),vpwp(:,:),vp2_zt(:,:),upwp(:,:),up2_zt(:,:),vm(:,:),vg(:,:),um(:,:),ug(:,:),pdf_params_zm%ice_supersat_frac_1(:,:),pdf_params_zm%cthl_2(:,:),pdf_params_zm%ice_supersat_frac_2(:,:),pdf_params_zm%cloud_frac_1(:,:),pdf_params_zm%chi_2(:,:),pdf_params_zm%rc_1(:,:),pdf_params_zm%mixt_frac(:,:),pdf_params_zm%rsatl_1(:,:),pdf_params_zm%rc_2(:,:),pdf_params_zm%corr_chi_eta_1(:,:),pdf_params_zm%cloud_frac_2(:,:),pdf_params_zm%corr_w_eta_1(:,:),pdf_params_zm%corr_w_chi_2(:,:),pdf_params_zm%corr_w_chi_1(:,:),pdf_params_zm%corr_rt_thl_2(:,:),pdf_params_zm%covar_chi_eta_1(:,:),pdf_params_zm%corr_w_thl_2(:,:),pdf_params_zm%stdev_eta_1(:,:),pdf_params_zm%stdev_chi_2(:,:),pdf_params_zm%stdev_chi_1(:,:),pdf_params_zm%rt_2(:,:),pdf_params_zm%chi_1(:,:),pdf_params_zm%alpha_thl(:,:),pdf_params_zm%cthl_1(:,:),pdf_params_zm%crt_2(:,:),pdf_params_zm%crt_1(:,:),pdf_params_zm%covar_chi_eta_2(:,:),pdf_params%w_2(:,:),pdf_params_zm%alpha_rt(:,:),pdf_params_zm%corr_rt_thl_1(:,:),pdf_params_zm%corr_chi_eta_2(:,:),pdf_params_zm%corr_w_thl_1(:,:),pdf_params_zm%corr_w_rt_2(:,:),pdf_params_zm%corr_w_rt_1(:,:),pdf_params_zm%corr_w_eta_2(:,:),pdf_params_zm%varnce_thl_1(:,:),pdf_params_zm%varnce_rt_2(:,:),pdf_params_zm%thl_1(:,:),pdf_params_zm%stdev_eta_2(:,:),pdf_params_zm%varnce_rt_1(:,:),pdf_params_zm%thl_2(:,:),pdf_params_zm%rt_1(:,:),pdf_params_zm%rsatl_2(:,:),pdf_params_zm%varnce_w_1(:,:),pdf_params_zm%varnce_thl_2(:,:),pdf_params_zm%w_1(:,:),pdf_params_zm%varnce_w_2(:,:),pdf_params%ice_supersat_frac_1(:,:),pdf_params%cthl_2(:,:),pdf_params%ice_supersat_frac_2(:,:),pdf_params%cloud_frac_1(:,:),pdf_params%chi_2(:,:),pdf_params%rc_1(:,:),pdf_params%mixt_frac(:,:),pdf_params%rsatl_1(:,:),pdf_params%rc_2(:,:),pdf_params%corr_chi_eta_1(:,:),pdf_params%cloud_frac_2(:,:),pdf_params%corr_w_eta_1(:,:),pdf_params%corr_w_chi_2(:,:),pdf_params%corr_w_chi_1(:,:),pdf_params%corr_rt_thl_2(:,:),pdf_params%covar_chi_eta_1(:,:),pdf_params%corr_w_thl_2(:,:),pdf_params%stdev_eta_1(:,:),pdf_params%stdev_chi_2(:,:),pdf_params%stdev_chi_1(:,:),pdf_params%rt_2(:,:),pdf_params%chi_1(:,:),pdf_params%alpha_thl(:,:),pdf_params%cthl_1(:,:),pdf_params%crt_2(:,:),pdf_params%crt_1(:,:),pdf_params%covar_chi_eta_2(:,:),p_in_pa(:,:),pdf_params%alpha_rt(:,:),pdf_params%corr_rt_thl_1(:,:),pdf_params%corr_chi_eta_2(:,:),pdf_params%corr_w_thl_1(:,:),pdf_params%corr_w_rt_2(:,:),pdf_params%corr_w_rt_1(:,:),pdf_params%corr_w_eta_2(:,:),pdf_params%varnce_thl_1(:,:),pdf_params%varnce_rt_2(:,:),pdf_params%thl_1(:,:),pdf_params%stdev_eta_2(:,:),pdf_params%varnce_rt_1(:,:),pdf_params%thl_2(:,:),pdf_params%rt_1(:,:),pdf_params%rsatl_2(:,:),pdf_params%varnce_w_1(:,:),pdf_params%varnce_thl_2(:,:),pdf_params%w_1(:,:),pdf_params%varnce_w_2(:,:),wpvp2(:,:))
   2517, Generating update self(wp2sclrp(:,:,:),wpsclrprtp(:,:,:),wpsclrp2(:,:,:),wpsclrp(:,:,:),sclrpthvp(:,:,:),sclrp2(:,:,:),wpedsclrp(:,:,:),sclrpthlp(:,:,:),sclrm(:,:,:),sclrprtp(:,:,:),sclrprcp(:,:,:),sclrm_forcing(:,:,:),wpsclrpthlp(:,:,:))
   2522, Generating update self(edsclrm_forcing(:,:,:),edsclrm(:,:,:))
   2634, Generating update self(rtp2(:,:),thlm_forcing(:,:),rtm_forcing(:,:),wp2(:,:),wm_zt(:,:),wprtp_sfc(:),rtpthlp(:,:),wp3(:,:),rho_zm(:,:),vm_forcing(:,:),um_forcing(:,:),vp2(:,:),upwp_sfc(:),up2(:,:),thv_ds_zt(:,:),vpwp(:,:),upwp(:,:),wprtp(:,:),wpthlp(:,:),thv_ds_zm(:,:),thlp2(:,:),invrs_rho_ds_zm(:,:),exner(:,:),rho_ds_zm(:,:),rho(:,:),p_in_pa(:,:),rho_ds_zt(:,:),invrs_rho_ds_zt(:,:),wm_zm(:,:),vpwp_sfc(:),vm(:,:),um(:,:),rtm(:,:),thlm(:,:),wpthlp_sfc(:))
   2641, Generating update self(sclrm(:,:,:),sclrprtp(:,:,:),sclrp2(:,:,:),sclrm_forcing(:,:,:),wpedsclrp_sfc(:,:),sclrpthlp(:,:,:),wpsclrp(:,:,:),wpsclrp_sfc(:,:))
   2645, Generating update self(edsclrm_forcing(:,:,:),edsclrm(:,:,:))
   2675, Generating update self(thlm(:,:),rtm_forcing(:,:),rtm(:,:),rho_ds_zt(:,:),rho_ds_zm(:,:),wprtp_sfc(:),wprtp(:,:),wm_zt(:,:),thlm_forcing(:,:),wm_zm(:,:))
   2745, Generating exit data delete(wpsclrp2(:,:,:),wpsclrprtp(:,:,:),wpsclrp_zt(:,:),wp2sclrp(:,:,:),sclrprcp(:,:,:),sclrp2_zt(:,:),wpsclrpthlp(:,:,:))
   2749, Generating exit data delete(wpedsclrp(:,:,:))
   2752, Generating exit data delete(lhs_splat_wp2(:,:),kmh_zm(:,:),mixt_frac_zm(:,:),tau_max_zm(:,:),stability_correction(:,:),lscale_down(:,:),rcp2_zt(:,:),brunt_vaisala_freq_sqd_splat(:,:),brunt_vaisala_freq_sqd_moist(:,:),brunt_vaisala_freq_sqd_mixed(:,:),brunt_vaisala_freq_sqd(:,:),brunt_vaisala_freq_sqd_dry(:,:),a3_coef_zt(:,:),cloud_frac_zm(:,:),invrs_tau_wp3_zm(:,:),invrs_tau_xp2_zm(:,:),invrs_tau_no_n2_zm(:,:),invrs_tau_sfc(:,:),ice_supersat_frac_zm(:,:),invrs_tau_n2_zm(:,:),invrs_tau_wp2_zm(:,:),invrs_tau_wp3_zt(:,:),invrs_tau_shear(:,:),invrs_tau_bkgnd(:,:),invrs_tau_c1_zm(:,:),invrs_tau_c6_zm(:,:),invrs_tau_wpxp_zm(:,:),invrs_tau_c14_zm(:,:),invrs_tau_c4_zm(:,:),invrs_tau_n2_iso(:,:),sqrt_em_zt(:,:),rc_coef(:,:),thlm1000(:),tau_zt(:,:),rcm_supersat_adj(:,:),thlm700(:),ri_zm(:,:),gamma_skw_fnc(:,:),brunt_vaisala_freq_sqd_zt(:,:),rcp2(:,:),lscale_zm(:,:),varnce_w_1_zm(:,:),upwp_zt(:,:),w_1_zm(:,:),vpwp_zt(:,:),xp3_coef_fnc(:,:),wpthlp_zt(:,:),skw_zt(:,:),sigma_sqd_w(:,:),rtpthlp_zt(:,:),em(:,:),km_zm(:,:),invrs_tau_zt(:,:),mu(:),wp3_on_wp2(:,:),wp2rcp(:,:),a3_coef(:,:),sigma_sqd_w_zt(:,:),vp2_zt(:,:),up2_zt(:,:),varnce_w_2_zm(:,:),thvm_zm(:,:),rtprcp(:,:),rtm_zm(:,:),wprtp2(:,:),wpthlp2(:,:),thlm_zm(:,:),w_2_zm(:,:),sigma_sqd_w_tmp(:,:),tau_zm(:,:),tau_max_zt(:,:),ddzm_thvm_zm(:,:),lscale(:,:),lscale_up(:,:),lscale_max(:),lhs_splat_wp3(:,:),wp3_on_wp2_zt(:,:),wp2_zt(:,:),wprtp_zt(:,:),wp3_zm(:,:),wprtpthlp(:,:),rcm_zm(:,:),rtp2_zt(:,:),cx_fnc_richardson(:,:),thvm(:,:),thlp2_zt(:,:),skw_zm(:,:),skw_velocity(:,:))
pdf_closure_driver:
   3259, Generating enter data create(rtpthvp_zt(:,:),skw_zt(:,:),upwp_zt(:,:),thlpthvp_zt(:,:),gamma_skw_fnc_zt(:,:),rel_humidity(:,:),vp3_zm(:,:),up3_zm(:,:),thlp3_zm(:,:),rtp3_zm(:,:),wp4_zt(:,:),thlprcp_zt(:,:),rtpthlp_zt(:,:),wpthlp_zt(:,:),wp3_zm(:,:),wp2up2_zt(:,:),wp2_zt(:,:),sku_zt(:,:),skv_zm(:,:),skthl_zt(:,:),sku_zm(:,:),skrt_zt(:,:),skthl_zm(:,:),sigma_sqd_w_zt(:,:),skrt_zm(:,:),skv_zt(:,:),skw_zm(:,:),sigma_sqd_w_tmp(:,:),gamma_skw_fnc(:,:),vprcp_zt(:,:),uprcp_zt(:,:),vp2_zt(:,:),vm_zm(:,:),up2_zt(:,:),um_zm(:,:),rtprcp_zt(:,:),wprtp_zt(:,:),wprcp_zt(:,:),thlp2_zt(:,:),t_in_k(:,:),rtp2_zt(:,:),rsat(:,:),wp2vp2_zt(:,:),vpwp_zt(:,:),wpthvp_zt(:,:))
   3269, Generating enter data create(w_up_in_cloud_zm(:,:),wp2thlp_zm(:,:),wprtp2_zm(:,:),wp2rtp_zm(:,:),wprtpthlp_zm(:,:),wp2rcp_zm(:,:),wp2thvp_zm(:,:),cloudy_updraft_frac_zm(:,:),exner_zm(:,:),cloudy_downdraft_frac_zm(:,:),p_in_pa_zm(:,:),wpup2_zm(:,:),wpthlp2_zm(:,:),w_down_in_cloud_zm(:,:),wpvp2_zm(:,:))
   3276, Generating enter data create(sksclr_zt(:,:,:),wpsclrprtp_zm(:,:,:),wp2sclrp_zm(:,:,:),wpsclrp_zt(:,:,:),sclrp3_zm(:,:,:),sclrpthlp_zt(:,:,:),sclrpthvp_zt(:,:,:),sksclr_zm(:,:,:),sclrprtp_zt(:,:,:),sclrprcp_zt(:,:,:),sclrp2_zt(:,:,:),sclrm_zm(:,:,:),wpsclrp2_zm(:,:,:),wpsclrpthlp_zm(:,:,:))
   3281, Generating enter data create(rtphmp(:,:,:),thlphmp(:,:,:),wphydrometp_zt(:,:,:),wp2hmp_zm(:,:,:))
   3359, Generating update self(skrt_zt(:,:),skrt_zm(:,:),skthl_zm(:,:),skthl_zt(:,:),skw_zt(:,:),skw_zm(:,:))
   3384, Generating implicit firstprivate(ngrdcol,nz)
         Generating NVIDIA GPU code
       3385, !$acc loop gang, vector(128) collapse(2) ! blockidx%x threadidx%x
       3386,   ! blockidx%x threadidx%x collapsed
   3384, Generating default present(gamma_skw_fnc_zt(:ngrdcol,:nz),clubb_params(:ngrdcol,57:59),skw_zt(:ngrdcol,:nz),skw_zm(:ngrdcol,:nz),gamma_skw_fnc(:ngrdcol,:nz))
   3386, Generating implicit firstprivate(gamma_coef,gamma_coefc,gamma_coefb)
   3425, Generating update self(gamma_skw_fnc(:,:))
   3463, Generating implicit firstprivate(nz,ngrdcol)
         Generating NVIDIA GPU code
       3464, !$acc loop gang, vector(128) collapse(2) ! blockidx%x threadidx%x
       3465,   ! blockidx%x threadidx%x collapsed
   3463, Generating default present(sigma_sqd_w(:ngrdcol,:nz),skw_velocity(:ngrdcol,:nz),wp3_zm(:ngrdcol,:nz),wp2(:ngrdcol,:nz))
   3569, Generating implicit firstprivate(nz,ngrdcol)
         Generating NVIDIA GPU code
       3570, !$acc loop gang, vector(128) collapse(2) ! blockidx%x threadidx%x
       3571,   ! blockidx%x threadidx%x collapsed
   3569, Generating default present(rtm_ref(:ngrdcol,:nz),rtm(:ngrdcol,:nz),gr,gr%zt(1:ngrdcol,1:nz))
   3571, Generating implicit firstprivate(dt,rtm_min,ts_nudge,rtm_nudge_max_altitude)
   3600, Generating implicit firstprivate(ngrdcol)
         Generating NVIDIA GPU code
       3601, !$acc loop gang, vector(128) ! blockidx%x threadidx%x
   3600, Generating default present(p_in_pa_zm(:ngrdcol,:),p_in_pa(:ngrdcol,:))
   3601, Generating implicit firstprivate(nz)
   3610, Generating implicit firstprivate(nz,ngrdcol)
         Generating NVIDIA GPU code
       3611, !$acc loop gang, vector(128) collapse(2) ! blockidx%x threadidx%x
       3612,   ! blockidx%x threadidx%x collapsed
   3610, Generating default present(p_in_pa_zm(:ngrdcol,:nz),exner_zm(:ngrdcol,:nz))
   3700, Generating implicit firstprivate(ngrdcol)
         Generating NVIDIA GPU code
       3701, !$acc loop gang, vector(128) ! blockidx%x threadidx%x
   3700, Generating default present(wp4(:ngrdcol,:))
   3701, Generating implicit firstprivate(nz)
   3719, Generating implicit firstprivate(ngrdcol)
         Generating NVIDIA GPU code
       3720, !$acc loop gang, vector(128) ! blockidx%x threadidx%x
   3719, Generating default present(rcp2(:ngrdcol,nz))
   3720, Generating implicit firstprivate(nz)
   3739, Generating implicit firstprivate(ngrdcol)
         Generating NVIDIA GPU code
       3740, !$acc loop gang, vector(128) ! blockidx%x threadidx%x
   3739, Generating default present(wpthvp(:ngrdcol,nz),wprcp(:ngrdcol,nz),thlprcp(:ngrdcol,nz),rtprcp(:ngrdcol,nz),wp2vp2(:ngrdcol,nz),rc_coef_zm(:ngrdcol,nz),rtpthvp(:ngrdcol,nz),thlpthvp(:ngrdcol,nz),uprcp(:ngrdcol,nz),vprcp(:ngrdcol,nz),wp2up2(:ngrdcol,nz))
   3740, Generating implicit firstprivate(nz)
   3756, Generating implicit firstprivate(nz,ngrdcol)
         Generating NVIDIA GPU code
       3757, !$acc loop gang, vector(128) collapse(2) ! blockidx%x threadidx%x
       3758,   ! blockidx%x threadidx%x collapsed
   3756, Generating default present(thlm_zm(:ngrdcol,:nz),rtm_zm(:ngrdcol,:nz),rcm_zm(:ngrdcol,:nz),ice_supersat_frac_zm(:ngrdcol,:nz),cloud_frac_zm(:ngrdcol,:nz))
   3773, Generating implicit firstprivate(nz,ngrdcol)
         Generating NVIDIA GPU code
       3774, !$acc loop gang, vector(128) ! blockidx%x threadidx%x
       3775, !$acc loop seq
   3773, Generating default present(sclrpthvp(:ngrdcol,nz,j),sclrprcp(:ngrdcol,nz,j))
   3775, Loop is parallelizable
         Generating implicit firstprivate(j)
   3787, Generating update self(vprcp(:,:),uprcp(:,:))
   3815, Generating implicit firstprivate(ngrdcol)
         Generating NVIDIA GPU code
       3816, !$acc loop gang, vector(128) ! blockidx%x threadidx%x
   3815, Generating default present(cloud_frac_zm(:ngrdcol,nz))
   3816, Generating implicit firstprivate(nz)
   3851, Generating implicit firstprivate(nz,ngrdcol)
         Generating NVIDIA GPU code
       3852, !$acc loop gang, vector(128) collapse(2) ! blockidx%x threadidx%x
       3853,   ! blockidx%x threadidx%x collapsed
   3851, Generating default present(cloud_frac(:ngrdcol,:nz),rcm_in_layer(:ngrdcol,:nz),rcm(:ngrdcol,:nz),cloud_cover(:ngrdcol,:nz))
   3861, Generating implicit firstprivate(nz,ngrdcol)
         Generating NVIDIA GPU code
       3862, !$acc loop gang, vector(128) collapse(2) ! blockidx%x threadidx%x
       3863,   ! blockidx%x threadidx%x collapsed
   3861, Generating default present(ice_supersat_frac(:ngrdcol,:nz),cloud_frac(:ngrdcol,:nz))
   3875, Generating implicit firstprivate(nz,ngrdcol)
         Generating NVIDIA GPU code
       3876, !$acc loop gang, vector(128) collapse(2) ! blockidx%x threadidx%x
       3877,   ! blockidx%x threadidx%x collapsed
   3875, Generating default present(rcm(:ngrdcol,:nz),rcm_supersat_adj(:ngrdcol,:nz),rel_humidity(:ngrdcol,:nz),rtm(:ngrdcol,:nz),rsat(:ngrdcol,:nz))
   3892, Generating implicit firstprivate(nz,ngrdcol)
         Generating NVIDIA GPU code
       3893, !$acc loop gang, vector(128) collapse(2) ! blockidx%x threadidx%x
             Generating reduction(.or.:l_spur_supersat)
       3894,   ! blockidx%x threadidx%x collapsed
   3892, Generating default present(rtm(:ngrdcol,2:nz),rsat(:ngrdcol,2:nz),rel_humidity(:ngrdcol,2:nz),rcm(:ngrdcol,2:nz),rcm_supersat_adj(:ngrdcol,2:nz))
         Generating implicit copy(l_spur_supersat) [if not already present]
   3910, Generating exit data delete(rtpthvp_zt(:,:),skw_zt(:,:),upwp_zt(:,:),thlpthvp_zt(:,:),gamma_skw_fnc_zt(:,:),rel_humidity(:,:),vp3_zm(:,:),up3_zm(:,:),thlp3_zm(:,:),rtp3_zm(:,:),wp4_zt(:,:),thlprcp_zt(:,:),rtpthlp_zt(:,:),wpthlp_zt(:,:),wp3_zm(:,:),wp2up2_zt(:,:),wp2_zt(:,:),sku_zt(:,:),skv_zm(:,:),skthl_zt(:,:),sku_zm(:,:),skrt_zt(:,:),skthl_zm(:,:),sigma_sqd_w_zt(:,:),skrt_zm(:,:),skv_zt(:,:),skw_zm(:,:),sigma_sqd_w_tmp(:,:),gamma_skw_fnc(:,:),vprcp_zt(:,:),uprcp_zt(:,:),vp2_zt(:,:),vm_zm(:,:),up2_zt(:,:),um_zm(:,:),rtprcp_zt(:,:),wprtp_zt(:,:),wprcp_zt(:,:),thlp2_zt(:,:),t_in_k(:,:),rtp2_zt(:,:),rsat(:,:),wp2vp2_zt(:,:),vpwp_zt(:,:),wpthvp_zt(:,:))
   3920, Generating exit data delete(w_up_in_cloud_zm(:,:),wp2thlp_zm(:,:),wprtp2_zm(:,:),wp2rtp_zm(:,:),wprtpthlp_zm(:,:),wp2rcp_zm(:,:),wp2thvp_zm(:,:),cloudy_updraft_frac_zm(:,:),exner_zm(:,:),cloudy_downdraft_frac_zm(:,:),p_in_pa_zm(:,:),wpup2_zm(:,:),wpthlp2_zm(:,:),w_down_in_cloud_zm(:,:),wpvp2_zm(:,:))
   3927, Generating exit data delete(sksclr_zt(:,:,:),wpsclrprtp_zm(:,:,:),wp2sclrp_zm(:,:,:),wpsclrp_zt(:,:,:),sclrp3_zm(:,:,:),sclrpthlp_zt(:,:,:),sclrpthvp_zt(:,:,:),sksclr_zm(:,:,:),sclrprtp_zt(:,:,:),sclrprcp_zt(:,:,:),sclrp2_zt(:,:,:),sclrm_zm(:,:,:),wpsclrp2_zm(:,:,:),wpsclrpthlp_zm(:,:,:))
   3932, Generating exit data delete(rtphmp(:,:,:),thlphmp(:,:,:),wphydrometp_zt(:,:,:),wp2hmp_zm(:,:,:))
trapezoidal_rule_zt:
   4657, Generating implicit firstprivate(ngrdcol)
         Generating NVIDIA GPU code
       4658, !$acc loop gang, vector(128) ! blockidx%x threadidx%x
   4657, Generating default present(wp2thvp_zm(:ngrdcol,nz),wprtpthlp_zm(:ngrdcol,nz),wpthlp2_zm(:ngrdcol,nz),wprtp2_zm(:ngrdcol,nz),cloud_frac_zm(:ngrdcol,nz),ice_supersat_frac_zm(:ngrdcol,nz),rcm_zm(:ngrdcol,nz))
   4658, Generating implicit firstprivate(nz)
   4674, Generating implicit firstprivate(ngrdcol)
         Generating NVIDIA GPU code
       4675, !$acc loop gang, vector(128) ! blockidx%x threadidx%x
   4674, Generating default present(wpsclrp2_zm(:ngrdcol,nz,sclr),wpsclrprtp_zm(:ngrdcol,nz,sclr),wpsclrpthlp_zm(:ngrdcol,nz,sclr))
   4675, Generating implicit firstprivate(sclr,nz)
calc_trapezoid_zt:
   4848, Generating implicit firstprivate(ngrdcol)
         Generating NVIDIA GPU code
       4849, !$acc loop gang, vector(128) ! blockidx%x threadidx%x
   4848, Generating default present(trapezoid_zt(:ngrdcol,:1),variable_zt(:ngrdcol,:1))
   4854, Generating implicit firstprivate(ngrdcol,nz)
         Generating NVIDIA GPU code
       4855, !$acc loop gang, vector(128) collapse(2) ! blockidx%x threadidx%x
       4856,   ! blockidx%x threadidx%x collapsed
   4854, Generating default present(gr%zt(1:ngrdcol,2:nz),variable_zt(:ngrdcol,2:nz),variable_zm(:ngrdcol,:nz),trapezoid_zt(:ngrdcol,2:nz),gr%invrs_dzt(1:ngrdcol,2:nz),gr%zm(1:ngrdcol,1:nz),gr)
calc_trapezoid_zm:
   4911, Generating implicit firstprivate(ngrdcol)
         Generating NVIDIA GPU code
       4912, !$acc loop gang, vector(128) ! blockidx%x threadidx%x
   4911, Generating default present(variable_zm(:ngrdcol,:),trapezoid_zm(:ngrdcol,:))
   4912, Generating implicit firstprivate(nz)
   4918, Generating implicit firstprivate(nz,ngrdcol)
         Generating NVIDIA GPU code
       4919, !$acc loop gang, vector(128) collapse(2) ! blockidx%x threadidx%x
       4920,   ! blockidx%x threadidx%x collapsed
   4918, Generating default present(gr%zt(1:ngrdcol,2:nz),trapezoid_zm(:ngrdcol,2:nz-1),variable_zt(:ngrdcol,2:nz),variable_zm(:ngrdcol,2:nz-1),gr%zm(1:ngrdcol,2:nz-1),gr%invrs_dzm(1:ngrdcol,2:nz-1),gr)
compute_cloud_cover:
   5003, Generating enter data create(chi_mean(:,:),vert_cloud_frac(:,:),vert_cloud_frac_lower(:,:),vert_cloud_frac_upper(:,:))
   5006, Generating implicit firstprivate(ngrdcol,nz)
         Generating NVIDIA GPU code
       5007, !$acc loop gang, vector(128) collapse(2) ! blockidx%x threadidx%x
       5008,   ! blockidx%x threadidx%x collapsed
   5006, Generating default present(chi_mean(:ngrdcol,:nz),pdf_params,pdf_params%chi_2(1:ngrdcol,1:nz),pdf_params%mixt_frac(1:ngrdcol,1:nz),pdf_params%chi_1(1:ngrdcol,1:nz))
   5016, Generating implicit firstprivate(ngrdcol,nz)
         Generating NVIDIA GPU code
       5017, !$acc loop gang, vector(128) collapse(2) ! blockidx%x threadidx%x
             Generating reduction(.or.:err_code)
       5018,   ! blockidx%x threadidx%x collapsed
   5016, Generating default present(rcm_in_layer(:ngrdcol,2:nz-1),vert_cloud_frac(:ngrdcol,2:nz-1),vert_cloud_frac_upper(:ngrdcol,2:nz-1),vert_cloud_frac_lower(:ngrdcol,2:nz-1),cloud_frac(:ngrdcol,2:nz-1),gr,gr%invrs_dzm(1:ngrdcol,1:nz-1),gr%zm(1:ngrdcol,1:nz-1),gr%zt(1:ngrdcol,2:nz-1),cloud_cover(:ngrdcol,2:nz-1),chi_mean(:ngrdcol,:nz),rcm(:ngrdcol,:nz))
         Generating implicit copy(err_code) [if not already present]
   5101, Generating implicit firstprivate(ngrdcol)
         Generating NVIDIA GPU code
       5102, !$acc loop gang, vector(128) ! blockidx%x threadidx%x
   5101, Generating default present(cloud_cover(:ngrdcol,:),cloud_frac(:ngrdcol,:),rcm_in_layer(:ngrdcol,:),rcm(:ngrdcol,:))
   5102, Generating implicit firstprivate(nz)
   5114, Generating update self(rcm(:,:),pdf_params%mixt_frac(:,:),pdf_params%chi_1(:,:),cloud_frac(:,:),pdf_params%chi_2(:,:))
   5128, Generating exit data delete(chi_mean(:,:),vert_cloud_frac(:,:),vert_cloud_frac_upper(:,:),vert_cloud_frac_lower(:,:))
clip_rcm:
   5179, Generating copy(rcm(:,:)) [if not already present]
         Generating copyin(rtm(:,:)) [if not already present]
   5184, Generating update self(rcm(:,:),rtm(:,:))
   5204, Generating implicit firstprivate(ngrdcol,nz)
         Generating NVIDIA GPU code
       5205, !$acc loop gang, vector(128) collapse(2) ! blockidx%x threadidx%x
       5206,   ! blockidx%x threadidx%x collapsed
set_lscale_max:
   5268, Generating implicit firstprivate(ngrdcol)
         Generating NVIDIA GPU code
       5269, !$acc loop gang, vector(128) ! blockidx%x threadidx%x
   5268, Generating default present(host_dx(:ngrdcol),lscale_max(:ngrdcol),host_dy(:ngrdcol))
   5274, Generating implicit firstprivate(ngrdcol)
         Generating NVIDIA GPU code
       5275, !$acc loop gang, vector(128) ! blockidx%x threadidx%x
   5274, Generating default present(lscale_max(:ngrdcol))
nvfortran -DNETCDF -DCLUBB_REAL_TYPE=8 -DCLUBB_GPU -DCUDA -DCOAMPS_MICRO -DNR_SP -DSILHS -Dradoffline -Dnooverlap -DCLUBB -I/glade/u/apps/derecho/24.12/spack/opt/spack/netcdf/4.9.2/nvhpc/24.11/vwh4/include -Mcache_align -O2  -I/glade/u/apps/derecho/24.12/spack/opt/spack/netcdf/4.9.2/nvhpc/24.11/vwh4/include -Mbackslash -Mstandard -Kieee -acc -Minfo=accel  -c	/glade/u/home/ilinck/clubb_release/compile/../src/CLUBB_core/clubb_api_module.F90
advance_clubb_core_api_single_col:
   1168, Generating copyin(fcor_col(:),gr%weights_zt2zm(:,:,:),gr%zm(:,:),gr,gr%dzm(:,:),gr%invrs_dzm(:,:),gr%dzt(:,:),gr%weights_zm2zt(:,:,:),gr%invrs_dzt(:,:)) [if not already present]
         Generating copyout(kh_zt_col(:,:)) [if not already present]
         Generating copyin(nu_vert_res_dep%nu10(:),nu_vert_res_dep%nu8(:),nu_vert_res_dep,nu_vert_res_dep%nu6(:),nu_vert_res_dep%nu1(:),nu_vert_res_dep%nu2(:)) [if not already present]
         Generating copy(rtpthvp_col(:,:)) [if not already present]
         Generating copyout(cloudy_updraft_frac_col(:,:)) [if not already present]
         Generating copy(exner_col(:,:)) [if not already present]
         Generating copyin(sclr_idx) [if not already present]
         Generating copy(thlm_col(:,:),rtm_col(:,:),um_col(:,:),vm_col(:,:),wprtp_col(:,:),wpthlp_col(:,:),rtp2_col(:,:),thlp2_col(:,:),rtpthlp_col(:,:)) [if not already present]
         Generating copyout(w_up_in_cloud_col(:,:)) [if not already present]
         Generating copyin(wm_zm_col(:,:),rho_ds_zt_col(:,:),rfrzm_col(:,:),rho_col(:,:),rho_ds_zm_col(:,:)) [if not already present]
         Generating copy(ice_supersat_frac_col(:,:)) [if not already present]
         Generating copyin(invrs_rho_ds_zm_col(:,:)) [if not already present]
         Generating copy(thlpthvp_col(:,:)) [if not already present]
         Generating copyin(thv_ds_zm_col(:,:)) [if not already present]
         Generating copyout(rcm_in_layer_col(:,:)) [if not already present]
         Generating copy(pdf_params_zm%w_2(:,:)) [if not already present]
         Generating copyin(wpthlp_forcing_col(:,:),wprtp_forcing_col(:,:)) [if not already present]
         Generating copy(upwp_pert_col(:,:),vpwp_pert_col(:,:)) [if not already present]
         Generating copyin(upwp_sfc_col(:),vpwp_sfc_col(:),rtm_forcing_col(:,:),thlm_forcing_col(:,:)) [if not already present]
         Generating copy(um_pert_col(:,:),vm_pert_col(:,:)) [if not already present]
         Generating copyin(thv_ds_zt_col(:,:),upwp_sfc_pert_col(:),gr%zt(:,:),host_dx_col(:)) [if not already present]
         Generating copy(p_in_pa_col(:,:),pdf_params%w_2(:,:)) [if not already present]
         Generating copyin(ug_col(:,:)) [if not already present]
         Generating copy(uprcp_col(:,:)) [if not already present]
         Generating copyin(vg_col(:,:)) [if not already present]
         Generating copy(vprcp_col(:,:)) [if not already present]
         Generating copyin(um_ref_col(:,:),vm_ref_col(:,:)) [if not already present]
         Generating copy(up2_col(:,:),vp2_col(:,:)) [if not already present]
         Generating copyin(rho_zm_col(:,:)) [if not already present]
         Generating copyout(wprcp_col(:,:)) [if not already present]
         Generating copyin(sfc_elevation_col(:),wprtp_sfc_col(:),rtm_ref_col(:,:),rtp2_forcing_col(:,:),thlm_ref_col(:,:),thlp2_forcing_col(:,:)) [if not already present]
         Generating copy(rtp3_col(:,:)) [if not already present]
         Generating copyin(wm_zt_col(:,:)) [if not already present]
         Generating copy(wp2vp2_col(:,:)) [if not already present]
         Generating copyin(nu_vert_res_dep%nu9(:),clubb_params_col(:,:)) [if not already present]
         Generating copy(rc_coef_zm_col(:,:)) [if not already present]
         Generating copyout(cloud_cover_col(:,:)) [if not already present]
         Generating copyin(wpthlp_sfc_col(:)) [if not already present]
         Generating copy(wp2thlp_col(:,:)) [if not already present]
         Generating copyin(rtpthlp_forcing_col(:,:)) [if not already present]
         Generating copyout(thlprcp_col(:,:)) [if not already present]
         Generating copy(wp2_col(:,:),wp2rtp_col(:,:),up3_col(:,:),vp3_col(:,:)) [if not already present]
         Generating copyin(radf_col(:,:)) [if not already present]
         Generating copy(wp3_col(:,:),wpthvp_col(:,:),wpup2_col(:,:),wp2thvp_col(:,:),wp2up2_col(:,:)) [if not already present]
         Generating copyin(host_dy_col(:),um_forcing_col(:,:),vm_forcing_col(:,:)) [if not already present]
         Generating copy(upwp_col(:,:),vpwp_col(:,:),pdf_params%varnce_w_2(:,:),pdf_params%w_1(:,:),pdf_params%varnce_thl_2(:,:),pdf_params%varnce_w_1(:,:),pdf_params%rsatl_2(:,:),pdf_params%rt_1(:,:),pdf_params%thl_2(:,:),pdf_params%varnce_rt_1(:,:),pdf_params%stdev_eta_2(:,:),pdf_params%thl_1(:,:),pdf_params%varnce_rt_2(:,:),pdf_params%varnce_thl_1(:,:),pdf_params%corr_w_eta_2(:,:),pdf_params%corr_w_rt_1(:,:),pdf_params%corr_w_rt_2(:,:),pdf_params%corr_w_thl_1(:,:),pdf_params%corr_chi_eta_2(:,:),pdf_params%corr_rt_thl_1(:,:),pdf_params%alpha_rt(:,:)) [if not already present]
         Generating copyin(pdf_params) [if not already present]
         Generating copy(pdf_params%covar_chi_eta_2(:,:),pdf_params%crt_1(:,:),pdf_params%crt_2(:,:),pdf_params%cthl_1(:,:),pdf_params%alpha_thl(:,:),pdf_params%chi_1(:,:),pdf_params%rt_2(:,:),pdf_params%stdev_chi_1(:,:),pdf_params%stdev_chi_2(:,:),pdf_params%stdev_eta_1(:,:),pdf_params%corr_w_thl_2(:,:),pdf_params%covar_chi_eta_1(:,:),pdf_params%corr_rt_thl_2(:,:),pdf_params%corr_w_chi_1(:,:),pdf_params%corr_w_chi_2(:,:),pdf_params%corr_w_eta_1(:,:),pdf_params%cloud_frac_2(:,:),pdf_params%corr_chi_eta_1(:,:),pdf_params%rc_2(:,:),pdf_params%rsatl_1(:,:),pdf_params%mixt_frac(:,:),pdf_params%rc_1(:,:),pdf_params%chi_2(:,:),pdf_params%cloud_frac_1(:,:),pdf_params%ice_supersat_frac_2(:,:),pdf_params%cthl_2(:,:),pdf_params%ice_supersat_frac_1(:,:),pdf_params_zm%varnce_w_2(:,:),pdf_params_zm%w_1(:,:),pdf_params_zm%varnce_thl_2(:,:),pdf_params_zm%varnce_w_1(:,:),pdf_params_zm%rsatl_2(:,:),pdf_params_zm%rt_1(:,:),pdf_params_zm%thl_2(:,:),pdf_params_zm%varnce_rt_1(:,:),pdf_params_zm%stdev_eta_2(:,:),pdf_params_zm%thl_1(:,:),pdf_params_zm%varnce_rt_2(:,:),pdf_params_zm%varnce_thl_1(:,:),pdf_params_zm%corr_w_eta_2(:,:),pdf_params_zm%corr_w_rt_1(:,:),pdf_params_zm%corr_w_rt_2(:,:),pdf_params_zm%corr_w_thl_1(:,:),pdf_params_zm%corr_chi_eta_2(:,:),pdf_params_zm%corr_rt_thl_1(:,:),pdf_params_zm%alpha_rt(:,:)) [if not already present]
         Generating copyin(pdf_params_zm) [if not already present]
         Generating copy(pdf_params_zm%covar_chi_eta_2(:,:),pdf_params_zm%crt_1(:,:),pdf_params_zm%crt_2(:,:),pdf_params_zm%cthl_1(:,:),pdf_params_zm%alpha_thl(:,:),pdf_params_zm%chi_1(:,:),pdf_params_zm%rt_2(:,:),pdf_params_zm%stdev_chi_1(:,:),pdf_params_zm%stdev_chi_2(:,:),pdf_params_zm%stdev_eta_1(:,:),pdf_params_zm%corr_w_thl_2(:,:),pdf_params_zm%covar_chi_eta_1(:,:),pdf_params_zm%corr_rt_thl_2(:,:),pdf_params_zm%corr_w_chi_1(:,:),pdf_params_zm%corr_w_chi_2(:,:),pdf_params_zm%corr_w_eta_1(:,:),pdf_params_zm%cloud_frac_2(:,:),pdf_params_zm%corr_chi_eta_1(:,:),pdf_params_zm%rc_2(:,:),pdf_params_zm%rsatl_1(:,:),pdf_params_zm%mixt_frac(:,:),pdf_params_zm%rc_1(:,:),pdf_params_zm%chi_2(:,:),pdf_params_zm%cloud_frac_1(:,:),pdf_params_zm%ice_supersat_frac_2(:,:),pdf_params_zm%cthl_2(:,:),pdf_params_zm%ice_supersat_frac_1(:,:),rcm_col(:,:),wp4_col(:,:)) [if not already present]
         Generating copyout(w_down_in_cloud_col(:,:)) [if not already present]
         Generating copyin(vpwp_sfc_pert_col(:)) [if not already present]
         Generating copyout(cloudy_downdraft_frac_col(:,:)) [if not already present]
         Generating copy(cloud_frac_col(:,:)) [if not already present]
         Generating copyin(invrs_rho_ds_zt_col(:,:)) [if not already present]
         Generating copyout(kh_zm_col(:,:),invrs_tau_zm_col(:,:)) [if not already present]
         Generating copy(thlp3_col(:,:),wpvp2_col(:,:)) [if not already present]
   1240, Generating copy(sclrm_col(:,:,:),wpsclrp_col(:,:,:)) [if not already present]
         Generating copyin(sclr_tol(:)) [if not already present]
         Generating copy(sclrpthvp_col(:,:,:)) [if not already present]
         Generating copyin(sclrm_forcing_col(:,:,:)) [if not already present]
         Generating copy(sclrp2_col(:,:,:),sclrp3_col(:,:,:),sclrprtp_col(:,:,:),sclrpthlp_col(:,:,:)) [if not already present]
         Generating copyin(wpsclrp_sfc_col(:,:)) [if not already present]
   1244, Generating copyin(edsclrm_forcing_col(:,:,:)) [if not already present]
         Generating copy(edsclrm_col(:,:,:)) [if not already present]
         Generating copyin(wpedsclrp_sfc_col(:,:)) [if not already present]
   1248, Generating copyin(wphydrometp_col(:,:,:),wp2hmp_col(:,:,:),thlphmp_zt_col(:,:,:),l_mix_rat_hm(:),rtphmp_zt_col(:,:,:),hydromet_col(:,:,:)) [if not already present]
advance_clubb_core_api_multi_col:
   1739, Generating copyin(fcor(:),gr%weights_zt2zm(:,:,:),gr%zm(:,:),gr,gr%dzm(:,:),gr%invrs_dzm(:,:),gr%dzt(:,:),gr%weights_zm2zt(:,:,:),gr%invrs_dzt(:,:)) [if not already present]
         Generating copyout(kh_zt(:,:)) [if not already present]
         Generating copyin(nu_vert_res_dep%nu10(:),nu_vert_res_dep%nu8(:),nu_vert_res_dep,nu_vert_res_dep%nu6(:),nu_vert_res_dep%nu1(:),nu_vert_res_dep%nu2(:)) [if not already present]
         Generating copy(rtpthvp(:,:)) [if not already present]
         Generating copyout(cloudy_updraft_frac(:,:)) [if not already present]
         Generating copy(exner(:,:)) [if not already present]
         Generating copyin(sclr_idx) [if not already present]
         Generating copy(thlm(:,:),rtm(:,:),um(:,:),vm(:,:),wprtp(:,:),wpthlp(:,:),rtp2(:,:),thlp2(:,:),rtpthlp(:,:)) [if not already present]
         Generating copyout(w_up_in_cloud(:,:)) [if not already present]
         Generating copyin(wm_zm(:,:),rho_ds_zt(:,:),rfrzm(:,:),rho(:,:),rho_ds_zm(:,:)) [if not already present]
         Generating copy(ice_supersat_frac(:,:)) [if not already present]
         Generating copyin(invrs_rho_ds_zm(:,:)) [if not already present]
         Generating copy(thlpthvp(:,:)) [if not already present]
         Generating copyin(thv_ds_zm(:,:)) [if not already present]
         Generating copyout(rcm_in_layer(:,:)) [if not already present]
         Generating copy(pdf_params_zm%w_2(:,:)) [if not already present]
         Generating copyin(wpthlp_forcing(:,:),wprtp_forcing(:,:)) [if not already present]
         Generating copy(upwp_pert(:,:),vpwp_pert(:,:)) [if not already present]
         Generating copyin(upwp_sfc(:),vpwp_sfc(:),rtm_forcing(:,:),thlm_forcing(:,:)) [if not already present]
         Generating copy(um_pert(:,:),vm_pert(:,:)) [if not already present]
         Generating copyin(thv_ds_zt(:,:),upwp_sfc_pert(:),gr%zt(:,:),host_dx(:)) [if not already present]
         Generating copy(p_in_pa(:,:),pdf_params%w_2(:,:)) [if not already present]
         Generating copyin(ug(:,:)) [if not already present]
         Generating copy(uprcp(:,:)) [if not already present]
         Generating copyin(vg(:,:)) [if not already present]
         Generating copy(vprcp(:,:)) [if not already present]
         Generating copyin(um_ref(:,:),vm_ref(:,:)) [if not already present]
         Generating copy(up2(:,:),vp2(:,:)) [if not already present]
         Generating copyin(rho_zm(:,:)) [if not already present]
         Generating copyout(wprcp(:,:)) [if not already present]
         Generating copyin(sfc_elevation(:),wprtp_sfc(:),rtm_ref(:,:),rtp2_forcing(:,:),thlm_ref(:,:),thlp2_forcing(:,:)) [if not already present]
         Generating copy(rtp3(:,:)) [if not already present]
         Generating copyin(wm_zt(:,:)) [if not already present]
         Generating copy(wp2vp2(:,:)) [if not already present]
         Generating copyin(nu_vert_res_dep%nu9(:),clubb_params(:,:)) [if not already present]
         Generating copy(rc_coef_zm(:,:)) [if not already present]
         Generating copyout(cloud_cover(:,:)) [if not already present]
         Generating copyin(wpthlp_sfc(:)) [if not already present]
         Generating copy(wp2thlp(:,:)) [if not already present]
         Generating copyin(rtpthlp_forcing(:,:)) [if not already present]
         Generating copyout(thlprcp(:,:)) [if not already present]
         Generating copy(wp2(:,:),wp2rtp(:,:),up3(:,:),vp3(:,:)) [if not already present]
         Generating copyin(radf(:,:)) [if not already present]
         Generating copy(wp3(:,:),wpthvp(:,:),wpup2(:,:),wp2thvp(:,:),wp2up2(:,:)) [if not already present]
         Generating copyin(host_dy(:),um_forcing(:,:),vm_forcing(:,:)) [if not already present]
         Generating copy(upwp(:,:),vpwp(:,:),pdf_params%varnce_w_2(:,:),pdf_params%w_1(:,:),pdf_params%varnce_thl_2(:,:),pdf_params%varnce_w_1(:,:),pdf_params%rsatl_2(:,:),pdf_params%rt_1(:,:),pdf_params%thl_2(:,:),pdf_params%varnce_rt_1(:,:),pdf_params%stdev_eta_2(:,:),pdf_params%thl_1(:,:),pdf_params%varnce_rt_2(:,:),pdf_params%varnce_thl_1(:,:),pdf_params%corr_w_eta_2(:,:),pdf_params%corr_w_rt_1(:,:),pdf_params%corr_w_rt_2(:,:),pdf_params%corr_w_thl_1(:,:),pdf_params%corr_chi_eta_2(:,:),pdf_params%corr_rt_thl_1(:,:),pdf_params%alpha_rt(:,:)) [if not already present]
         Generating copyin(pdf_params) [if not already present]
         Generating copy(pdf_params%covar_chi_eta_2(:,:),pdf_params%crt_1(:,:),pdf_params%crt_2(:,:),pdf_params%cthl_1(:,:),pdf_params%alpha_thl(:,:),pdf_params%chi_1(:,:),pdf_params%rt_2(:,:),pdf_params%stdev_chi_1(:,:),pdf_params%stdev_chi_2(:,:),pdf_params%stdev_eta_1(:,:),pdf_params%corr_w_thl_2(:,:),pdf_params%covar_chi_eta_1(:,:),pdf_params%corr_rt_thl_2(:,:),pdf_params%corr_w_chi_1(:,:),pdf_params%corr_w_chi_2(:,:),pdf_params%corr_w_eta_1(:,:),pdf_params%cloud_frac_2(:,:),pdf_params%corr_chi_eta_1(:,:),pdf_params%rc_2(:,:),pdf_params%rsatl_1(:,:),pdf_params%mixt_frac(:,:),pdf_params%rc_1(:,:),pdf_params%chi_2(:,:),pdf_params%cloud_frac_1(:,:),pdf_params%ice_supersat_frac_2(:,:),pdf_params%cthl_2(:,:),pdf_params%ice_supersat_frac_1(:,:),pdf_params_zm%varnce_w_2(:,:),pdf_params_zm%w_1(:,:),pdf_params_zm%varnce_thl_2(:,:),pdf_params_zm%varnce_w_1(:,:),pdf_params_zm%rsatl_2(:,:),pdf_params_zm%rt_1(:,:),pdf_params_zm%thl_2(:,:),pdf_params_zm%varnce_rt_1(:,:),pdf_params_zm%stdev_eta_2(:,:),pdf_params_zm%thl_1(:,:),pdf_params_zm%varnce_rt_2(:,:),pdf_params_zm%varnce_thl_1(:,:),pdf_params_zm%corr_w_eta_2(:,:),pdf_params_zm%corr_w_rt_1(:,:),pdf_params_zm%corr_w_rt_2(:,:),pdf_params_zm%corr_w_thl_1(:,:),pdf_params_zm%corr_chi_eta_2(:,:),pdf_params_zm%corr_rt_thl_1(:,:),pdf_params_zm%alpha_rt(:,:)) [if not already present]
         Generating copyin(pdf_params_zm) [if not already present]
         Generating copy(pdf_params_zm%covar_chi_eta_2(:,:),pdf_params_zm%crt_1(:,:),pdf_params_zm%crt_2(:,:),pdf_params_zm%cthl_1(:,:),pdf_params_zm%alpha_thl(:,:),pdf_params_zm%chi_1(:,:),pdf_params_zm%rt_2(:,:),pdf_params_zm%stdev_chi_1(:,:),pdf_params_zm%stdev_chi_2(:,:),pdf_params_zm%stdev_eta_1(:,:),pdf_params_zm%corr_w_thl_2(:,:),pdf_params_zm%covar_chi_eta_1(:,:),pdf_params_zm%corr_rt_thl_2(:,:),pdf_params_zm%corr_w_chi_1(:,:),pdf_params_zm%corr_w_chi_2(:,:),pdf_params_zm%corr_w_eta_1(:,:),pdf_params_zm%cloud_frac_2(:,:),pdf_params_zm%corr_chi_eta_1(:,:),pdf_params_zm%rc_2(:,:),pdf_params_zm%rsatl_1(:,:),pdf_params_zm%mixt_frac(:,:),pdf_params_zm%rc_1(:,:),pdf_params_zm%chi_2(:,:),pdf_params_zm%cloud_frac_1(:,:),pdf_params_zm%ice_supersat_frac_2(:,:),pdf_params_zm%cthl_2(:,:),pdf_params_zm%ice_supersat_frac_1(:,:),rcm(:,:),wp4(:,:)) [if not already present]
         Generating copyout(w_down_in_cloud(:,:)) [if not already present]
         Generating copyin(vpwp_sfc_pert(:)) [if not already present]
         Generating copyout(cloudy_downdraft_frac(:,:)) [if not already present]
         Generating copy(cloud_frac(:,:)) [if not already present]
         Generating copyin(invrs_rho_ds_zt(:,:)) [if not already present]
         Generating copyout(kh_zm(:,:),invrs_tau_zm(:,:)) [if not already present]
         Generating copy(thlp3(:,:),wpvp2(:,:)) [if not already present]
   1811, Generating copy(sclrm(:,:,:),wpsclrp(:,:,:)) [if not already present]
         Generating copyin(sclr_tol(:)) [if not already present]
         Generating copy(sclrpthvp(:,:,:)) [if not already present]
         Generating copyin(sclrm_forcing(:,:,:)) [if not already present]
         Generating copy(sclrp2(:,:,:),sclrp3(:,:,:),sclrprtp(:,:,:),sclrpthlp(:,:,:)) [if not already present]
         Generating copyin(wpsclrp_sfc(:,:)) [if not already present]
   1815, Generating copyin(edsclrm_forcing(:,:,:)) [if not already present]
         Generating copy(edsclrm(:,:,:)) [if not already present]
         Generating copyin(wpedsclrp_sfc(:,:)) [if not already present]
   1819, Generating copyin(wphydrometp(:,:,:),wp2hmp(:,:,:),thlphmp_zt(:,:,:),l_mix_rat_hm(:),rtphmp_zt(:,:,:),hydromet(:,:,:)) [if not already present]
ar rv /glade/u/home/ilinck/clubb_release/compile/../lib/libclubb_param.a calc_roots.o interpolation.o stats_variables.o clubb_precision.o diagnose_correlations_module.o advance_xm_wpxp_module.o advance_clubb_core_module.o advance_wp2_wp3_module.o clip_semi_implicit.o new_hybrid_pdf.o clubb_api_module.o numerical_check.o setup_clubb_pdf_params.o mixing_length.o clip_explicit.o output_grads.o hydromet_pdf_parameter_module.o lapack_interfaces.o error_code.o calendar.o fill_holes.o advance_xp3_module.o tridiag_lu_solver.o pos_definite_module.o new_hybrid_pdf_main.o stats_sfc_module.o LY93_pdf.o code_timer_module.o stats_rad_zt_module.o new_pdf.o stats_zm_module.o adg1_adg2_3d_luhar_pdf.o matrix_solver_wrapper.o pdf_parameter_module.o stats_lh_zt_module.o Skx_module.o stats_rad_zm_module.o pdf_utilities.o input_reader.o endian.o Nc_Ncn_eqns.o new_pdf_main.o constants_clubb.o stats_type.o advance_helper_module.o lapack_wrap.o saturation.o model_flags.o precipitation_fraction.o index_mapping.o turbulent_adv_pdf.o grid_class.o mean_adv.o stat_file_module.o stats_lh_sfc_module.o advance_xp2_xpyp_module.o file_functions.o diffusion.o mt95.o stats_type_utilities.o corr_varnce_module.o T_in_K_module.o sponge_layer_damping.o matrix_operations.o array_index.o input_names.o stats_clubb_utilities.o pdf_closure_module.o new_tsdadg_pdf.o parameters_model.o mono_flux_limiter.o parameters_tunable.o sigma_sqd_w_module.o output_netcdf.o parameter_indices.o penta_lu_solver.o advance_windm_edsclrm_module.o stats_zt_module.o calc_pressure.o sfc_varnce_module.o
ar: creating /glade/u/home/ilinck/clubb_release/compile/../lib/libclubb_param.a
a - calc_roots.o
a - interpolation.o
a - stats_variables.o
a - clubb_precision.o
a - diagnose_correlations_module.o
a - advance_xm_wpxp_module.o
a - advance_clubb_core_module.o
a - advance_wp2_wp3_module.o
a - clip_semi_implicit.o
a - new_hybrid_pdf.o
a - clubb_api_module.o
a - numerical_check.o
a - setup_clubb_pdf_params.o
a - mixing_length.o
a - clip_explicit.o
a - output_grads.o
a - hydromet_pdf_parameter_module.o
a - lapack_interfaces.o
a - error_code.o
a - calendar.o
a - fill_holes.o
a - advance_xp3_module.o
a - tridiag_lu_solver.o
a - pos_definite_module.o
a - new_hybrid_pdf_main.o
a - stats_sfc_module.o
a - LY93_pdf.o
a - code_timer_module.o
a - stats_rad_zt_module.o
a - new_pdf.o
a - stats_zm_module.o
a - adg1_adg2_3d_luhar_pdf.o
a - matrix_solver_wrapper.o
a - pdf_parameter_module.o
a - stats_lh_zt_module.o
a - Skx_module.o
a - stats_rad_zm_module.o
a - pdf_utilities.o
a - input_reader.o
a - endian.o
a - Nc_Ncn_eqns.o
a - new_pdf_main.o
a - constants_clubb.o
a - stats_type.o
a - advance_helper_module.o
a - lapack_wrap.o
a - saturation.o
a - model_flags.o
a - precipitation_fraction.o
a - index_mapping.o
a - turbulent_adv_pdf.o
a - grid_class.o
a - mean_adv.o
a - stat_file_module.o
a - stats_lh_sfc_module.o
a - advance_xp2_xpyp_module.o
a - file_functions.o
a - diffusion.o
a - mt95.o
a - stats_type_utilities.o
a - corr_varnce_module.o
a - T_in_K_module.o
a - sponge_layer_damping.o
a - matrix_operations.o
a - array_index.o
a - input_names.o
a - stats_clubb_utilities.o
a - pdf_closure_module.o
a - new_tsdadg_pdf.o
a - parameters_model.o
a - mono_flux_limiter.o
a - parameters_tunable.o
a - sigma_sqd_w_module.o
a - output_netcdf.o
a - parameter_indices.o
a - penta_lu_solver.o
a - advance_windm_edsclrm_module.o
a - stats_zt_module.o
a - calc_pressure.o
a - sfc_varnce_module.o
make[1]: Leaving directory '/glade/u/home/ilinck/clubb_release/obj'
cd /glade/u/home/ilinck/clubb_release/compile/../obj; make -f Make.clubb_lapack
make[1]: Entering directory '/glade/u/home/ilinck/clubb_release/obj'
nvfortran -Mcache_align -O2  -I/glade/u/apps/derecho/24.12/spack/opt/spack/netcdf/4.9.2/nvhpc/24.11/vwh4/include -Mbackslash -Mstandard -Kieee -acc -Minfo=accel  -c	/glade/u/home/ilinck/clubb_release/compile/../src/Lapack/Lapack_double/dsteqr.f
nvfortran -Mcache_align -O2  -I/glade/u/apps/derecho/24.12/spack/opt/spack/netcdf/4.9.2/nvhpc/24.11/vwh4/include -Mbackslash -Mstandard -Kieee -acc -Minfo=accel  -c	/glade/u/home/ilinck/clubb_release/compile/../src/Lapack/Lapack_single/ssteqr.f
nvfortran -Mcache_align -O2  -I/glade/u/apps/derecho/24.12/spack/opt/spack/netcdf/4.9.2/nvhpc/24.11/vwh4/include -Mbackslash -Mstandard -Kieee -acc -Minfo=accel  -c	/glade/u/home/ilinck/clubb_release/compile/../src/Lapack/Lapack_single/slaqsy.f
nvfortran -Mcache_align -O2  -I/glade/u/apps/derecho/24.12/spack/opt/spack/netcdf/4.9.2/nvhpc/24.11/vwh4/include -Mbackslash -Mstandard -Kieee -acc -Minfo=accel  -c	/glade/u/home/ilinck/clubb_release/compile/../src/Lapack/Lapack_double/disnan.f
nvfortran -Mcache_align -O2  -I/glade/u/apps/derecho/24.12/spack/opt/spack/netcdf/4.9.2/nvhpc/24.11/vwh4/include -Mbackslash -Mstandard -Kieee -acc -Minfo=accel  -c	/glade/u/home/ilinck/clubb_release/compile/../src/Lapack/Lapack_single/slacpy.f
nvfortran -Mcache_align -O2  -I/glade/u/apps/derecho/24.12/spack/opt/spack/netcdf/4.9.2/nvhpc/24.11/vwh4/include -Mbackslash -Mstandard -Kieee -acc -Minfo=accel  -c	/glade/u/home/ilinck/clubb_release/compile/../src/Lapack/Lapack_single/sgbcon.f
nvfortran -Mcache_align -O2  -I/glade/u/apps/derecho/24.12/spack/opt/spack/netcdf/4.9.2/nvhpc/24.11/vwh4/include -Mbackslash -Mstandard -Kieee -acc -Minfo=accel  -c	/glade/u/home/ilinck/clubb_release/compile/../src/Lapack/Lapack_single/sgbsvx.f
nvfortran -Mcache_align -O2  -I/glade/u/apps/derecho/24.12/spack/opt/spack/netcdf/4.9.2/nvhpc/24.11/vwh4/include -Mbackslash -Mstandard -Kieee -acc -Minfo=accel  -c	/glade/u/home/ilinck/clubb_release/compile/../src/Lapack/Lapack_double/dorg2r.f
nvfortran -Mcache_align -O2  -I/glade/u/apps/derecho/24.12/spack/opt/spack/netcdf/4.9.2/nvhpc/24.11/vwh4/include -Mbackslash -Mstandard -Kieee -acc -Minfo=accel  -c	/glade/u/home/ilinck/clubb_release/compile/../src/Lapack/Lapack_single/slagtm.f
nvfortran -Mcache_align -O2  -I/glade/u/apps/derecho/24.12/spack/opt/spack/netcdf/4.9.2/nvhpc/24.11/vwh4/include -Mbackslash -Mstandard -Kieee -acc -Minfo=accel  -c	/glade/u/home/ilinck/clubb_release/compile/../src/Lapack/Lapack_double/dgbtrf.f
nvfortran -Mcache_align -O2  -I/glade/u/apps/derecho/24.12/spack/opt/spack/netcdf/4.9.2/nvhpc/24.11/vwh4/include -Mbackslash -Mstandard -Kieee -acc -Minfo=accel  -c	/glade/u/home/ilinck/clubb_release/compile/../src/Lapack/Lapack_double/dlagtm.f
nvfortran -Mcache_align -O2  -I/glade/u/apps/derecho/24.12/spack/opt/spack/netcdf/4.9.2/nvhpc/24.11/vwh4/include -Mbackslash -Mstandard -Kieee -acc -Minfo=accel  -c	/glade/u/home/ilinck/clubb_release/compile/../src/Lapack/Lapack_single/sgbrfs.f
nvfortran -Mcache_align -O2  -I/glade/u/apps/derecho/24.12/spack/opt/spack/netcdf/4.9.2/nvhpc/24.11/vwh4/include -Mbackslash -Mstandard -Kieee -acc -Minfo=accel  -c	/glade/u/home/ilinck/clubb_release/compile/../src/Lapack/Lapack_single/spotrf2.f
nvfortran -Mcache_align -O2  -I/glade/u/apps/derecho/24.12/spack/opt/spack/netcdf/4.9.2/nvhpc/24.11/vwh4/include -Mbackslash -Mstandard -Kieee -acc -Minfo=accel  -c	/glade/u/home/ilinck/clubb_release/compile/../src/Lapack/Lapack_double/dsyev.f
nvfortran -Mcache_align -O2  -I/glade/u/apps/derecho/24.12/spack/opt/spack/netcdf/4.9.2/nvhpc/24.11/vwh4/include -Mbackslash -Mstandard -Kieee -acc -Minfo=accel  -c	/glade/u/home/ilinck/clubb_release/compile/../src/Lapack/Lapack_double/iladlr.f
nvfortran -Mcache_align -O2  -I/glade/u/apps/derecho/24.12/spack/opt/spack/netcdf/4.9.2/nvhpc/24.11/vwh4/include -Mbackslash -Mstandard -Kieee -acc -Minfo=accel  -c	/glade/u/home/ilinck/clubb_release/compile/../src/Lapack/Lapack_double/dgtts2.f
nvfortran -Mcache_align -O2  -I/glade/u/apps/derecho/24.12/spack/opt/spack/netcdf/4.9.2/nvhpc/24.11/vwh4/include -Mbackslash -Mstandard -Kieee -acc -Minfo=accel  -c	/glade/u/home/ilinck/clubb_release/compile/../src/Lapack/Lapack_single/sgttrf.f
nvfortran -Mcache_align -O2  -I/glade/u/apps/derecho/24.12/spack/opt/spack/netcdf/4.9.2/nvhpc/24.11/vwh4/include -Mbackslash -Mstandard -Kieee -acc -Minfo=accel  -c	/glade/u/home/ilinck/clubb_release/compile/../src/Lapack/Lapack_double/idamax.f
nvfortran -Mcache_align -O2  -I/glade/u/apps/derecho/24.12/spack/opt/spack/netcdf/4.9.2/nvhpc/24.11/vwh4/include -Mbackslash -Mstandard -Kieee -acc -Minfo=accel  -c	/glade/u/home/ilinck/clubb_release/compile/../src/Lapack/Lapack_double/dsytrd.f
nvfortran -Mcache_align -O2  -I/glade/u/apps/derecho/24.12/spack/opt/spack/netcdf/4.9.2/nvhpc/24.11/vwh4/include -Mbackslash -Mstandard -Kieee -acc -Minfo=accel  -c	/glade/u/home/ilinck/clubb_release/compile/../src/Lapack/Lapack_double/dorg2l.f
nvfortran -Mcache_align -O2  -I/glade/u/apps/derecho/24.12/spack/opt/spack/netcdf/4.9.2/nvhpc/24.11/vwh4/include -Mbackslash -Mstandard -Kieee -acc -Minfo=accel  -c	/glade/u/home/ilinck/clubb_release/compile/../src/Lapack/Lapack_double/dlaswp.f
nvfortran -Mcache_align -O2  -I/glade/u/apps/derecho/24.12/spack/opt/spack/netcdf/4.9.2/nvhpc/24.11/vwh4/include -Mbackslash -Mstandard -Kieee -acc -Minfo=accel  -c	/glade/u/home/ilinck/clubb_release/compile/../src/Lapack/Lapack_single/slabad.f
nvfortran -Mcache_align -O2  -I/glade/u/apps/derecho/24.12/spack/opt/spack/netcdf/4.9.2/nvhpc/24.11/vwh4/include -Mbackslash -Mstandard -Kieee -acc -Minfo=accel  -c	/glade/u/home/ilinck/clubb_release/compile/../src/Lapack/Lapack_double/dsytd2.f
nvfortran -Mcache_align -O2  -I/glade/u/apps/derecho/24.12/spack/opt/spack/netcdf/4.9.2/nvhpc/24.11/vwh4/include -Mbackslash -Mstandard -Kieee -acc -Minfo=accel  -c	/glade/u/home/ilinck/clubb_release/compile/../src/Lapack/Lapack_single/strmm.f
nvfortran -Mcache_align -O2  -I/glade/u/apps/derecho/24.12/spack/opt/spack/netcdf/4.9.2/nvhpc/24.11/vwh4/include -Mbackslash -Mstandard -Kieee -acc -Minfo=accel  -c	/glade/u/home/ilinck/clubb_release/compile/../src/Lapack/Lapack_double/dgemv.f
nvfortran -Mcache_align -O2  -I/glade/u/apps/derecho/24.12/spack/opt/spack/netcdf/4.9.2/nvhpc/24.11/vwh4/include -Mbackslash -Mstandard -Kieee -acc -Minfo=accel  -c	/glade/u/home/ilinck/clubb_release/compile/../src/Lapack/Lapack_single/slasrt.f
nvfortran -Mcache_align -O2  -I/glade/u/apps/derecho/24.12/spack/opt/spack/netcdf/4.9.2/nvhpc/24.11/vwh4/include -Mbackslash -Mstandard -Kieee -acc -Minfo=accel  -c	/glade/u/home/ilinck/clubb_release/compile/../src/Lapack/Lapack_single/slaev2.f
nvfortran -Mcache_align -O2  -I/glade/u/apps/derecho/24.12/spack/opt/spack/netcdf/4.9.2/nvhpc/24.11/vwh4/include -Mbackslash -Mstandard -Kieee -acc -Minfo=accel  -c	/glade/u/home/ilinck/clubb_release/compile/../src/Lapack/Lapack_double/dgbequ.f
nvfortran -Mcache_align -O2  -I/glade/u/apps/derecho/24.12/spack/opt/spack/netcdf/4.9.2/nvhpc/24.11/vwh4/include -Mbackslash -Mstandard -Kieee -acc -Minfo=accel  -c	/glade/u/home/ilinck/clubb_release/compile/../src/Lapack/Lapack_single/sswap.f
nvfortran -Mcache_align -O2  -I/glade/u/apps/derecho/24.12/spack/opt/spack/netcdf/4.9.2/nvhpc/24.11/vwh4/include -Mbackslash -Mstandard -Kieee -acc -Minfo=accel  -c	/glade/u/home/ilinck/clubb_release/compile/../src/Lapack/Lapack_double/dgtrfs.f
nvfortran -Mcache_align -O2  -I/glade/u/apps/derecho/24.12/spack/opt/spack/netcdf/4.9.2/nvhpc/24.11/vwh4/include -Mbackslash -Mstandard -Kieee -acc -Minfo=accel  -c	/glade/u/home/ilinck/clubb_release/compile/../src/Lapack/Lapack_single/slascl.f
nvfortran -Mcache_align -O2  -I/glade/u/apps/derecho/24.12/spack/opt/spack/netcdf/4.9.2/nvhpc/24.11/vwh4/include -Mbackslash -Mstandard -Kieee -acc -Minfo=accel  -c	/glade/u/home/ilinck/clubb_release/compile/../src/Lapack/Lapack_double/dorgql.f
nvfortran -Mcache_align -O2  -I/glade/u/apps/derecho/24.12/spack/opt/spack/netcdf/4.9.2/nvhpc/24.11/vwh4/include -Mbackslash -Mstandard -Kieee -acc -Minfo=accel  -c	/glade/u/home/ilinck/clubb_release/compile/../src/Lapack/Lapack_double/dgttrs.f
nvfortran -Mcache_align -O2  -I/glade/u/apps/derecho/24.12/spack/opt/spack/netcdf/4.9.2/nvhpc/24.11/vwh4/include -Mbackslash -Mstandard -Kieee -acc -Minfo=accel  -c	/glade/u/home/ilinck/clubb_release/compile/../src/Lapack/Lapack_single/slassq.f
nvfortran -Mcache_align -O2  -I/glade/u/apps/derecho/24.12/spack/opt/spack/netcdf/4.9.2/nvhpc/24.11/vwh4/include -Mbackslash -Mstandard -Kieee -acc -Minfo=accel  -c	/glade/u/home/ilinck/clubb_release/compile/../src/Lapack/Lapack_single/slangt.f
nvfortran -Mcache_align -O2  -I/glade/u/apps/derecho/24.12/spack/opt/spack/netcdf/4.9.2/nvhpc/24.11/vwh4/include -Mbackslash -Mstandard -Kieee -acc -Minfo=accel  -c	/glade/u/home/ilinck/clubb_release/compile/../src/Lapack/Lapack_shared/xerbla.f
nvfortran -Mcache_align -O2  -I/glade/u/apps/derecho/24.12/spack/opt/spack/netcdf/4.9.2/nvhpc/24.11/vwh4/include -Mbackslash -Mstandard -Kieee -acc -Minfo=accel  -c	/glade/u/home/ilinck/clubb_release/compile/../src/Lapack/Lapack_double/dlaqsy.f
nvfortran -Mcache_align -O2  -I/glade/u/apps/derecho/24.12/spack/opt/spack/netcdf/4.9.2/nvhpc/24.11/vwh4/include -Mbackslash -Mstandard -Kieee -acc -Minfo=accel  -c	/glade/u/home/ilinck/clubb_release/compile/../src/Lapack/Lapack_shared/lsame.f
nvfortran -Mcache_align -O2  -I/glade/u/apps/derecho/24.12/spack/opt/spack/netcdf/4.9.2/nvhpc/24.11/vwh4/include -Mbackslash -Mstandard -Kieee -acc -Minfo=accel  -c	/glade/u/home/ilinck/clubb_release/compile/../src/Lapack/Lapack_single/slangb.f
nvfortran -Mcache_align -O2  -I/glade/u/apps/derecho/24.12/spack/opt/spack/netcdf/4.9.2/nvhpc/24.11/vwh4/include -Mbackslash -Mstandard -Kieee -acc -Minfo=accel  -c	/glade/u/home/ilinck/clubb_release/compile/../src/Lapack/Lapack_single/snrm2.f
nvfortran -Mcache_align -O2  -I/glade/u/apps/derecho/24.12/spack/opt/spack/netcdf/4.9.2/nvhpc/24.11/vwh4/include -Mbackslash -Mstandard -Kieee -acc -Minfo=accel  -c	/glade/u/home/ilinck/clubb_release/compile/../src/Lapack/Lapack_double/dgbtrs.f
nvfortran -Mcache_align -O2  -I/glade/u/apps/derecho/24.12/spack/opt/spack/netcdf/4.9.2/nvhpc/24.11/vwh4/include -Mbackslash -Mstandard -Kieee -acc -Minfo=accel  -c	/glade/u/home/ilinck/clubb_release/compile/../src/Lapack/Lapack_single/stbsv.f
nvfortran -Mcache_align -O2  -I/glade/u/apps/derecho/24.12/spack/opt/spack/netcdf/4.9.2/nvhpc/24.11/vwh4/include -Mbackslash -Mstandard -Kieee -acc -Minfo=accel  -c	/glade/u/home/ilinck/clubb_release/compile/../src/Lapack/Lapack_single/sdot.f
nvfortran -Mcache_align -O2  -I/glade/u/apps/derecho/24.12/spack/opt/spack/netcdf/4.9.2/nvhpc/24.11/vwh4/include -Mbackslash -Mstandard -Kieee -acc -Minfo=accel  -c	/glade/u/home/ilinck/clubb_release/compile/../src/Lapack/Lapack_single/slaswp.f
nvfortran -Mcache_align -O2  -I/glade/u/apps/derecho/24.12/spack/opt/spack/netcdf/4.9.2/nvhpc/24.11/vwh4/include -Mbackslash -Mstandard -Kieee -acc -Minfo=accel  -c	/glade/u/home/ilinck/clubb_release/compile/../src/Lapack/Lapack_single/sgbequ.f
nvfortran -Mcache_align -O2  -I/glade/u/apps/derecho/24.12/spack/opt/spack/netcdf/4.9.2/nvhpc/24.11/vwh4/include -Mbackslash -Mstandard -Kieee -acc -Minfo=accel  -c	/glade/u/home/ilinck/clubb_release/compile/../src/Lapack/Lapack_single/slasr.f
nvfortran -Mcache_align -O2  -I/glade/u/apps/derecho/24.12/spack/opt/spack/netcdf/4.9.2/nvhpc/24.11/vwh4/include -Mbackslash -Mstandard -Kieee -acc -Minfo=accel  -c	/glade/u/home/ilinck/clubb_release/compile/../src/Lapack/Lapack_single/slapy2.f
nvfortran -Mcache_align -O2  -I/glade/u/apps/derecho/24.12/spack/opt/spack/netcdf/4.9.2/nvhpc/24.11/vwh4/include -Mbackslash -Mstandard -Kieee -acc -Minfo=accel  -c	/glade/u/home/ilinck/clubb_release/compile/../src/Lapack/Lapack_single/sgbtrs.f
nvfortran -Mcache_align -O2  -I/glade/u/apps/derecho/24.12/spack/opt/spack/netcdf/4.9.2/nvhpc/24.11/vwh4/include -Mbackslash -Mstandard -Kieee -acc -Minfo=accel  -c	/glade/u/home/ilinck/clubb_release/compile/../src/Lapack/Lapack_double/dgemm.f
nvfortran -Mcache_align -O2  -I/glade/u/apps/derecho/24.12/spack/opt/spack/netcdf/4.9.2/nvhpc/24.11/vwh4/include -Mbackslash -Mstandard -Kieee -acc -Minfo=accel  -c	/glade/u/home/ilinck/clubb_release/compile/../src/Lapack/Lapack_double/dscal.f
nvfortran -Mcache_align -O2  -I/glade/u/apps/derecho/24.12/spack/opt/spack/netcdf/4.9.2/nvhpc/24.11/vwh4/include -Mbackslash -Mstandard -Kieee -acc -Minfo=accel  -c	/glade/u/home/ilinck/clubb_release/compile/../src/Lapack/Lapack_double/iparmq.f
nvfortran -Mcache_align -O2  -I/glade/u/apps/derecho/24.12/spack/opt/spack/netcdf/4.9.2/nvhpc/24.11/vwh4/include -Mbackslash -Mstandard -Kieee -acc -Minfo=accel  -c	/glade/u/home/ilinck/clubb_release/compile/../src/Lapack/Lapack_single/sgemv.f
nvfortran -Mcache_align -O2  -I/glade/u/apps/derecho/24.12/spack/opt/spack/netcdf/4.9.2/nvhpc/24.11/vwh4/include -Mbackslash -Mstandard -Kieee -acc -Minfo=accel  -c	/glade/u/home/ilinck/clubb_release/compile/../src/Lapack/Lapack_single/sgtts2.f
nvfortran -Mcache_align -O2  -I/glade/u/apps/derecho/24.12/spack/opt/spack/netcdf/4.9.2/nvhpc/24.11/vwh4/include -Mbackslash -Mstandard -Kieee -acc -Minfo=accel  -c	/glade/u/home/ilinck/clubb_release/compile/../src/Lapack/Lapack_double/dgtcon.f
nvfortran -Mcache_align -O2  -I/glade/u/apps/derecho/24.12/spack/opt/spack/netcdf/4.9.2/nvhpc/24.11/vwh4/include -Mbackslash -Mstandard -Kieee -acc -Minfo=accel  -c	/glade/u/home/ilinck/clubb_release/compile/../src/Lapack/Lapack_single/slatbs.f
nvfortran -Mcache_align -O2  -I/glade/u/apps/derecho/24.12/spack/opt/spack/netcdf/4.9.2/nvhpc/24.11/vwh4/include -Mbackslash -Mstandard -Kieee -acc -Minfo=accel  -c	/glade/u/home/ilinck/clubb_release/compile/../src/Lapack/Lapack_single/spotrf.f
nvfortran -Mcache_align -O2  -I/glade/u/apps/derecho/24.12/spack/opt/spack/netcdf/4.9.2/nvhpc/24.11/vwh4/include -Mbackslash -Mstandard -Kieee -acc -Minfo=accel  -c	/glade/u/home/ilinck/clubb_release/compile/../src/Lapack/Lapack_double/dlasrt.f
nvfortran -Mcache_align -O2  -I/glade/u/apps/derecho/24.12/spack/opt/spack/netcdf/4.9.2/nvhpc/24.11/vwh4/include -Mbackslash -Mstandard -Kieee -acc -Minfo=accel  -c	/glade/u/home/ilinck/clubb_release/compile/../src/Lapack/Lapack_double/dgbcon.f
nvfortran -Mcache_align -O2  -I/glade/u/apps/derecho/24.12/spack/opt/spack/netcdf/4.9.2/nvhpc/24.11/vwh4/include -Mbackslash -Mstandard -Kieee -acc -Minfo=accel  -c	/glade/u/home/ilinck/clubb_release/compile/../src/Lapack/Lapack_double/dlabad.f
nvfortran -Mcache_align -O2  -I/glade/u/apps/derecho/24.12/spack/opt/spack/netcdf/4.9.2/nvhpc/24.11/vwh4/include -Mbackslash -Mstandard -Kieee -acc -Minfo=accel  -c	/glade/u/home/ilinck/clubb_release/compile/../src/Lapack/Lapack_double/dgttrf.f
nvfortran -Mcache_align -O2  -I/glade/u/apps/derecho/24.12/spack/opt/spack/netcdf/4.9.2/nvhpc/24.11/vwh4/include -Mbackslash -Mstandard -Kieee -acc -Minfo=accel  -c	/glade/u/home/ilinck/clubb_release/compile/../src/Lapack/Lapack_double/dlaset.f
nvfortran -Mcache_align -O2  -I/glade/u/apps/derecho/24.12/spack/opt/spack/netcdf/4.9.2/nvhpc/24.11/vwh4/include -Mbackslash -Mstandard -Kieee -acc -Minfo=accel  -c	/glade/u/home/ilinck/clubb_release/compile/../src/Lapack/Lapack_double/dgbsv.f
nvfortran -Mcache_align -O2  -I/glade/u/apps/derecho/24.12/spack/opt/spack/netcdf/4.9.2/nvhpc/24.11/vwh4/include -Mbackslash -Mstandard -Kieee -acc -Minfo=accel  -c	/glade/u/home/ilinck/clubb_release/compile/../src/Lapack/Lapack_single/strsm.f
nvfortran -Mcache_align -O2  -I/glade/u/apps/derecho/24.12/spack/opt/spack/netcdf/4.9.2/nvhpc/24.11/vwh4/include -Mbackslash -Mstandard -Kieee -acc -Minfo=accel  -c	/glade/u/home/ilinck/clubb_release/compile/../src/Lapack/Lapack_single/strmv.f
nvfortran -Mcache_align -O2  -I/glade/u/apps/derecho/24.12/spack/opt/spack/netcdf/4.9.2/nvhpc/24.11/vwh4/include -Mbackslash -Mstandard -Kieee -acc -Minfo=accel  -c	/glade/u/home/ilinck/clubb_release/compile/../src/Lapack/Lapack_single/slacn2.f
nvfortran -Mcache_align -O2  -I/glade/u/apps/derecho/24.12/spack/opt/spack/netcdf/4.9.2/nvhpc/24.11/vwh4/include -Mbackslash -Mstandard -Kieee -acc -Minfo=accel  -c	/glade/u/home/ilinck/clubb_release/compile/../src/Lapack/Lapack_double/ieeeck.f
nvfortran -Mcache_align -O2  -I/glade/u/apps/derecho/24.12/spack/opt/spack/netcdf/4.9.2/nvhpc/24.11/vwh4/include -Mbackslash -Mstandard -Kieee -acc -Minfo=accel  -c	/glade/u/home/ilinck/clubb_release/compile/../src/Lapack/Lapack_single/slae2.f
nvfortran -Mcache_align -O2  -I/glade/u/apps/derecho/24.12/spack/opt/spack/netcdf/4.9.2/nvhpc/24.11/vwh4/include -Mbackslash -Mstandard -Kieee -acc -Minfo=accel  -c	/glade/u/home/ilinck/clubb_release/compile/../src/Lapack/Lapack_double/dger.f
nvfortran -Mcache_align -O2  -I/glade/u/apps/derecho/24.12/spack/opt/spack/netcdf/4.9.2/nvhpc/24.11/vwh4/include -Mbackslash -Mstandard -Kieee -acc -Minfo=accel  -c	/glade/u/home/ilinck/clubb_release/compile/../src/Lapack/Lapack_double/dlascl.f
nvfortran -Mcache_align -O2  -I/glade/u/apps/derecho/24.12/spack/opt/spack/netcdf/4.9.2/nvhpc/24.11/vwh4/include -Mbackslash -Mstandard -Kieee -acc -Minfo=accel  -c	/glade/u/home/ilinck/clubb_release/compile/../src/Lapack/Lapack_double/dlaqgb.f
nvfortran -Mcache_align -O2  -I/glade/u/apps/derecho/24.12/spack/opt/spack/netcdf/4.9.2/nvhpc/24.11/vwh4/include -Mbackslash -Mstandard -Kieee -acc -Minfo=accel  -c	/glade/u/home/ilinck/clubb_release/compile/../src/Lapack/Lapack_double/dtbsv.f
nvfortran -Mcache_align -O2  -I/glade/u/apps/derecho/24.12/spack/opt/spack/netcdf/4.9.2/nvhpc/24.11/vwh4/include -Mbackslash -Mstandard -Kieee -acc -Minfo=accel  -c	/glade/u/home/ilinck/clubb_release/compile/../src/Lapack/Lapack_single/slarft.f
nvfortran -Mcache_align -O2  -I/glade/u/apps/derecho/24.12/spack/opt/spack/netcdf/4.9.2/nvhpc/24.11/vwh4/include -Mbackslash -Mstandard -Kieee -acc -Minfo=accel  -c	/glade/u/home/ilinck/clubb_release/compile/../src/Lapack/Lapack_double/dnrm2.f
nvfortran -Mcache_align -O2  -I/glade/u/apps/derecho/24.12/spack/opt/spack/netcdf/4.9.2/nvhpc/24.11/vwh4/include -Mbackslash -Mstandard -Kieee -acc -Minfo=accel  -c	/glade/u/home/ilinck/clubb_release/compile/../src/Lapack/Lapack_double/dgbsvx.f
nvfortran -Mcache_align -O2  -I/glade/u/apps/derecho/24.12/spack/opt/spack/netcdf/4.9.2/nvhpc/24.11/vwh4/include -Mbackslash -Mstandard -Kieee -acc -Minfo=accel  -c	/glade/u/home/ilinck/clubb_release/compile/../src/Lapack/Lapack_double/dlarf.f
nvfortran -Mcache_align -O2  -I/glade/u/apps/derecho/24.12/spack/opt/spack/netcdf/4.9.2/nvhpc/24.11/vwh4/include -Mbackslash -Mstandard -Kieee -acc -Minfo=accel  -c	/glade/u/home/ilinck/clubb_release/compile/../src/Lapack/Lapack_single/slarf.f
nvfortran -Mcache_align -O2  -I/glade/u/apps/derecho/24.12/spack/opt/spack/netcdf/4.9.2/nvhpc/24.11/vwh4/include -Mbackslash -Mstandard -Kieee -acc -Minfo=accel  -c	/glade/u/home/ilinck/clubb_release/compile/../src/Lapack/Lapack_single/ssyev.f
nvfortran -Mcache_align -O2  -I/glade/u/apps/derecho/24.12/spack/opt/spack/netcdf/4.9.2/nvhpc/24.11/vwh4/include -Mbackslash -Mstandard -Kieee -acc -Minfo=accel  -c	/glade/u/home/ilinck/clubb_release/compile/../src/Lapack/Lapack_single/slantb.f
nvfortran -Mcache_align -O2  -I/glade/u/apps/derecho/24.12/spack/opt/spack/netcdf/4.9.2/nvhpc/24.11/vwh4/include -Mbackslash -Mstandard -Kieee -acc -Minfo=accel  -c	/glade/u/home/ilinck/clubb_release/compile/../src/Lapack/Lapack_double/dpoequ.f
nvfortran -Mcache_align -O2  -I/glade/u/apps/derecho/24.12/spack/opt/spack/netcdf/4.9.2/nvhpc/24.11/vwh4/include -Mbackslash -Mstandard -Kieee -acc -Minfo=accel  -c	/glade/u/home/ilinck/clubb_release/compile/../src/Lapack/Lapack_double/dsyrk.f
nvfortran -Mcache_align -O2  -I/glade/u/apps/derecho/24.12/spack/opt/spack/netcdf/4.9.2/nvhpc/24.11/vwh4/include -Mbackslash -Mstandard -Kieee -acc -Minfo=accel  -c	/glade/u/home/ilinck/clubb_release/compile/../src/Lapack/Lapack_single/slanst.f
nvfortran -Mcache_align -O2  -I/glade/u/apps/derecho/24.12/spack/opt/spack/netcdf/4.9.2/nvhpc/24.11/vwh4/include -Mbackslash -Mstandard -Kieee -acc -Minfo=accel  -c	/glade/u/home/ilinck/clubb_release/compile/../src/Lapack/Lapack_single/sgtsvx.f
nvfortran -Mcache_align -O2  -I/glade/u/apps/derecho/24.12/spack/opt/spack/netcdf/4.9.2/nvhpc/24.11/vwh4/include -Mbackslash -Mstandard -Kieee -acc -Minfo=accel  -c	/glade/u/home/ilinck/clubb_release/compile/../src/Lapack/Lapack_single/sorgql.f
nvfortran -Mcache_align -O2  -I/glade/u/apps/derecho/24.12/spack/opt/spack/netcdf/4.9.2/nvhpc/24.11/vwh4/include -Mbackslash -Mstandard -Kieee -acc -Minfo=accel  -c	/glade/u/home/ilinck/clubb_release/compile/../src/Lapack/Lapack_single/ssymv.f
nvfortran -Mcache_align -O2  -I/glade/u/apps/derecho/24.12/spack/opt/spack/netcdf/4.9.2/nvhpc/24.11/vwh4/include -Mbackslash -Mstandard -Kieee -acc -Minfo=accel  -c	/glade/u/home/ilinck/clubb_release/compile/../src/Lapack/Lapack_double/dsyr2.f
nvfortran -Mcache_align -O2  -I/glade/u/apps/derecho/24.12/spack/opt/spack/netcdf/4.9.2/nvhpc/24.11/vwh4/include -Mbackslash -Mstandard -Kieee -acc -Minfo=accel  -c	/glade/u/home/ilinck/clubb_release/compile/../src/Lapack/Lapack_single/sgbtf2.f
nvfortran -Mcache_align -O2  -I/glade/u/apps/derecho/24.12/spack/opt/spack/netcdf/4.9.2/nvhpc/24.11/vwh4/include -Mbackslash -Mstandard -Kieee -acc -Minfo=accel  -c	/glade/u/home/ilinck/clubb_release/compile/../src/Lapack/Lapack_double/dlaisnan.f
nvfortran -Mcache_align -O2  -I/glade/u/apps/derecho/24.12/spack/opt/spack/netcdf/4.9.2/nvhpc/24.11/vwh4/include -Mbackslash -Mstandard -Kieee -acc -Minfo=accel  -c	/glade/u/home/ilinck/clubb_release/compile/../src/Lapack/Lapack_single/slansy.f
nvfortran -Mcache_align -O2  -I/glade/u/apps/derecho/24.12/spack/opt/spack/netcdf/4.9.2/nvhpc/24.11/vwh4/include -Mbackslash -Mstandard -Kieee -acc -Minfo=accel  -c	/glade/u/home/ilinck/clubb_release/compile/../src/Lapack/Lapack_single/sgbtrf.f
nvfortran -Mcache_align -O2  -I/glade/u/apps/derecho/24.12/spack/opt/spack/netcdf/4.9.2/nvhpc/24.11/vwh4/include -Mbackslash -Mstandard -Kieee -acc -Minfo=accel  -c	/glade/u/home/ilinck/clubb_release/compile/../src/Lapack/Lapack_double/dlapy2.f
nvfortran -Mcache_align -O2  -I/glade/u/apps/derecho/24.12/spack/opt/spack/netcdf/4.9.2/nvhpc/24.11/vwh4/include -Mbackslash -Mstandard -Kieee -acc -Minfo=accel  -c	/glade/u/home/ilinck/clubb_release/compile/../src/Lapack/Lapack_double/dlassq.f
nvfortran -Mcache_align -O2  -I/glade/u/apps/derecho/24.12/spack/opt/spack/netcdf/4.9.2/nvhpc/24.11/vwh4/include -Mbackslash -Mstandard -Kieee -acc -Minfo=accel  -c	/glade/u/home/ilinck/clubb_release/compile/../src/Lapack/Lapack_single/isamax.f
nvfortran -Mcache_align -O2  -I/glade/u/apps/derecho/24.12/spack/opt/spack/netcdf/4.9.2/nvhpc/24.11/vwh4/include -Mbackslash -Mstandard -Kieee -acc -Minfo=accel  -c	/glade/u/home/ilinck/clubb_release/compile/../src/Lapack/Lapack_single/ilaslc.f
nvfortran -Mcache_align -O2  -I/glade/u/apps/derecho/24.12/spack/opt/spack/netcdf/4.9.2/nvhpc/24.11/vwh4/include -Mbackslash -Mstandard -Kieee -acc -Minfo=accel  -c	/glade/u/home/ilinck/clubb_release/compile/../src/Lapack/Lapack_double/dsterf.f
nvfortran -Mcache_align -O2  -I/glade/u/apps/derecho/24.12/spack/opt/spack/netcdf/4.9.2/nvhpc/24.11/vwh4/include -Mbackslash -Mstandard -Kieee -acc -Minfo=accel  -c	/glade/u/home/ilinck/clubb_release/compile/../src/Lapack/Lapack_single/ssyr2k.f
nvfortran -Mcache_align -O2  -I/glade/u/apps/derecho/24.12/spack/opt/spack/netcdf/4.9.2/nvhpc/24.11/vwh4/include -Mbackslash -Mstandard -Kieee -acc -Minfo=accel  -c	/glade/u/home/ilinck/clubb_release/compile/../src/Lapack/Lapack_single/sorg2r.f
nvfortran -Mcache_align -O2  -I/glade/u/apps/derecho/24.12/spack/opt/spack/netcdf/4.9.2/nvhpc/24.11/vwh4/include -Mbackslash -Mstandard -Kieee -acc -Minfo=accel  -c	/glade/u/home/ilinck/clubb_release/compile/../src/Lapack/Lapack_single/slaset.f
nvfortran -Mcache_align -O2  -I/glade/u/apps/derecho/24.12/spack/opt/spack/netcdf/4.9.2/nvhpc/24.11/vwh4/include -Mbackslash -Mstandard -Kieee -acc -Minfo=accel  -c	/glade/u/home/ilinck/clubb_release/compile/../src/Lapack/Lapack_double/dlarfb.f
nvfortran -Mcache_align -O2  -I/glade/u/apps/derecho/24.12/spack/opt/spack/netcdf/4.9.2/nvhpc/24.11/vwh4/include -Mbackslash -Mstandard -Kieee -acc -Minfo=accel  -c	/glade/u/home/ilinck/clubb_release/compile/../src/Lapack/Lapack_single/sgtcon.f
nvfortran -Mcache_align -O2  -I/glade/u/apps/derecho/24.12/spack/opt/spack/netcdf/4.9.2/nvhpc/24.11/vwh4/include -Mbackslash -Mstandard -Kieee -acc -Minfo=accel  -c	/glade/u/home/ilinck/clubb_release/compile/../src/Lapack/Lapack_single/srscl.f
nvfortran -Mcache_align -O2  -I/glade/u/apps/derecho/24.12/spack/opt/spack/netcdf/4.9.2/nvhpc/24.11/vwh4/include -Mbackslash -Mstandard -Kieee -acc -Minfo=accel  -c	/glade/u/home/ilinck/clubb_release/compile/../src/Lapack/Lapack_double/dlangt.f
nvfortran -Mcache_align -O2  -I/glade/u/apps/derecho/24.12/spack/opt/spack/netcdf/4.9.2/nvhpc/24.11/vwh4/include -Mbackslash -Mstandard -Kieee -acc -Minfo=accel  -c	/glade/u/home/ilinck/clubb_release/compile/../src/Lapack/Lapack_single/sger.f
nvfortran -Mcache_align -O2  -I/glade/u/apps/derecho/24.12/spack/opt/spack/netcdf/4.9.2/nvhpc/24.11/vwh4/include -Mbackslash -Mstandard -Kieee -acc -Minfo=accel  -c	/glade/u/home/ilinck/clubb_release/compile/../src/Lapack/Lapack_single/ssterf.f
nvfortran -Mcache_align -O2  -I/glade/u/apps/derecho/24.12/spack/opt/spack/netcdf/4.9.2/nvhpc/24.11/vwh4/include -Mbackslash -Mstandard -Kieee -acc -Minfo=accel  -c	/glade/u/home/ilinck/clubb_release/compile/../src/Lapack/Lapack_double/dgtsv.f
nvfortran -Mcache_align -O2  -I/glade/u/apps/derecho/24.12/spack/opt/spack/netcdf/4.9.2/nvhpc/24.11/vwh4/include -Mbackslash -Mstandard -Kieee -acc -Minfo=accel  -c	/glade/u/home/ilinck/clubb_release/compile/../src/Lapack/Lapack_single/slamch.f
NVFORTRAN-W-0130-Floating point underflow. Check constants and constant expressions (/glade/u/home/ilinck/clubb_release/compile/../src/Lapack/Lapack_single/slamch.f: 113)
nvfortran -Mcache_align -O2  -I/glade/u/apps/derecho/24.12/spack/opt/spack/netcdf/4.9.2/nvhpc/24.11/vwh4/include -Mbackslash -Mstandard -Kieee -acc -Minfo=accel  -c	/glade/u/home/ilinck/clubb_release/compile/../src/Lapack/Lapack_single/slatrd.f
  0 inform,   1 warnings,   0 severes, 0 fatal for slamch
nvfortran -Mcache_align -O2  -I/glade/u/apps/derecho/24.12/spack/opt/spack/netcdf/4.9.2/nvhpc/24.11/vwh4/include -Mbackslash -Mstandard -Kieee -acc -Minfo=accel  -c	/glade/u/home/ilinck/clubb_release/compile/../src/Lapack/Lapack_double/dcopy.f
nvfortran -Mcache_align -O2  -I/glade/u/apps/derecho/24.12/spack/opt/spack/netcdf/4.9.2/nvhpc/24.11/vwh4/include -Mbackslash -Mstandard -Kieee -acc -Minfo=accel  -c	/glade/u/home/ilinck/clubb_release/compile/../src/Lapack/Lapack_double/dlasr.f
nvfortran -Mcache_align -O2  -I/glade/u/apps/derecho/24.12/spack/opt/spack/netcdf/4.9.2/nvhpc/24.11/vwh4/include -Mbackslash -Mstandard -Kieee -acc -Minfo=accel  -c	/glade/u/home/ilinck/clubb_release/compile/../src/Lapack/Lapack_single/spoequ.f
nvfortran -Mcache_align -O2  -I/glade/u/apps/derecho/24.12/spack/opt/spack/netcdf/4.9.2/nvhpc/24.11/vwh4/include -Mbackslash -Mstandard -Kieee -acc -Minfo=accel  -c	/glade/u/home/ilinck/clubb_release/compile/../src/Lapack/Lapack_single/sorgtr.f
nvfortran -Mcache_align -O2  -I/glade/u/apps/derecho/24.12/spack/opt/spack/netcdf/4.9.2/nvhpc/24.11/vwh4/include -Mbackslash -Mstandard -Kieee -acc -Minfo=accel  -c	/glade/u/home/ilinck/clubb_release/compile/../src/Lapack/Lapack_double/iladlc.f
nvfortran -Mcache_align -O2  -I/glade/u/apps/derecho/24.12/spack/opt/spack/netcdf/4.9.2/nvhpc/24.11/vwh4/include -Mbackslash -Mstandard -Kieee -acc -Minfo=accel  -c	/glade/u/home/ilinck/clubb_release/compile/../src/Lapack/Lapack_double/dlansy.f
nvfortran -Mcache_align -O2  -I/glade/u/apps/derecho/24.12/spack/opt/spack/netcdf/4.9.2/nvhpc/24.11/vwh4/include -Mbackslash -Mstandard -Kieee -acc -Minfo=accel  -c	/glade/u/home/ilinck/clubb_release/compile/../src/Lapack/Lapack_single/ssytrd.f
nvfortran -Mcache_align -O2  -I/glade/u/apps/derecho/24.12/spack/opt/spack/netcdf/4.9.2/nvhpc/24.11/vwh4/include -Mbackslash -Mstandard -Kieee -acc -Minfo=accel  -c	/glade/u/home/ilinck/clubb_release/compile/../src/Lapack/Lapack_single/ilaslr.f
nvfortran -Mcache_align -O2  -I/glade/u/apps/derecho/24.12/spack/opt/spack/netcdf/4.9.2/nvhpc/24.11/vwh4/include -Mbackslash -Mstandard -Kieee -acc -Minfo=accel  -c	/glade/u/home/ilinck/clubb_release/compile/../src/Lapack/Lapack_single/sgbmv.f
nvfortran -Mcache_align -O2  -I/glade/u/apps/derecho/24.12/spack/opt/spack/netcdf/4.9.2/nvhpc/24.11/vwh4/include -Mbackslash -Mstandard -Kieee -acc -Minfo=accel  -c	/glade/u/home/ilinck/clubb_release/compile/../src/Lapack/Lapack_double/dlaev2.f
nvfortran -Mcache_align -O2  -I/glade/u/apps/derecho/24.12/spack/opt/spack/netcdf/4.9.2/nvhpc/24.11/vwh4/include -Mbackslash -Mstandard -Kieee -acc -Minfo=accel  -c	/glade/u/home/ilinck/clubb_release/compile/../src/Lapack/Lapack_single/sscal.f
nvfortran -Mcache_align -O2  -I/glade/u/apps/derecho/24.12/spack/opt/spack/netcdf/4.9.2/nvhpc/24.11/vwh4/include -Mbackslash -Mstandard -Kieee -acc -Minfo=accel  -c	/glade/u/home/ilinck/clubb_release/compile/../src/Lapack/Lapack_single/slaisnan.f
nvfortran -Mcache_align -O2  -I/glade/u/apps/derecho/24.12/spack/opt/spack/netcdf/4.9.2/nvhpc/24.11/vwh4/include -Mbackslash -Mstandard -Kieee -acc -Minfo=accel  -c	/glade/u/home/ilinck/clubb_release/compile/../src/Lapack/Lapack_single/slartg.f
nvfortran -Mcache_align -O2  -I/glade/u/apps/derecho/24.12/spack/opt/spack/netcdf/4.9.2/nvhpc/24.11/vwh4/include -Mbackslash -Mstandard -Kieee -acc -Minfo=accel  -c	/glade/u/home/ilinck/clubb_release/compile/../src/Lapack/Lapack_double/ilaenv.f
nvfortran -Mcache_align -O2  -I/glade/u/apps/derecho/24.12/spack/opt/spack/netcdf/4.9.2/nvhpc/24.11/vwh4/include -Mbackslash -Mstandard -Kieee -acc -Minfo=accel  -c	/glade/u/home/ilinck/clubb_release/compile/../src/Lapack/Lapack_single/sorg2l.f
nvfortran -Mcache_align -O2  -I/glade/u/apps/derecho/24.12/spack/opt/spack/netcdf/4.9.2/nvhpc/24.11/vwh4/include -Mbackslash -Mstandard -Kieee -acc -Minfo=accel  -c	/glade/u/home/ilinck/clubb_release/compile/../src/Lapack/Lapack_single/slarfb.f
nvfortran -Mcache_align -O2  -I/glade/u/apps/derecho/24.12/spack/opt/spack/netcdf/4.9.2/nvhpc/24.11/vwh4/include -Mbackslash -Mstandard -Kieee -acc -Minfo=accel  -c	/glade/u/home/ilinck/clubb_release/compile/../src/Lapack/Lapack_double/dorgtr.f
nvfortran -Mcache_align -O2  -I/glade/u/apps/derecho/24.12/spack/opt/spack/netcdf/4.9.2/nvhpc/24.11/vwh4/include -Mbackslash -Mstandard -Kieee -acc -Minfo=accel  -c	/glade/u/home/ilinck/clubb_release/compile/../src/Lapack/Lapack_double/dlacpy.f
nvfortran -Mcache_align -O2  -I/glade/u/apps/derecho/24.12/spack/opt/spack/netcdf/4.9.2/nvhpc/24.11/vwh4/include -Mbackslash -Mstandard -Kieee -acc -Minfo=accel  -c	/glade/u/home/ilinck/clubb_release/compile/../src/Lapack/Lapack_single/sgtsv.f
nvfortran -Mcache_align -O2  -I/glade/u/apps/derecho/24.12/spack/opt/spack/netcdf/4.9.2/nvhpc/24.11/vwh4/include -Mbackslash -Mstandard -Kieee -acc -Minfo=accel  -c	/glade/u/home/ilinck/clubb_release/compile/../src/Lapack/Lapack_double/dlarfg.f
nvfortran -Mcache_align -O2  -I/glade/u/apps/derecho/24.12/spack/opt/spack/netcdf/4.9.2/nvhpc/24.11/vwh4/include -Mbackslash -Mstandard -Kieee -acc -Minfo=accel  -c	/glade/u/home/ilinck/clubb_release/compile/../src/Lapack/Lapack_double/dasum.f
nvfortran -Mcache_align -O2  -I/glade/u/apps/derecho/24.12/spack/opt/spack/netcdf/4.9.2/nvhpc/24.11/vwh4/include -Mbackslash -Mstandard -Kieee -acc -Minfo=accel  -c	/glade/u/home/ilinck/clubb_release/compile/../src/Lapack/Lapack_double/dlamch.f
nvfortran -Mcache_align -O2  -I/glade/u/apps/derecho/24.12/spack/opt/spack/netcdf/4.9.2/nvhpc/24.11/vwh4/include -Mbackslash -Mstandard -Kieee -acc -Minfo=accel  -c	/glade/u/home/ilinck/clubb_release/compile/../src/Lapack/Lapack_single/sgemm.f
NVFORTRAN-W-0130-Floating point underflow. Check constants and constant expressions (/glade/u/home/ilinck/clubb_release/compile/../src/Lapack/Lapack_double/dlamch.f: 109)
  0 inform,   1 warnings,   0 severes, 0 fatal for dlamch
nvfortran -Mcache_align -O2  -I/glade/u/apps/derecho/24.12/spack/opt/spack/netcdf/4.9.2/nvhpc/24.11/vwh4/include -Mbackslash -Mstandard -Kieee -acc -Minfo=accel  -c	/glade/u/home/ilinck/clubb_release/compile/../src/Lapack/Lapack_single/slaqgb.f
nvfortran -Mcache_align -O2  -I/glade/u/apps/derecho/24.12/spack/opt/spack/netcdf/4.9.2/nvhpc/24.11/vwh4/include -Mbackslash -Mstandard -Kieee -acc -Minfo=accel  -c	/glade/u/home/ilinck/clubb_release/compile/../src/Lapack/Lapack_double/dlarft.f
nvfortran -Mcache_align -O2  -I/glade/u/apps/derecho/24.12/spack/opt/spack/netcdf/4.9.2/nvhpc/24.11/vwh4/include -Mbackslash -Mstandard -Kieee -acc -Minfo=accel  -c	/glade/u/home/ilinck/clubb_release/compile/../src/Lapack/Lapack_double/dlacn2.f
nvfortran -Mcache_align -O2  -I/glade/u/apps/derecho/24.12/spack/opt/spack/netcdf/4.9.2/nvhpc/24.11/vwh4/include -Mbackslash -Mstandard -Kieee -acc -Minfo=accel  -c	/glade/u/home/ilinck/clubb_release/compile/../src/Lapack/Lapack_double/dlangb.f
nvfortran -Mcache_align -O2  -I/glade/u/apps/derecho/24.12/spack/opt/spack/netcdf/4.9.2/nvhpc/24.11/vwh4/include -Mbackslash -Mstandard -Kieee -acc -Minfo=accel  -c	/glade/u/home/ilinck/clubb_release/compile/../src/Lapack/Lapack_single/sasum.f
nvfortran -Mcache_align -O2  -I/glade/u/apps/derecho/24.12/spack/opt/spack/netcdf/4.9.2/nvhpc/24.11/vwh4/include -Mbackslash -Mstandard -Kieee -acc -Minfo=accel  -c	/glade/u/home/ilinck/clubb_release/compile/../src/Lapack/Lapack_single/sgttrs.f
nvfortran -Mcache_align -O2  -I/glade/u/apps/derecho/24.12/spack/opt/spack/netcdf/4.9.2/nvhpc/24.11/vwh4/include -Mbackslash -Mstandard -Kieee -acc -Minfo=accel  -c	/glade/u/home/ilinck/clubb_release/compile/../src/Lapack/Lapack_double/dgbrfs.f
nvfortran -Mcache_align -O2  -I/glade/u/apps/derecho/24.12/spack/opt/spack/netcdf/4.9.2/nvhpc/24.11/vwh4/include -Mbackslash -Mstandard -Kieee -acc -Minfo=accel  -c	/glade/u/home/ilinck/clubb_release/compile/../src/Lapack/Lapack_single/ssyr2.f
nvfortran -Mcache_align -O2  -I/glade/u/apps/derecho/24.12/spack/opt/spack/netcdf/4.9.2/nvhpc/24.11/vwh4/include -Mbackslash -Mstandard -Kieee -acc -Minfo=accel  -c	/glade/u/home/ilinck/clubb_release/compile/../src/Lapack/Lapack_double/dlae2.f
nvfortran -Mcache_align -O2  -I/glade/u/apps/derecho/24.12/spack/opt/spack/netcdf/4.9.2/nvhpc/24.11/vwh4/include -Mbackslash -Mstandard -Kieee -acc -Minfo=accel  -c	/glade/u/home/ilinck/clubb_release/compile/../src/Lapack/Lapack_double/dlartg.f
nvfortran -Mcache_align -O2  -I/glade/u/apps/derecho/24.12/spack/opt/spack/netcdf/4.9.2/nvhpc/24.11/vwh4/include -Mbackslash -Mstandard -Kieee -acc -Minfo=accel  -c	/glade/u/home/ilinck/clubb_release/compile/../src/Lapack/Lapack_double/dlatrd.f
nvfortran -Mcache_align -O2  -I/glade/u/apps/derecho/24.12/spack/opt/spack/netcdf/4.9.2/nvhpc/24.11/vwh4/include -Mbackslash -Mstandard -Kieee -acc -Minfo=accel  -c	/glade/u/home/ilinck/clubb_release/compile/../src/Lapack/Lapack_double/dorgqr.f
nvfortran -Mcache_align -O2  -I/glade/u/apps/derecho/24.12/spack/opt/spack/netcdf/4.9.2/nvhpc/24.11/vwh4/include -Mbackslash -Mstandard -Kieee -acc -Minfo=accel  -c	/glade/u/home/ilinck/clubb_release/compile/../src/Lapack/Lapack_single/saxpy.f
nvfortran -Mcache_align -O2  -I/glade/u/apps/derecho/24.12/spack/opt/spack/netcdf/4.9.2/nvhpc/24.11/vwh4/include -Mbackslash -Mstandard -Kieee -acc -Minfo=accel  -c	/glade/u/home/ilinck/clubb_release/compile/../src/Lapack/Lapack_single/sorgqr.f
nvfortran -Mcache_align -O2  -I/glade/u/apps/derecho/24.12/spack/opt/spack/netcdf/4.9.2/nvhpc/24.11/vwh4/include -Mbackslash -Mstandard -Kieee -acc -Minfo=accel  -c	/glade/u/home/ilinck/clubb_release/compile/../src/Lapack/Lapack_double/dgbmv.f
nvfortran -Mcache_align -O2  -I/glade/u/apps/derecho/24.12/spack/opt/spack/netcdf/4.9.2/nvhpc/24.11/vwh4/include -Mbackslash -Mstandard -Kieee -acc -Minfo=accel  -c	/glade/u/home/ilinck/clubb_release/compile/../src/Lapack/Lapack_double/dlanst.f
nvfortran -Mcache_align -O2  -I/glade/u/apps/derecho/24.12/spack/opt/spack/netcdf/4.9.2/nvhpc/24.11/vwh4/include -Mbackslash -Mstandard -Kieee -acc -Minfo=accel  -c	/glade/u/home/ilinck/clubb_release/compile/../src/Lapack/Lapack_double/dlantb.f
nvfortran -Mcache_align -O2  -I/glade/u/apps/derecho/24.12/spack/opt/spack/netcdf/4.9.2/nvhpc/24.11/vwh4/include -Mbackslash -Mstandard -Kieee -acc -Minfo=accel  -c	/glade/u/home/ilinck/clubb_release/compile/../src/Lapack/Lapack_single/scopy.f
nvfortran -Mcache_align -O2  -I/glade/u/apps/derecho/24.12/spack/opt/spack/netcdf/4.9.2/nvhpc/24.11/vwh4/include -Mbackslash -Mstandard -Kieee -acc -Minfo=accel  -c	/glade/u/home/ilinck/clubb_release/compile/../src/Lapack/Lapack_single/ssyrk.f
nvfortran -Mcache_align -O2  -I/glade/u/apps/derecho/24.12/spack/opt/spack/netcdf/4.9.2/nvhpc/24.11/vwh4/include -Mbackslash -Mstandard -Kieee -acc -Minfo=accel  -c	/glade/u/home/ilinck/clubb_release/compile/../src/Lapack/Lapack_single/slarfg.f
nvfortran -Mcache_align -O2  -I/glade/u/apps/derecho/24.12/spack/opt/spack/netcdf/4.9.2/nvhpc/24.11/vwh4/include -Mbackslash -Mstandard -Kieee -acc -Minfo=accel  -c	/glade/u/home/ilinck/clubb_release/compile/../src/Lapack/Lapack_double/dgtsvx.f
nvfortran -Mcache_align -O2  -I/glade/u/apps/derecho/24.12/spack/opt/spack/netcdf/4.9.2/nvhpc/24.11/vwh4/include -Mbackslash -Mstandard -Kieee -acc -Minfo=accel  -c	/glade/u/home/ilinck/clubb_release/compile/../src/Lapack/Lapack_double/dtrsm.f
nvfortran -Mcache_align -O2  -I/glade/u/apps/derecho/24.12/spack/opt/spack/netcdf/4.9.2/nvhpc/24.11/vwh4/include -Mbackslash -Mstandard -Kieee -acc -Minfo=accel  -c	/glade/u/home/ilinck/clubb_release/compile/../src/Lapack/Lapack_single/sisnan.f
nvfortran -Mcache_align -O2  -I/glade/u/apps/derecho/24.12/spack/opt/spack/netcdf/4.9.2/nvhpc/24.11/vwh4/include -Mbackslash -Mstandard -Kieee -acc -Minfo=accel  -c	/glade/u/home/ilinck/clubb_release/compile/../src/Lapack/Lapack_double/dgbtf2.f
nvfortran -Mcache_align -O2  -I/glade/u/apps/derecho/24.12/spack/opt/spack/netcdf/4.9.2/nvhpc/24.11/vwh4/include -Mbackslash -Mstandard -Kieee -acc -Minfo=accel  -c	/glade/u/home/ilinck/clubb_release/compile/../src/Lapack/Lapack_double/daxpy.f
nvfortran -Mcache_align -O2  -I/glade/u/apps/derecho/24.12/spack/opt/spack/netcdf/4.9.2/nvhpc/24.11/vwh4/include -Mbackslash -Mstandard -Kieee -acc -Minfo=accel  -c	/glade/u/home/ilinck/clubb_release/compile/../src/Lapack/Lapack_double/dlatbs.f
nvfortran -Mcache_align -O2  -I/glade/u/apps/derecho/24.12/spack/opt/spack/netcdf/4.9.2/nvhpc/24.11/vwh4/include -Mbackslash -Mstandard -Kieee -acc -Minfo=accel  -c	/glade/u/home/ilinck/clubb_release/compile/../src/Lapack/Lapack_double/dpotrf2.f
nvfortran -Mcache_align -O2  -I/glade/u/apps/derecho/24.12/spack/opt/spack/netcdf/4.9.2/nvhpc/24.11/vwh4/include -Mbackslash -Mstandard -Kieee -acc -Minfo=accel  -c	/glade/u/home/ilinck/clubb_release/compile/../src/Lapack/Lapack_double/dtrmv.f
nvfortran -Mcache_align -O2  -I/glade/u/apps/derecho/24.12/spack/opt/spack/netcdf/4.9.2/nvhpc/24.11/vwh4/include -Mbackslash -Mstandard -Kieee -acc -Minfo=accel  -c	/glade/u/home/ilinck/clubb_release/compile/../src/Lapack/Lapack_double/dtrmm.f
nvfortran -Mcache_align -O2  -I/glade/u/apps/derecho/24.12/spack/opt/spack/netcdf/4.9.2/nvhpc/24.11/vwh4/include -Mbackslash -Mstandard -Kieee -acc -Minfo=accel  -c	/glade/u/home/ilinck/clubb_release/compile/../src/Lapack/Lapack_double/dsymv.f
nvfortran -Mcache_align -O2  -I/glade/u/apps/derecho/24.12/spack/opt/spack/netcdf/4.9.2/nvhpc/24.11/vwh4/include -Mbackslash -Mstandard -Kieee -acc -Minfo=accel  -c	/glade/u/home/ilinck/clubb_release/compile/../src/Lapack/Lapack_double/dsyr2k.f
nvfortran -Mcache_align -O2  -I/glade/u/apps/derecho/24.12/spack/opt/spack/netcdf/4.9.2/nvhpc/24.11/vwh4/include -Mbackslash -Mstandard -Kieee -acc -Minfo=accel  -c	/glade/u/home/ilinck/clubb_release/compile/../src/Lapack/Lapack_single/sgbsv.f
nvfortran -Mcache_align -O2  -I/glade/u/apps/derecho/24.12/spack/opt/spack/netcdf/4.9.2/nvhpc/24.11/vwh4/include -Mbackslash -Mstandard -Kieee -acc -Minfo=accel  -c	/glade/u/home/ilinck/clubb_release/compile/../src/Lapack/Lapack_double/drscl.f
nvfortran -Mcache_align -O2  -I/glade/u/apps/derecho/24.12/spack/opt/spack/netcdf/4.9.2/nvhpc/24.11/vwh4/include -Mbackslash -Mstandard -Kieee -acc -Minfo=accel  -c	/glade/u/home/ilinck/clubb_release/compile/../src/Lapack/Lapack_single/sgtrfs.f
nvfortran -Mcache_align -O2  -I/glade/u/apps/derecho/24.12/spack/opt/spack/netcdf/4.9.2/nvhpc/24.11/vwh4/include -Mbackslash -Mstandard -Kieee -acc -Minfo=accel  -c	/glade/u/home/ilinck/clubb_release/compile/../src/Lapack/Lapack_double/dpotrf.f
nvfortran -Mcache_align -O2  -I/glade/u/apps/derecho/24.12/spack/opt/spack/netcdf/4.9.2/nvhpc/24.11/vwh4/include -Mbackslash -Mstandard -Kieee -acc -Minfo=accel  -c	/glade/u/home/ilinck/clubb_release/compile/../src/Lapack/Lapack_double/ddot.f
nvfortran -Mcache_align -O2  -I/glade/u/apps/derecho/24.12/spack/opt/spack/netcdf/4.9.2/nvhpc/24.11/vwh4/include -Mbackslash -Mstandard -Kieee -acc -Minfo=accel  -c	/glade/u/home/ilinck/clubb_release/compile/../src/Lapack/Lapack_single/ssytd2.f
nvfortran -Mcache_align -O2  -I/glade/u/apps/derecho/24.12/spack/opt/spack/netcdf/4.9.2/nvhpc/24.11/vwh4/include -Mbackslash -Mstandard -Kieee -acc -Minfo=accel  -c	/glade/u/home/ilinck/clubb_release/compile/../src/Lapack/Lapack_double/dswap.f
ar rv /glade/u/home/ilinck/clubb_release/compile/../lib/libclubb_lapack.a dsteqr.o ssteqr.o slaqsy.o disnan.o slacpy.o sgbcon.o sgbsvx.o dorg2r.o slagtm.o dgbtrf.o dlagtm.o sgbrfs.o spotrf2.o dsyev.o iladlr.o dgtts2.o sgttrf.o idamax.o dsytrd.o dorg2l.o dlaswp.o slabad.o dsytd2.o strmm.o dgemv.o slasrt.o slaev2.o dgbequ.o sswap.o dgtrfs.o slascl.o dorgql.o dgttrs.o slassq.o slangt.o xerbla.o dlaqsy.o lsame.o slangb.o snrm2.o dgbtrs.o stbsv.o sdot.o slaswp.o sgbequ.o slasr.o slapy2.o sgbtrs.o dgemm.o dscal.o iparmq.o sgemv.o sgtts2.o dgtcon.o slatbs.o spotrf.o dlasrt.o dgbcon.o dlabad.o dgttrf.o dlaset.o dgbsv.o strsm.o strmv.o slacn2.o ieeeck.o slae2.o dger.o dlascl.o dlaqgb.o dtbsv.o slarft.o dnrm2.o dgbsvx.o dlarf.o slarf.o ssyev.o slantb.o dpoequ.o dsyrk.o slanst.o sgtsvx.o sorgql.o ssymv.o dsyr2.o sgbtf2.o dlaisnan.o slansy.o sgbtrf.o dlapy2.o dlassq.o isamax.o ilaslc.o dsterf.o ssyr2k.o sorg2r.o slaset.o dlarfb.o sgtcon.o srscl.o dlangt.o sger.o ssterf.o dgtsv.o slamch.o slatrd.o dcopy.o dlasr.o spoequ.o sorgtr.o iladlc.o dlansy.o ssytrd.o ilaslr.o sgbmv.o dlaev2.o sscal.o slaisnan.o slartg.o ilaenv.o sorg2l.o slarfb.o dorgtr.o dlacpy.o sgtsv.o dlarfg.o dasum.o dlamch.o sgemm.o slaqgb.o dlarft.o dlacn2.o dlangb.o sasum.o sgttrs.o dgbrfs.o ssyr2.o dlae2.o dlartg.o dlatrd.o dorgqr.o saxpy.o sorgqr.o dgbmv.o dlanst.o dlantb.o scopy.o ssyrk.o slarfg.o dgtsvx.o dtrsm.o sisnan.o dgbtf2.o daxpy.o dlatbs.o dpotrf2.o dtrmv.o dtrmm.o dsymv.o dsyr2k.o sgbsv.o drscl.o sgtrfs.o dpotrf.o ddot.o ssytd2.o dswap.o
ar: creating /glade/u/home/ilinck/clubb_release/compile/../lib/libclubb_lapack.a
a - dsteqr.o
a - ssteqr.o
a - slaqsy.o
a - disnan.o
a - slacpy.o
a - sgbcon.o
a - sgbsvx.o
a - dorg2r.o
a - slagtm.o
a - dgbtrf.o
a - dlagtm.o
a - sgbrfs.o
a - spotrf2.o
a - dsyev.o
a - iladlr.o
a - dgtts2.o
a - sgttrf.o
a - idamax.o
a - dsytrd.o
a - dorg2l.o
a - dlaswp.o
a - slabad.o
a - dsytd2.o
a - strmm.o
a - dgemv.o
a - slasrt.o
a - slaev2.o
a - dgbequ.o
a - sswap.o
a - dgtrfs.o
a - slascl.o
a - dorgql.o
a - dgttrs.o
a - slassq.o
a - slangt.o
a - xerbla.o
a - dlaqsy.o
a - lsame.o
a - slangb.o
a - snrm2.o
a - dgbtrs.o
a - stbsv.o
a - sdot.o
a - slaswp.o
a - sgbequ.o
a - slasr.o
a - slapy2.o
a - sgbtrs.o
a - dgemm.o
a - dscal.o
a - iparmq.o
a - sgemv.o
a - sgtts2.o
a - dgtcon.o
a - slatbs.o
a - spotrf.o
a - dlasrt.o
a - dgbcon.o
a - dlabad.o
a - dgttrf.o
a - dlaset.o
a - dgbsv.o
a - strsm.o
a - strmv.o
a - slacn2.o
a - ieeeck.o
a - slae2.o
a - dger.o
a - dlascl.o
a - dlaqgb.o
a - dtbsv.o
a - slarft.o
a - dnrm2.o
a - dgbsvx.o
a - dlarf.o
a - slarf.o
a - ssyev.o
a - slantb.o
a - dpoequ.o
a - dsyrk.o
a - slanst.o
a - sgtsvx.o
a - sorgql.o
a - ssymv.o
a - dsyr2.o
a - sgbtf2.o
a - dlaisnan.o
a - slansy.o
a - sgbtrf.o
a - dlapy2.o
a - dlassq.o
a - isamax.o
a - ilaslc.o
a - dsterf.o
a - ssyr2k.o
a - sorg2r.o
a - slaset.o
a - dlarfb.o
a - sgtcon.o
a - srscl.o
a - dlangt.o
a - sger.o
a - ssterf.o
a - dgtsv.o
a - slamch.o
a - slatrd.o
a - dcopy.o
a - dlasr.o
a - spoequ.o
a - sorgtr.o
a - iladlc.o
a - dlansy.o
a - ssytrd.o
a - ilaslr.o
a - sgbmv.o
a - dlaev2.o
a - sscal.o
a - slaisnan.o
a - slartg.o
a - ilaenv.o
a - sorg2l.o
a - slarfb.o
a - dorgtr.o
a - dlacpy.o
a - sgtsv.o
a - dlarfg.o
a - dasum.o
a - dlamch.o
a - sgemm.o
a - slaqgb.o
a - dlarft.o
a - dlacn2.o
a - dlangb.o
a - sasum.o
a - sgttrs.o
a - dgbrfs.o
a - ssyr2.o
a - dlae2.o
a - dlartg.o
a - dlatrd.o
a - dorgqr.o
a - saxpy.o
a - sorgqr.o
a - dgbmv.o
a - dlanst.o
a - dlantb.o
a - scopy.o
a - ssyrk.o
a - slarfg.o
a - dgtsvx.o
a - dtrsm.o
a - sisnan.o
a - dgbtf2.o
a - daxpy.o
a - dlatbs.o
a - dpotrf2.o
a - dtrmv.o
a - dtrmm.o
a - dsymv.o
a - dsyr2k.o
a - sgbsv.o
a - drscl.o
a - sgtrfs.o
a - dpotrf.o
a - ddot.o
a - ssytd2.o
a - dswap.o
make[1]: Leaving directory '/glade/u/home/ilinck/clubb_release/obj'
cd /glade/u/home/ilinck/clubb_release/compile/../obj; make -f Make.clubb_bugsrad
cd /glade/u/home/ilinck/clubb_release/compile/../obj; make -f Make.microphys_utils
make[1]: Entering directory '/glade/u/home/ilinck/clubb_release/obj'
nvfortran -DNETCDF -DCLUBB_REAL_TYPE=8 -DCLUBB_GPU -DCUDA -DCOAMPS_MICRO -DNR_SP -DSILHS -Dradoffline -Dnooverlap -DCLUBB -I/glade/u/apps/derecho/24.12/spack/opt/spack/netcdf/4.9.2/nvhpc/24.11/vwh4/include -Mcache_align -O2  -I/glade/u/apps/derecho/24.12/spack/opt/spack/netcdf/4.9.2/nvhpc/24.11/vwh4/include -Mbackslash -Mstandard -Kieee -acc -Minfo=accel  -c	../src/BUGSrad/kinds.F90
make[1]: Entering directory '/glade/u/home/ilinck/clubb_release/obj'
nvfortran -DNETCDF -DCLUBB_REAL_TYPE=8 -DCLUBB_GPU -DCUDA -DCOAMPS_MICRO -DNR_SP -DSILHS -Dradoffline -Dnooverlap -DCLUBB -I/glade/u/apps/derecho/24.12/spack/opt/spack/netcdf/4.9.2/nvhpc/24.11/vwh4/include -Mcache_align -O2  -I/glade/u/apps/derecho/24.12/spack/opt/spack/netcdf/4.9.2/nvhpc/24.11/vwh4/include -Mbackslash -Mstandard -Kieee -acc -Minfo=accel  -c	/glade/u/home/ilinck/clubb_release/compile/../src/Microphys_utils/microphys_stats_vars_module.F90
nvfortran -DNETCDF -DCLUBB_REAL_TYPE=8 -DCLUBB_GPU -DCUDA -DCOAMPS_MICRO -DNR_SP -DSILHS -Dradoffline -Dnooverlap -DCLUBB -I/glade/u/apps/derecho/24.12/spack/opt/spack/netcdf/4.9.2/nvhpc/24.11/vwh4/include -Mcache_align -O2  -I/glade/u/apps/derecho/24.12/spack/opt/spack/netcdf/4.9.2/nvhpc/24.11/vwh4/include -Mbackslash -Mstandard -Kieee -acc -Minfo=accel  -c	../src/variables_radiation_module.F90
ar rv /glade/u/home/ilinck/clubb_release/compile/../lib/libmicrophys_utils.a microphys_stats_vars_module.o
ar: creating /glade/u/home/ilinck/clubb_release/compile/../lib/libmicrophys_utils.a
a - microphys_stats_vars_module.o
make[1]: Leaving directory '/glade/u/home/ilinck/clubb_release/obj'
cd /glade/u/home/ilinck/clubb_release/compile/../obj; make -f Make.clubb_parabolic
make[1]: Entering directory '/glade/u/home/ilinck/clubb_release/obj'
nvfortran -Mcache_align -O2  -I/glade/u/apps/derecho/24.12/spack/opt/spack/netcdf/4.9.2/nvhpc/24.11/vwh4/include -Mbackslash -Mstandard -Kieee -acc -Minfo=accel  -c	../src/Parabolic_constants.f90
nvfortran -DNETCDF -DCLUBB_REAL_TYPE=8 -DCLUBB_GPU -DCUDA -DCOAMPS_MICRO -DNR_SP -DSILHS -Dradoffline -Dnooverlap -DCLUBB -I/glade/u/apps/derecho/24.12/spack/opt/spack/netcdf/4.9.2/nvhpc/24.11/vwh4/include -Mcache_align -O2  -I/glade/u/apps/derecho/24.12/spack/opt/spack/netcdf/4.9.2/nvhpc/24.11/vwh4/include -Mbackslash -Mstandard -Kieee -acc -Minfo=accel  -c	../src/BUGSrad/bugsrad_planck.F90
nvfortran -Mcache_align -O2  -I/glade/u/apps/derecho/24.12/spack/opt/spack/netcdf/4.9.2/nvhpc/24.11/vwh4/include -Mbackslash -Mstandard -Kieee -acc -Minfo=accel  -c	../src/AiryFunction.f90
nvfortran -Mcache_align -O2  -I/glade/u/apps/derecho/24.12/spack/opt/spack/netcdf/4.9.2/nvhpc/24.11/vwh4/include -Mbackslash -Mstandard -Kieee -acc -Minfo=accel  -c	../src/Parabolic.f90
nvfortran -DNETCDF -DCLUBB_REAL_TYPE=8 -DCLUBB_GPU -DCUDA -DCOAMPS_MICRO -DNR_SP -DSILHS -Dradoffline -Dnooverlap -DCLUBB -I/glade/u/apps/derecho/24.12/spack/opt/spack/netcdf/4.9.2/nvhpc/24.11/vwh4/include -Mcache_align -O2  -I/glade/u/apps/derecho/24.12/spack/opt/spack/netcdf/4.9.2/nvhpc/24.11/vwh4/include -Mbackslash -Mstandard -Kieee -acc -Minfo=accel  -c	../src/BUGSrad/two_rt_sw_ocastrndm.F90
nvfortran -DNETCDF -DCLUBB_REAL_TYPE=8 -DCLUBB_GPU -DCUDA -DCOAMPS_MICRO -DNR_SP -DSILHS -Dradoffline -Dnooverlap -DCLUBB -I/glade/u/apps/derecho/24.12/spack/opt/spack/netcdf/4.9.2/nvhpc/24.11/vwh4/include -Mcache_align -O2  -I/glade/u/apps/derecho/24.12/spack/opt/spack/netcdf/4.9.2/nvhpc/24.11/vwh4/include -Mbackslash -Mstandard -Kieee -acc -Minfo=accel  -c	../src/BUGSrad/cloud_correlate.F90
nvfortran -DNETCDF -DCLUBB_REAL_TYPE=8 -DCLUBB_GPU -DCUDA -DCOAMPS_MICRO -DNR_SP -DSILHS -Dradoffline -Dnooverlap -DCLUBB -I/glade/u/apps/derecho/24.12/spack/opt/spack/netcdf/4.9.2/nvhpc/24.11/vwh4/include -Mcache_align -O2  -I/glade/u/apps/derecho/24.12/spack/opt/spack/netcdf/4.9.2/nvhpc/24.11/vwh4/include -Mbackslash -Mstandard -Kieee -acc -Minfo=accel  -c	../src/BUGSrad/comscp1.F
nvfortran -DNETCDF -DCLUBB_REAL_TYPE=8 -DCLUBB_GPU -DCUDA -DCOAMPS_MICRO -DNR_SP -DSILHS -Dradoffline -Dnooverlap -DCLUBB -I/glade/u/apps/derecho/24.12/spack/opt/spack/netcdf/4.9.2/nvhpc/24.11/vwh4/include -Mcache_align -O2  -I/glade/u/apps/derecho/24.12/spack/opt/spack/netcdf/4.9.2/nvhpc/24.11/vwh4/include -Mbackslash -Mstandard -Kieee -acc -Minfo=accel  -c	../src/BUGSrad/bugs_rad.F
ar rv /glade/u/home/ilinck/clubb_release/compile/../lib/libclubb_parabolic.a Parabolic.o AiryFunction.o Parabolic_constants.o
ar: creating /glade/u/home/ilinck/clubb_release/compile/../lib/libclubb_parabolic.a
a - Parabolic.o
a - AiryFunction.o
a - Parabolic_constants.o
make[1]: Leaving directory '/glade/u/home/ilinck/clubb_release/obj'
cd /glade/u/home/ilinck/clubb_release/compile/../obj; make -f Make.clubb_coamps
make[1]: Entering directory '/glade/u/home/ilinck/clubb_release/obj'
nvfortran -DNETCDF -DCLUBB_REAL_TYPE=8 -DCLUBB_GPU -DCUDA -DCOAMPS_MICRO -DNR_SP -DSILHS -Dradoffline -Dnooverlap -DCLUBB -I/glade/u/apps/derecho/24.12/spack/opt/spack/netcdf/4.9.2/nvhpc/24.11/vwh4/include -Mcache_align -O2  -I/glade/u/apps/derecho/24.12/spack/opt/spack/netcdf/4.9.2/nvhpc/24.11/vwh4/include -Mbackslash -Mstandard -Kieee -acc -Minfo=accel  -c	/glade/u/home/ilinck/clubb_release/compile/../src/COAMPS_microphys/eqa19.F
nvfortran -DNETCDF -DCLUBB_REAL_TYPE=8 -DCLUBB_GPU -DCUDA -DCOAMPS_MICRO -DNR_SP -DSILHS -Dradoffline -Dnooverlap -DCLUBB -I/glade/u/apps/derecho/24.12/spack/opt/spack/netcdf/4.9.2/nvhpc/24.11/vwh4/include -Mcache_align -O2  -I/glade/u/apps/derecho/24.12/spack/opt/spack/netcdf/4.9.2/nvhpc/24.11/vwh4/include -Mbackslash -Mstandard -Kieee -acc -Minfo=accel  -c	/glade/u/home/ilinck/clubb_release/compile/../src/COAMPS_microphys/qtadj.F
nvfortran -DNETCDF -DCLUBB_REAL_TYPE=8 -DCLUBB_GPU -DCUDA -DCOAMPS_MICRO -DNR_SP -DSILHS -Dradoffline -Dnooverlap -DCLUBB -I/glade/u/apps/derecho/24.12/spack/opt/spack/netcdf/4.9.2/nvhpc/24.11/vwh4/include -Mcache_align -O2  -I/glade/u/apps/derecho/24.12/spack/opt/spack/netcdf/4.9.2/nvhpc/24.11/vwh4/include -Mbackslash -Mstandard -Kieee -acc -Minfo=accel  -c	/glade/u/home/ilinck/clubb_release/compile/../src/COAMPS_microphys/eqa15.F
nvfortran -DNETCDF -DCLUBB_REAL_TYPE=8 -DCLUBB_GPU -DCUDA -DCOAMPS_MICRO -DNR_SP -DSILHS -Dradoffline -Dnooverlap -DCLUBB -I/glade/u/apps/derecho/24.12/spack/opt/spack/netcdf/4.9.2/nvhpc/24.11/vwh4/include -Mcache_align -O2  -I/glade/u/apps/derecho/24.12/spack/opt/spack/netcdf/4.9.2/nvhpc/24.11/vwh4/include -Mbackslash -Mstandard -Kieee -acc -Minfo=accel  -c	/glade/u/home/ilinck/clubb_release/compile/../src/COAMPS_microphys/frzh.F
nvfortran -DNETCDF -DCLUBB_REAL_TYPE=8 -DCLUBB_GPU -DCUDA -DCOAMPS_MICRO -DNR_SP -DSILHS -Dradoffline -Dnooverlap -DCLUBB -I/glade/u/apps/derecho/24.12/spack/opt/spack/netcdf/4.9.2/nvhpc/24.11/vwh4/include -Mcache_align -O2  -I/glade/u/apps/derecho/24.12/spack/opt/spack/netcdf/4.9.2/nvhpc/24.11/vwh4/include -Mbackslash -Mstandard -Kieee -acc -Minfo=accel  -c	../src/BUGSrad/comscp2.F
nvfortran -DNETCDF -DCLUBB_REAL_TYPE=8 -DCLUBB_GPU -DCUDA -DCOAMPS_MICRO -DNR_SP -DSILHS -Dradoffline -Dnooverlap -DCLUBB -I/glade/u/apps/derecho/24.12/spack/opt/spack/netcdf/4.9.2/nvhpc/24.11/vwh4/include -Mcache_align -O2  -I/glade/u/apps/derecho/24.12/spack/opt/spack/netcdf/4.9.2/nvhpc/24.11/vwh4/include -Mbackslash -Mstandard -Kieee -acc -Minfo=accel  -c	/glade/u/home/ilinck/clubb_release/compile/../src/COAMPS_microphys/qsatvi.F
nvfortran -DNETCDF -DCLUBB_REAL_TYPE=8 -DCLUBB_GPU -DCUDA -DCOAMPS_MICRO -DNR_SP -DSILHS -Dradoffline -Dnooverlap -DCLUBB -I/glade/u/apps/derecho/24.12/spack/opt/spack/netcdf/4.9.2/nvhpc/24.11/vwh4/include -Mcache_align -O2  -I/glade/u/apps/derecho/24.12/spack/opt/spack/netcdf/4.9.2/nvhpc/24.11/vwh4/include -Mbackslash -Mstandard -Kieee -acc -Minfo=accel  -c	../src/BUGSrad/bugsrad_physconst.F90
nvfortran -DNETCDF -DCLUBB_REAL_TYPE=8 -DCLUBB_GPU -DCUDA -DCOAMPS_MICRO -DNR_SP -DSILHS -Dradoffline -Dnooverlap -DCLUBB -I/glade/u/apps/derecho/24.12/spack/opt/spack/netcdf/4.9.2/nvhpc/24.11/vwh4/include -Mcache_align -O2  -I/glade/u/apps/derecho/24.12/spack/opt/spack/netcdf/4.9.2/nvhpc/24.11/vwh4/include -Mbackslash -Mstandard -Kieee -acc -Minfo=accel  -c	/glade/u/home/ilinck/clubb_release/compile/../src/COAMPS_microphys/eqa10g.F
nvfortran -DNETCDF -DCLUBB_REAL_TYPE=8 -DCLUBB_GPU -DCUDA -DCOAMPS_MICRO -DNR_SP -DSILHS -Dradoffline -Dnooverlap -DCLUBB -I/glade/u/apps/derecho/24.12/spack/opt/spack/netcdf/4.9.2/nvhpc/24.11/vwh4/include -Mcache_align -O2  -I/glade/u/apps/derecho/24.12/spack/opt/spack/netcdf/4.9.2/nvhpc/24.11/vwh4/include -Mbackslash -Mstandard -Kieee -acc -Minfo=accel  -c	../src/BUGSrad/rayle.F
nvfortran -DNETCDF -DCLUBB_REAL_TYPE=8 -DCLUBB_GPU -DCUDA -DCOAMPS_MICRO -DNR_SP -DSILHS -Dradoffline -Dnooverlap -DCLUBB -I/glade/u/apps/derecho/24.12/spack/opt/spack/netcdf/4.9.2/nvhpc/24.11/vwh4/include -Mcache_align -O2  -I/glade/u/apps/derecho/24.12/spack/opt/spack/netcdf/4.9.2/nvhpc/24.11/vwh4/include -Mbackslash -Mstandard -Kieee -acc -Minfo=accel  -c	/glade/u/home/ilinck/clubb_release/compile/../src/COAMPS_microphys/esat_new.F
nvfortran -DNETCDF -DCLUBB_REAL_TYPE=8 -DCLUBB_GPU -DCUDA -DCOAMPS_MICRO -DNR_SP -DSILHS -Dradoffline -Dnooverlap -DCLUBB -I/glade/u/apps/derecho/24.12/spack/opt/spack/netcdf/4.9.2/nvhpc/24.11/vwh4/include -Mcache_align -O2  -I/glade/u/apps/derecho/24.12/spack/opt/spack/netcdf/4.9.2/nvhpc/24.11/vwh4/include -Mbackslash -Mstandard -Kieee -acc -Minfo=accel  -c	../src/BUGSrad/two_rt_lw_ocastrndm.F90
nvfortran -DNETCDF -DCLUBB_REAL_TYPE=8 -DCLUBB_GPU -DCUDA -DCOAMPS_MICRO -DNR_SP -DSILHS -Dradoffline -Dnooverlap -DCLUBB -I/glade/u/apps/derecho/24.12/spack/opt/spack/netcdf/4.9.2/nvhpc/24.11/vwh4/include -Mcache_align -O2  -I/glade/u/apps/derecho/24.12/spack/opt/spack/netcdf/4.9.2/nvhpc/24.11/vwh4/include -Mbackslash -Mstandard -Kieee -acc -Minfo=accel  -c	/glade/u/home/ilinck/clubb_release/compile/../src/COAMPS_microphys/eqa5g.F
nvfortran -DNETCDF -DCLUBB_REAL_TYPE=8 -DCLUBB_GPU -DCUDA -DCOAMPS_MICRO -DNR_SP -DSILHS -Dradoffline -Dnooverlap -DCLUBB -I/glade/u/apps/derecho/24.12/spack/opt/spack/netcdf/4.9.2/nvhpc/24.11/vwh4/include -Mcache_align -O2  -I/glade/u/apps/derecho/24.12/spack/opt/spack/netcdf/4.9.2/nvhpc/24.11/vwh4/include -Mbackslash -Mstandard -Kieee -acc -Minfo=accel  -c	/glade/u/home/ilinck/clubb_release/compile/../src/COAMPS_microphys/eqa17g.F
nvfortran -DNETCDF -DCLUBB_REAL_TYPE=8 -DCLUBB_GPU -DCUDA -DCOAMPS_MICRO -DNR_SP -DSILHS -Dradoffline -Dnooverlap -DCLUBB -I/glade/u/apps/derecho/24.12/spack/opt/spack/netcdf/4.9.2/nvhpc/24.11/vwh4/include -Mcache_align -O2  -I/glade/u/apps/derecho/24.12/spack/opt/spack/netcdf/4.9.2/nvhpc/24.11/vwh4/include -Mbackslash -Mstandard -Kieee -acc -Minfo=accel  -c	../src/BUGSrad/newexp.F90
nvfortran -DNETCDF -DCLUBB_REAL_TYPE=8 -DCLUBB_GPU -DCUDA -DCOAMPS_MICRO -DNR_SP -DSILHS -Dradoffline -Dnooverlap -DCLUBB -I/glade/u/apps/derecho/24.12/spack/opt/spack/netcdf/4.9.2/nvhpc/24.11/vwh4/include -Mcache_align -O2  -I/glade/u/apps/derecho/24.12/spack/opt/spack/netcdf/4.9.2/nvhpc/24.11/vwh4/include -Mbackslash -Mstandard -Kieee -acc -Minfo=accel  -c	/glade/u/home/ilinck/clubb_release/compile/../src/COAMPS_microphys/eqa26.F
nvfortran -DNETCDF -DCLUBB_REAL_TYPE=8 -DCLUBB_GPU -DCUDA -DCOAMPS_MICRO -DNR_SP -DSILHS -Dradoffline -Dnooverlap -DCLUBB -I/glade/u/apps/derecho/24.12/spack/opt/spack/netcdf/4.9.2/nvhpc/24.11/vwh4/include -Mcache_align -O2  -I/glade/u/apps/derecho/24.12/spack/opt/spack/netcdf/4.9.2/nvhpc/24.11/vwh4/include -Mbackslash -Mstandard -Kieee -acc -Minfo=accel  -c	../src/BUGSrad/cloudg.F
nvfortran -DNETCDF -DCLUBB_REAL_TYPE=8 -DCLUBB_GPU -DCUDA -DCOAMPS_MICRO -DNR_SP -DSILHS -Dradoffline -Dnooverlap -DCLUBB -I/glade/u/apps/derecho/24.12/spack/opt/spack/netcdf/4.9.2/nvhpc/24.11/vwh4/include -Mcache_align -O2  -I/glade/u/apps/derecho/24.12/spack/opt/spack/netcdf/4.9.2/nvhpc/24.11/vwh4/include -Mbackslash -Mstandard -Kieee -acc -Minfo=accel  -c	/glade/u/home/ilinck/clubb_release/compile/../src/COAMPS_microphys/adjtq.F
nvfortran -DNETCDF -DCLUBB_REAL_TYPE=8 -DCLUBB_GPU -DCUDA -DCOAMPS_MICRO -DNR_SP -DSILHS -Dradoffline -Dnooverlap -DCLUBB -I/glade/u/apps/derecho/24.12/spack/opt/spack/netcdf/4.9.2/nvhpc/24.11/vwh4/include -Mcache_align -O2  -I/glade/u/apps/derecho/24.12/spack/opt/spack/netcdf/4.9.2/nvhpc/24.11/vwh4/include -Mbackslash -Mstandard -Kieee -acc -Minfo=accel  -c	../src/BUGSrad/two_rt_lw_iter.F
nvfortran -DNETCDF -DCLUBB_REAL_TYPE=8 -DCLUBB_GPU -DCUDA -DCOAMPS_MICRO -DNR_SP -DSILHS -Dradoffline -Dnooverlap -DCLUBB -I/glade/u/apps/derecho/24.12/spack/opt/spack/netcdf/4.9.2/nvhpc/24.11/vwh4/include -Mcache_align -O2  -I/glade/u/apps/derecho/24.12/spack/opt/spack/netcdf/4.9.2/nvhpc/24.11/vwh4/include -Mbackslash -Mstandard -Kieee -acc -Minfo=accel  -c -I../src/BUGSrad	../src/BUGSrad/gases_ckd.F90
nvfortran -DNETCDF -DCLUBB_REAL_TYPE=8 -DCLUBB_GPU -DCUDA -DCOAMPS_MICRO -DNR_SP -DSILHS -Dradoffline -Dnooverlap -DCLUBB -I/glade/u/apps/derecho/24.12/spack/opt/spack/netcdf/4.9.2/nvhpc/24.11/vwh4/include -Mcache_align -O2  -I/glade/u/apps/derecho/24.12/spack/opt/spack/netcdf/4.9.2/nvhpc/24.11/vwh4/include -Mbackslash -Mstandard -Kieee -acc -Minfo=accel  -c	/glade/u/home/ilinck/clubb_release/compile/../src/COAMPS_microphys/eqa28.F
nvfortran -DNETCDF -DCLUBB_REAL_TYPE=8 -DCLUBB_GPU -DCUDA -DCOAMPS_MICRO -DNR_SP -DSILHS -Dradoffline -Dnooverlap -DCLUBB -I/glade/u/apps/derecho/24.12/spack/opt/spack/netcdf/4.9.2/nvhpc/24.11/vwh4/include -Mcache_align -O2  -I/glade/u/apps/derecho/24.12/spack/opt/spack/netcdf/4.9.2/nvhpc/24.11/vwh4/include -Mbackslash -Mstandard -Kieee -acc -Minfo=accel  -c	/glade/u/home/ilinck/clubb_release/compile/../src/COAMPS_microphys/eqa25.F
nvfortran -DNETCDF -DCLUBB_REAL_TYPE=8 -DCLUBB_GPU -DCUDA -DCOAMPS_MICRO -DNR_SP -DSILHS -Dradoffline -Dnooverlap -DCLUBB -I/glade/u/apps/derecho/24.12/spack/opt/spack/netcdf/4.9.2/nvhpc/24.11/vwh4/include -Mcache_align -O2  -I/glade/u/apps/derecho/24.12/spack/opt/spack/netcdf/4.9.2/nvhpc/24.11/vwh4/include -Mbackslash -Mstandard -Kieee -acc -Minfo=accel  -c	/glade/u/home/ilinck/clubb_release/compile/../src/COAMPS_microphys/esatv.F
nvfortran -DNETCDF -DCLUBB_REAL_TYPE=8 -DCLUBB_GPU -DCUDA -DCOAMPS_MICRO -DNR_SP -DSILHS -Dradoffline -Dnooverlap -DCLUBB -I/glade/u/apps/derecho/24.12/spack/opt/spack/netcdf/4.9.2/nvhpc/24.11/vwh4/include -Mcache_align -O2  -I/glade/u/apps/derecho/24.12/spack/opt/spack/netcdf/4.9.2/nvhpc/24.11/vwh4/include -Mbackslash -Mstandard -Kieee -acc -Minfo=accel  -c	/glade/u/home/ilinck/clubb_release/compile/../src/COAMPS_microphys/eqa7.F
nvfortran -DNETCDF -DCLUBB_REAL_TYPE=8 -DCLUBB_GPU -DCUDA -DCOAMPS_MICRO -DNR_SP -DSILHS -Dradoffline -Dnooverlap -DCLUBB -I/glade/u/apps/derecho/24.12/spack/opt/spack/netcdf/4.9.2/nvhpc/24.11/vwh4/include -Mcache_align -O2  -I/glade/u/apps/derecho/24.12/spack/opt/spack/netcdf/4.9.2/nvhpc/24.11/vwh4/include -Mbackslash -Mstandard -Kieee -acc -Minfo=accel  -c	/glade/u/home/ilinck/clubb_release/compile/../src/COAMPS_microphys/eqa18g.F
nvfortran -DNETCDF -DCLUBB_REAL_TYPE=8 -DCLUBB_GPU -DCUDA -DCOAMPS_MICRO -DNR_SP -DSILHS -Dradoffline -Dnooverlap -DCLUBB -I/glade/u/apps/derecho/24.12/spack/opt/spack/netcdf/4.9.2/nvhpc/24.11/vwh4/include -Mcache_align -O2  -I/glade/u/apps/derecho/24.12/spack/opt/spack/netcdf/4.9.2/nvhpc/24.11/vwh4/include -Mbackslash -Mstandard -Kieee -acc -Minfo=accel  -c	../src/BUGSrad/two_rt_sw_iter.F
nvfortran -DNETCDF -DCLUBB_REAL_TYPE=8 -DCLUBB_GPU -DCUDA -DCOAMPS_MICRO -DNR_SP -DSILHS -Dradoffline -Dnooverlap -DCLUBB -I/glade/u/apps/derecho/24.12/spack/opt/spack/netcdf/4.9.2/nvhpc/24.11/vwh4/include -Mcache_align -O2  -I/glade/u/apps/derecho/24.12/spack/opt/spack/netcdf/4.9.2/nvhpc/24.11/vwh4/include -Mbackslash -Mstandard -Kieee -acc -Minfo=accel  -c	/glade/u/home/ilinck/clubb_release/compile/../src/COAMPS_microphys/tgqs.F
nvfortran -DNETCDF -DCLUBB_REAL_TYPE=8 -DCLUBB_GPU -DCUDA -DCOAMPS_MICRO -DNR_SP -DSILHS -Dradoffline -Dnooverlap -DCLUBB -I/glade/u/apps/derecho/24.12/spack/opt/spack/netcdf/4.9.2/nvhpc/24.11/vwh4/include -Mcache_align -O2  -I/glade/u/apps/derecho/24.12/spack/opt/spack/netcdf/4.9.2/nvhpc/24.11/vwh4/include -Mbackslash -Mstandard -Kieee -acc -Minfo=accel  -c	/glade/u/home/ilinck/clubb_release/compile/../src/COAMPS_microphys/eqa21g.F
nvfortran -DNETCDF -DCLUBB_REAL_TYPE=8 -DCLUBB_GPU -DCUDA -DCOAMPS_MICRO -DNR_SP -DSILHS -Dradoffline -Dnooverlap -DCLUBB -I/glade/u/apps/derecho/24.12/spack/opt/spack/netcdf/4.9.2/nvhpc/24.11/vwh4/include -Mcache_align -O2  -I/glade/u/apps/derecho/24.12/spack/opt/spack/netcdf/4.9.2/nvhpc/24.11/vwh4/include -Mbackslash -Mstandard -Kieee -acc -Minfo=accel  -c	../src/BUGSrad/two_rt_lw_sel.F
nvfortran -DNETCDF -DCLUBB_REAL_TYPE=8 -DCLUBB_GPU -DCUDA -DCOAMPS_MICRO -DNR_SP -DSILHS -Dradoffline -Dnooverlap -DCLUBB -I/glade/u/apps/derecho/24.12/spack/opt/spack/netcdf/4.9.2/nvhpc/24.11/vwh4/include -Mcache_align -O2  -I/glade/u/apps/derecho/24.12/spack/opt/spack/netcdf/4.9.2/nvhpc/24.11/vwh4/include -Mbackslash -Mstandard -Kieee -acc -Minfo=accel  -c	/glade/u/home/ilinck/clubb_release/compile/../src/COAMPS_microphys/tgqi.F
nvfortran -DNETCDF -DCLUBB_REAL_TYPE=8 -DCLUBB_GPU -DCUDA -DCOAMPS_MICRO -DNR_SP -DSILHS -Dradoffline -Dnooverlap -DCLUBB -I/glade/u/apps/derecho/24.12/spack/opt/spack/netcdf/4.9.2/nvhpc/24.11/vwh4/include -Mcache_align -O2  -I/glade/u/apps/derecho/24.12/spack/opt/spack/netcdf/4.9.2/nvhpc/24.11/vwh4/include -Mbackslash -Mstandard -Kieee -acc -Minfo=accel  -c	../src/BUGSrad/two_rt_sw.F
nvfortran -DNETCDF -DCLUBB_REAL_TYPE=8 -DCLUBB_GPU -DCUDA -DCOAMPS_MICRO -DNR_SP -DSILHS -Dradoffline -Dnooverlap -DCLUBB -I/glade/u/apps/derecho/24.12/spack/opt/spack/netcdf/4.9.2/nvhpc/24.11/vwh4/include -Mcache_align -O2  -I/glade/u/apps/derecho/24.12/spack/opt/spack/netcdf/4.9.2/nvhpc/24.11/vwh4/include -Mbackslash -Mstandard -Kieee -acc -Minfo=accel  -c	/glade/u/home/ilinck/clubb_release/compile/../src/COAMPS_microphys/eqa19g.F
nvfortran -DNETCDF -DCLUBB_REAL_TYPE=8 -DCLUBB_GPU -DCUDA -DCOAMPS_MICRO -DNR_SP -DSILHS -Dradoffline -Dnooverlap -DCLUBB -I/glade/u/apps/derecho/24.12/spack/opt/spack/netcdf/4.9.2/nvhpc/24.11/vwh4/include -Mcache_align -O2  -I/glade/u/apps/derecho/24.12/spack/opt/spack/netcdf/4.9.2/nvhpc/24.11/vwh4/include -Mbackslash -Mstandard -Kieee -acc -Minfo=accel  -c	../src/BUGSrad/bugs_lwr.F
nvfortran -DNETCDF -DCLUBB_REAL_TYPE=8 -DCLUBB_GPU -DCUDA -DCOAMPS_MICRO -DNR_SP -DSILHS -Dradoffline -Dnooverlap -DCLUBB -I/glade/u/apps/derecho/24.12/spack/opt/spack/netcdf/4.9.2/nvhpc/24.11/vwh4/include -Mcache_align -O2  -I/glade/u/apps/derecho/24.12/spack/opt/spack/netcdf/4.9.2/nvhpc/24.11/vwh4/include -Mbackslash -Mstandard -Kieee -acc -Minfo=accel  -c	/glade/u/home/ilinck/clubb_release/compile/../src/COAMPS_microphys/eqa27.F
nvfortran -DNETCDF -DCLUBB_REAL_TYPE=8 -DCLUBB_GPU -DCUDA -DCOAMPS_MICRO -DNR_SP -DSILHS -Dradoffline -Dnooverlap -DCLUBB -I/glade/u/apps/derecho/24.12/spack/opt/spack/netcdf/4.9.2/nvhpc/24.11/vwh4/include -Mcache_align -O2  -I/glade/u/apps/derecho/24.12/spack/opt/spack/netcdf/4.9.2/nvhpc/24.11/vwh4/include -Mbackslash -Mstandard -Kieee -acc -Minfo=accel  -c	/glade/u/home/ilinck/clubb_release/compile/../src/COAMPS_microphys/eqa8g.F
nvfortran -DNETCDF -DCLUBB_REAL_TYPE=8 -DCLUBB_GPU -DCUDA -DCOAMPS_MICRO -DNR_SP -DSILHS -Dradoffline -Dnooverlap -DCLUBB -I/glade/u/apps/derecho/24.12/spack/opt/spack/netcdf/4.9.2/nvhpc/24.11/vwh4/include -Mcache_align -O2  -I/glade/u/apps/derecho/24.12/spack/opt/spack/netcdf/4.9.2/nvhpc/24.11/vwh4/include -Mbackslash -Mstandard -Kieee -acc -Minfo=accel  -c	/glade/u/home/ilinck/clubb_release/compile/../src/COAMPS_microphys/eqa11g.F
nvfortran -DNETCDF -DCLUBB_REAL_TYPE=8 -DCLUBB_GPU -DCUDA -DCOAMPS_MICRO -DNR_SP -DSILHS -Dradoffline -Dnooverlap -DCLUBB -I/glade/u/apps/derecho/24.12/spack/opt/spack/netcdf/4.9.2/nvhpc/24.11/vwh4/include -Mcache_align -O2  -I/glade/u/apps/derecho/24.12/spack/opt/spack/netcdf/4.9.2/nvhpc/24.11/vwh4/include -Mbackslash -Mstandard -Kieee -acc -Minfo=accel  -c	/glade/u/home/ilinck/clubb_release/compile/../src/COAMPS_microphys/tgqg.F
nvfortran -DNETCDF -DCLUBB_REAL_TYPE=8 -DCLUBB_GPU -DCUDA -DCOAMPS_MICRO -DNR_SP -DSILHS -Dradoffline -Dnooverlap -DCLUBB -I/glade/u/apps/derecho/24.12/spack/opt/spack/netcdf/4.9.2/nvhpc/24.11/vwh4/include -Mcache_align -O2  -I/glade/u/apps/derecho/24.12/spack/opt/spack/netcdf/4.9.2/nvhpc/24.11/vwh4/include -Mbackslash -Mstandard -Kieee -acc -Minfo=accel  -c	/glade/u/home/ilinck/clubb_release/compile/../src/COAMPS_microphys/tgqr.F
nvfortran -DNETCDF -DCLUBB_REAL_TYPE=8 -DCLUBB_GPU -DCUDA -DCOAMPS_MICRO -DNR_SP -DSILHS -Dradoffline -Dnooverlap -DCLUBB -I/glade/u/apps/derecho/24.12/spack/opt/spack/netcdf/4.9.2/nvhpc/24.11/vwh4/include -Mcache_align -O2  -I/glade/u/apps/derecho/24.12/spack/opt/spack/netcdf/4.9.2/nvhpc/24.11/vwh4/include -Mbackslash -Mstandard -Kieee -acc -Minfo=accel  -c	../src/BUGSrad/two_rt_sw_bs.F
nvfortran -DNETCDF -DCLUBB_REAL_TYPE=8 -DCLUBB_GPU -DCUDA -DCOAMPS_MICRO -DNR_SP -DSILHS -Dradoffline -Dnooverlap -DCLUBB -I/glade/u/apps/derecho/24.12/spack/opt/spack/netcdf/4.9.2/nvhpc/24.11/vwh4/include -Mcache_align -O2  -I/glade/u/apps/derecho/24.12/spack/opt/spack/netcdf/4.9.2/nvhpc/24.11/vwh4/include -Mbackslash -Mstandard -Kieee -acc -Minfo=accel  -c	/glade/u/home/ilinck/clubb_release/compile/../src/COAMPS_microphys/eqa22.F
nvfortran -DNETCDF -DCLUBB_REAL_TYPE=8 -DCLUBB_GPU -DCUDA -DCOAMPS_MICRO -DNR_SP -DSILHS -Dradoffline -Dnooverlap -DCLUBB -I/glade/u/apps/derecho/24.12/spack/opt/spack/netcdf/4.9.2/nvhpc/24.11/vwh4/include -Mcache_align -O2  -I/glade/u/apps/derecho/24.12/spack/opt/spack/netcdf/4.9.2/nvhpc/24.11/vwh4/include -Mbackslash -Mstandard -Kieee -acc -Minfo=accel  -c	/glade/u/home/ilinck/clubb_release/compile/../src/COAMPS_microphys/eqa22g.F
nvfortran -DNETCDF -DCLUBB_REAL_TYPE=8 -DCLUBB_GPU -DCUDA -DCOAMPS_MICRO -DNR_SP -DSILHS -Dradoffline -Dnooverlap -DCLUBB -I/glade/u/apps/derecho/24.12/spack/opt/spack/netcdf/4.9.2/nvhpc/24.11/vwh4/include -Mcache_align -O2  -I/glade/u/apps/derecho/24.12/spack/opt/spack/netcdf/4.9.2/nvhpc/24.11/vwh4/include -Mbackslash -Mstandard -Kieee -acc -Minfo=accel  -c	../src/BUGSrad/gascon.F
nvfortran -DNETCDF -DCLUBB_REAL_TYPE=8 -DCLUBB_GPU -DCUDA -DCOAMPS_MICRO -DNR_SP -DSILHS -Dradoffline -Dnooverlap -DCLUBB -I/glade/u/apps/derecho/24.12/spack/opt/spack/netcdf/4.9.2/nvhpc/24.11/vwh4/include -Mcache_align -O2  -I/glade/u/apps/derecho/24.12/spack/opt/spack/netcdf/4.9.2/nvhpc/24.11/vwh4/include -Mbackslash -Mstandard -Kieee -acc -Minfo=accel  -c	/glade/u/home/ilinck/clubb_release/compile/../src/COAMPS_microphys/eqa14g.F
nvfortran -DNETCDF -DCLUBB_REAL_TYPE=8 -DCLUBB_GPU -DCUDA -DCOAMPS_MICRO -DNR_SP -DSILHS -Dradoffline -Dnooverlap -DCLUBB -I/glade/u/apps/derecho/24.12/spack/opt/spack/netcdf/4.9.2/nvhpc/24.11/vwh4/include -Mcache_align -O2  -I/glade/u/apps/derecho/24.12/spack/opt/spack/netcdf/4.9.2/nvhpc/24.11/vwh4/include -Mbackslash -Mstandard -Kieee -acc -Minfo=accel  -c	/glade/u/home/ilinck/clubb_release/compile/../src/COAMPS_microphys/slope.F
nvfortran -DNETCDF -DCLUBB_REAL_TYPE=8 -DCLUBB_GPU -DCUDA -DCOAMPS_MICRO -DNR_SP -DSILHS -Dradoffline -Dnooverlap -DCLUBB -I/glade/u/apps/derecho/24.12/spack/opt/spack/netcdf/4.9.2/nvhpc/24.11/vwh4/include -Mcache_align -O2  -I/glade/u/apps/derecho/24.12/spack/opt/spack/netcdf/4.9.2/nvhpc/24.11/vwh4/include -Mbackslash -Mstandard -Kieee -acc -Minfo=accel  -c	../src/BUGSrad/two_rt_lw.F
nvfortran -DNETCDF -DCLUBB_REAL_TYPE=8 -DCLUBB_GPU -DCUDA -DCOAMPS_MICRO -DNR_SP -DSILHS -Dradoffline -Dnooverlap -DCLUBB -I/glade/u/apps/derecho/24.12/spack/opt/spack/netcdf/4.9.2/nvhpc/24.11/vwh4/include -Mcache_align -O2  -I/glade/u/apps/derecho/24.12/spack/opt/spack/netcdf/4.9.2/nvhpc/24.11/vwh4/include -Mbackslash -Mstandard -Kieee -acc -Minfo=accel  -c	/glade/u/home/ilinck/clubb_release/compile/../src/COAMPS_microphys/eqa13g.F
nvfortran -DNETCDF -DCLUBB_REAL_TYPE=8 -DCLUBB_GPU -DCUDA -DCOAMPS_MICRO -DNR_SP -DSILHS -Dradoffline -Dnooverlap -DCLUBB -I/glade/u/apps/derecho/24.12/spack/opt/spack/netcdf/4.9.2/nvhpc/24.11/vwh4/include -Mcache_align -O2  -I/glade/u/apps/derecho/24.12/spack/opt/spack/netcdf/4.9.2/nvhpc/24.11/vwh4/include -Mbackslash -Mstandard -Kieee -acc -Minfo=accel  -c	../src/BUGSrad/bugs_swr.F
nvfortran -DNETCDF -DCLUBB_REAL_TYPE=8 -DCLUBB_GPU -DCUDA -DCOAMPS_MICRO -DNR_SP -DSILHS -Dradoffline -Dnooverlap -DCLUBB -I/glade/u/apps/derecho/24.12/spack/opt/spack/netcdf/4.9.2/nvhpc/24.11/vwh4/include -Mcache_align -O2  -I/glade/u/apps/derecho/24.12/spack/opt/spack/netcdf/4.9.2/nvhpc/24.11/vwh4/include -Mbackslash -Mstandard -Kieee -acc -Minfo=accel  -c	/glade/u/home/ilinck/clubb_release/compile/../src/COAMPS_microphys/eqa9.F
nvfortran -DNETCDF -DCLUBB_REAL_TYPE=8 -DCLUBB_GPU -DCUDA -DCOAMPS_MICRO -DNR_SP -DSILHS -Dradoffline -Dnooverlap -DCLUBB -I/glade/u/apps/derecho/24.12/spack/opt/spack/netcdf/4.9.2/nvhpc/24.11/vwh4/include -Mcache_align -O2  -I/glade/u/apps/derecho/24.12/spack/opt/spack/netcdf/4.9.2/nvhpc/24.11/vwh4/include -Mbackslash -Mstandard -Kieee -acc -Minfo=accel  -c	/glade/u/home/ilinck/clubb_release/compile/../src/COAMPS_microphys/eqa9g.F
nvfortran -DNETCDF -DCLUBB_REAL_TYPE=8 -DCLUBB_GPU -DCUDA -DCOAMPS_MICRO -DNR_SP -DSILHS -Dradoffline -Dnooverlap -DCLUBB -I/glade/u/apps/derecho/24.12/spack/opt/spack/netcdf/4.9.2/nvhpc/24.11/vwh4/include -Mcache_align -O2  -I/glade/u/apps/derecho/24.12/spack/opt/spack/netcdf/4.9.2/nvhpc/24.11/vwh4/include -Mbackslash -Mstandard -Kieee -acc -Minfo=accel  -c	/glade/u/home/ilinck/clubb_release/compile/../src/COAMPS_microphys/eqa12.F
nvfortran -DNETCDF -DCLUBB_REAL_TYPE=8 -DCLUBB_GPU -DCUDA -DCOAMPS_MICRO -DNR_SP -DSILHS -Dradoffline -Dnooverlap -DCLUBB -I/glade/u/apps/derecho/24.12/spack/opt/spack/netcdf/4.9.2/nvhpc/24.11/vwh4/include -Mcache_align -O2  -I/glade/u/apps/derecho/24.12/spack/opt/spack/netcdf/4.9.2/nvhpc/24.11/vwh4/include -Mbackslash -Mstandard -Kieee -acc -Minfo=accel  -c	/glade/u/home/ilinck/clubb_release/compile/../src/COAMPS_microphys/nrmtqw.F
ar rv /glade/u/home/ilinck/clubb_release/compile/../lib/libclubb_bugsrad.a comscp2.o gascon.o rayle.o two_rt_lw_ocastrndm.o kinds.o two_rt_lw.o cloudg.o variables_radiation_module.o two_rt_lw_iter.o bugs_swr.o bugsrad_planck.o two_rt_sw_iter.o bugsrad_physconst.o two_rt_lw_sel.o two_rt_sw_ocastrndm.o cloud_correlate.o comscp1.o bugs_rad.o two_rt_sw.o gases_ckd.o newexp.o bugs_lwr.o two_rt_sw_bs.o
ar: creating /glade/u/home/ilinck/clubb_release/compile/../lib/libclubb_bugsrad.a
a - comscp2.o
a - gascon.o
a - rayle.o
a - two_rt_lw_ocastrndm.o
a - kinds.o
a - two_rt_lw.o
a - cloudg.o
a - variables_radiation_module.o
a - two_rt_lw_iter.o
a - bugs_swr.o
a - bugsrad_planck.o
a - two_rt_sw_iter.o
a - bugsrad_physconst.o
a - two_rt_lw_sel.o
a - two_rt_sw_ocastrndm.o
a - cloud_correlate.o
a - comscp1.o
a - bugs_rad.o
a - two_rt_sw.o
a - gases_ckd.o
a - newexp.o
a - bugs_lwr.o
a - two_rt_sw_bs.o
make[1]: Leaving directory '/glade/u/home/ilinck/clubb_release/obj'
cd /glade/u/home/ilinck/clubb_release/compile/../obj; make -f Make.clubb_morrison
make[1]: Entering directory '/glade/u/home/ilinck/clubb_release/obj'
nvfortran -DNETCDF -DCLUBB_REAL_TYPE=8 -DCLUBB_GPU -DCUDA -DCOAMPS_MICRO -DNR_SP -DSILHS -Dradoffline -Dnooverlap -DCLUBB -I/glade/u/apps/derecho/24.12/spack/opt/spack/netcdf/4.9.2/nvhpc/24.11/vwh4/include -Mcache_align -O2  -I/glade/u/apps/derecho/24.12/spack/opt/spack/netcdf/4.9.2/nvhpc/24.11/vwh4/include -Mbackslash -Mstandard -Kieee -acc -Minfo=accel  -c	../src/Morrison_microphys/module_mp_graupel.F90
nvfortran -DNETCDF -DCLUBB_REAL_TYPE=8 -DCLUBB_GPU -DCUDA -DCOAMPS_MICRO -DNR_SP -DSILHS -Dradoffline -Dnooverlap -DCLUBB -I/glade/u/apps/derecho/24.12/spack/opt/spack/netcdf/4.9.2/nvhpc/24.11/vwh4/include -Mcache_align -O2  -I/glade/u/apps/derecho/24.12/spack/opt/spack/netcdf/4.9.2/nvhpc/24.11/vwh4/include -Mbackslash -Mstandard -Kieee -acc -Minfo=accel  -c	/glade/u/home/ilinck/clubb_release/compile/../src/COAMPS_microphys/eqa20g.F
NVFORTRAN-W-0173-PGI Fortran extension: nonstandard use of data type length specifier (../src/Morrison_microphys/module_mp_graupel.F90: 300)
  0 inform,   1 warnings,   0 severes, 0 fatal for module_mp_graupel
NVFORTRAN-W-0173-PGI Fortran extension: nonstandard use of data type length specifier (../src/Morrison_microphys/module_mp_graupel.F90: 5894)
NVFORTRAN-W-0173-PGI Fortran extension: nonstandard use of data type length specifier (../src/Morrison_microphys/module_mp_graupel.F90: 5905)
NVFORTRAN-W-0173-PGI Fortran extension: nonstandard use of data type length specifier (../src/Morrison_microphys/module_mp_graupel.F90: 5928)
NVFORTRAN-W-0173-PGI Fortran extension: nonstandard use of data type length specifier (../src/Morrison_microphys/module_mp_graupel.F90: 5976)
NVFORTRAN-W-0173-PGI Fortran extension: nonstandard use of data type length specifier (../src/Morrison_microphys/module_mp_graupel.F90: 5980)
NVFORTRAN-W-0173-PGI Fortran extension: nonstandard use of data type length specifier (../src/Morrison_microphys/module_mp_graupel.F90: 6066)
NVFORTRAN-W-0173-PGI Fortran extension: nonstandard use of data type length specifier (../src/Morrison_microphys/module_mp_graupel.F90: 6073)
NVFORTRAN-W-0173-PGI Fortran extension: nonstandard use of data type length specifier (../src/Morrison_microphys/module_mp_graupel.F90: 6079)
NVFORTRAN-W-0173-PGI Fortran extension: nonstandard use of data type length specifier (../src/Morrison_microphys/module_mp_graupel.F90: 6204)
NVFORTRAN-W-0173-PGI Fortran extension: nonstandard use of data type length specifier (../src/Morrison_microphys/module_mp_graupel.F90: 6210)
NVFORTRAN-W-0173-PGI Fortran extension: nonstandard use of data type length specifier (../src/Morrison_microphys/module_mp_graupel.F90: 6248)
NVFORTRAN-W-0173-PGI Fortran extension: nonstandard use of data type length specifier (../src/Morrison_microphys/module_mp_graupel.F90: 6253)
NVFORTRAN-W-0173-PGI Fortran extension: nonstandard use of data type length specifier (../src/Morrison_microphys/module_mp_graupel.F90: 6257)
nvfortran -DNETCDF -DCLUBB_REAL_TYPE=8 -DCLUBB_GPU -DCUDA -DCOAMPS_MICRO -DNR_SP -DSILHS -Dradoffline -Dnooverlap -DCLUBB -I/glade/u/apps/derecho/24.12/spack/opt/spack/netcdf/4.9.2/nvhpc/24.11/vwh4/include -Mcache_align -O2  -I/glade/u/apps/derecho/24.12/spack/opt/spack/netcdf/4.9.2/nvhpc/24.11/vwh4/include -Mbackslash -Mstandard -Kieee -acc -Minfo=accel  -c	/glade/u/home/ilinck/clubb_release/compile/../src/COAMPS_microphys/eqa6.F
nvfortran -DNETCDF -DCLUBB_REAL_TYPE=8 -DCLUBB_GPU -DCUDA -DCOAMPS_MICRO -DNR_SP -DSILHS -Dradoffline -Dnooverlap -DCLUBB -I/glade/u/apps/derecho/24.12/spack/opt/spack/netcdf/4.9.2/nvhpc/24.11/vwh4/include -Mcache_align -O2  -I/glade/u/apps/derecho/24.12/spack/opt/spack/netcdf/4.9.2/nvhpc/24.11/vwh4/include -Mbackslash -Mstandard -Kieee -acc -Minfo=accel  -c	/glade/u/home/ilinck/clubb_release/compile/../src/COAMPS_microphys/eqa27r.F
nvfortran -DNETCDF -DCLUBB_REAL_TYPE=8 -DCLUBB_GPU -DCUDA -DCOAMPS_MICRO -DNR_SP -DSILHS -Dradoffline -Dnooverlap -DCLUBB -I/glade/u/apps/derecho/24.12/spack/opt/spack/netcdf/4.9.2/nvhpc/24.11/vwh4/include -Mcache_align -O2  -I/glade/u/apps/derecho/24.12/spack/opt/spack/netcdf/4.9.2/nvhpc/24.11/vwh4/include -Mbackslash -Mstandard -Kieee -acc -Minfo=accel  -c	/glade/u/home/ilinck/clubb_release/compile/../src/COAMPS_microphys/gamma.F
nvfortran -DNETCDF -DCLUBB_REAL_TYPE=8 -DCLUBB_GPU -DCUDA -DCOAMPS_MICRO -DNR_SP -DSILHS -Dradoffline -Dnooverlap -DCLUBB -I/glade/u/apps/derecho/24.12/spack/opt/spack/netcdf/4.9.2/nvhpc/24.11/vwh4/include -Mcache_align -O2  -I/glade/u/apps/derecho/24.12/spack/opt/spack/netcdf/4.9.2/nvhpc/24.11/vwh4/include -Mbackslash -Mstandard -Kieee -acc -Minfo=accel  -c	/glade/u/home/ilinck/clubb_release/compile/../src/COAMPS_microphys/eqa21.F
nvfortran -DNETCDF -DCLUBB_REAL_TYPE=8 -DCLUBB_GPU -DCUDA -DCOAMPS_MICRO -DNR_SP -DSILHS -Dradoffline -Dnooverlap -DCLUBB -I/glade/u/apps/derecho/24.12/spack/opt/spack/netcdf/4.9.2/nvhpc/24.11/vwh4/include -Mcache_align -O2  -I/glade/u/apps/derecho/24.12/spack/opt/spack/netcdf/4.9.2/nvhpc/24.11/vwh4/include -Mbackslash -Mstandard -Kieee -acc -Minfo=accel  -c	/glade/u/home/ilinck/clubb_release/compile/../src/COAMPS_microphys/nrmcol.F
nvfortran -DNETCDF -DCLUBB_REAL_TYPE=8 -DCLUBB_GPU -DCUDA -DCOAMPS_MICRO -DNR_SP -DSILHS -Dradoffline -Dnooverlap -DCLUBB -I/glade/u/apps/derecho/24.12/spack/opt/spack/netcdf/4.9.2/nvhpc/24.11/vwh4/include -Mcache_align -O2  -I/glade/u/apps/derecho/24.12/spack/opt/spack/netcdf/4.9.2/nvhpc/24.11/vwh4/include -Mbackslash -Mstandard -Kieee -acc -Minfo=accel  -c	/glade/u/home/ilinck/clubb_release/compile/../src/COAMPS_microphys/eqa12g.F
nvfortran -DNETCDF -DCLUBB_REAL_TYPE=8 -DCLUBB_GPU -DCUDA -DCOAMPS_MICRO -DNR_SP -DSILHS -Dradoffline -Dnooverlap -DCLUBB -I/glade/u/apps/derecho/24.12/spack/opt/spack/netcdf/4.9.2/nvhpc/24.11/vwh4/include -Mcache_align -O2  -I/glade/u/apps/derecho/24.12/spack/opt/spack/netcdf/4.9.2/nvhpc/24.11/vwh4/include -Mbackslash -Mstandard -Kieee -acc -Minfo=accel  -c	/glade/u/home/ilinck/clubb_release/compile/../src/COAMPS_microphys/esati.F
nvfortran -DNETCDF -DCLUBB_REAL_TYPE=8 -DCLUBB_GPU -DCUDA -DCOAMPS_MICRO -DNR_SP -DSILHS -Dradoffline -Dnooverlap -DCLUBB -I/glade/u/apps/derecho/24.12/spack/opt/spack/netcdf/4.9.2/nvhpc/24.11/vwh4/include -Mcache_align -O2  -I/glade/u/apps/derecho/24.12/spack/opt/spack/netcdf/4.9.2/nvhpc/24.11/vwh4/include -Mbackslash -Mstandard -Kieee -acc -Minfo=accel  -c	/glade/u/home/ilinck/clubb_release/compile/../src/COAMPS_microphys/eqa18.F
nvfortran -DNETCDF -DCLUBB_REAL_TYPE=8 -DCLUBB_GPU -DCUDA -DCOAMPS_MICRO -DNR_SP -DSILHS -Dradoffline -Dnooverlap -DCLUBB -I/glade/u/apps/derecho/24.12/spack/opt/spack/netcdf/4.9.2/nvhpc/24.11/vwh4/include -Mcache_align -O2  -I/glade/u/apps/derecho/24.12/spack/opt/spack/netcdf/4.9.2/nvhpc/24.11/vwh4/include -Mbackslash -Mstandard -Kieee -acc -Minfo=accel  -c	/glade/u/home/ilinck/clubb_release/compile/../src/COAMPS_microphys/adjmlt.F
nvfortran -DNETCDF -DCLUBB_REAL_TYPE=8 -DCLUBB_GPU -DCUDA -DCOAMPS_MICRO -DNR_SP -DSILHS -Dradoffline -Dnooverlap -DCLUBB -I/glade/u/apps/derecho/24.12/spack/opt/spack/netcdf/4.9.2/nvhpc/24.11/vwh4/include -Mcache_align -O2  -I/glade/u/apps/derecho/24.12/spack/opt/spack/netcdf/4.9.2/nvhpc/24.11/vwh4/include -Mbackslash -Mstandard -Kieee -acc -Minfo=accel  -c	/glade/u/home/ilinck/clubb_release/compile/../src/COAMPS_microphys/conice.F
nvfortran -DNETCDF -DCLUBB_REAL_TYPE=8 -DCLUBB_GPU -DCUDA -DCOAMPS_MICRO -DNR_SP -DSILHS -Dradoffline -Dnooverlap -DCLUBB -I/glade/u/apps/derecho/24.12/spack/opt/spack/netcdf/4.9.2/nvhpc/24.11/vwh4/include -Mcache_align -O2  -I/glade/u/apps/derecho/24.12/spack/opt/spack/netcdf/4.9.2/nvhpc/24.11/vwh4/include -Mbackslash -Mstandard -Kieee -acc -Minfo=accel  -c	/glade/u/home/ilinck/clubb_release/compile/../src/COAMPS_microphys/eqa7g.F
nvfortran -DNETCDF -DCLUBB_REAL_TYPE=8 -DCLUBB_GPU -DCUDA -DCOAMPS_MICRO -DNR_SP -DSILHS -Dradoffline -Dnooverlap -DCLUBB -I/glade/u/apps/derecho/24.12/spack/opt/spack/netcdf/4.9.2/nvhpc/24.11/vwh4/include -Mcache_align -O2  -I/glade/u/apps/derecho/24.12/spack/opt/spack/netcdf/4.9.2/nvhpc/24.11/vwh4/include -Mbackslash -Mstandard -Kieee -acc -Minfo=accel  -c	/glade/u/home/ilinck/clubb_release/compile/../src/COAMPS_microphys/nrmtqi.F
ar rv /glade/u/home/ilinck/clubb_release/compile/../lib/libclubb_coamps.a eqa19.o qtadj.o eqa15.o frzh.o qsatvi.o eqa10g.o esat_new.o eqa5g.o eqa17g.o eqa26.o adjtq.o eqa28.o eqa25.o esatv.o eqa7.o eqa18g.o tgqs.o eqa21g.o tgqi.o eqa19g.o eqa27.o eqa8g.o eqa11g.o tgqg.o tgqr.o eqa22.o eqa22g.o eqa14g.o slope.o eqa13g.o eqa9.o eqa9g.o eqa12.o nrmtqw.o eqa20g.o eqa6.o eqa27r.o gamma.o eqa21.o nrmcol.o eqa12g.o esati.o eqa18.o adjmlt.o conice.o eqa7g.o nrmtqi.o
ar: creating /glade/u/home/ilinck/clubb_release/compile/../lib/libclubb_coamps.a
a - eqa19.o
a - qtadj.o
a - eqa15.o
a - frzh.o
a - qsatvi.o
a - eqa10g.o
a - esat_new.o
a - eqa5g.o
a - eqa17g.o
a - eqa26.o
a - adjtq.o
a - eqa28.o
a - eqa25.o
a - esatv.o
a - eqa7.o
a - eqa18g.o
a - tgqs.o
a - eqa21g.o
a - tgqi.o
a - eqa19g.o
a - eqa27.o
a - eqa8g.o
a - eqa11g.o
a - tgqg.o
a - tgqr.o
a - eqa22.o
a - eqa22g.o
a - eqa14g.o
a - slope.o
a - eqa13g.o
a - eqa9.o
a - eqa9g.o
a - eqa12.o
a - nrmtqw.o
a - eqa20g.o
a - eqa6.o
a - eqa27r.o
a - gamma.o
a - eqa21.o
a - nrmcol.o
a - eqa12g.o
a - esati.o
a - eqa18.o
a - adjmlt.o
a - conice.o
a - eqa7g.o
a - nrmtqi.o
make[1]: Leaving directory '/glade/u/home/ilinck/clubb_release/obj'
cd /glade/u/home/ilinck/clubb_release/compile/../obj; make -f Make.clubb_KK_microphys
make[1]: Entering directory '/glade/u/home/ilinck/clubb_release/obj'
nvfortran -DNETCDF -DCLUBB_REAL_TYPE=8 -DCLUBB_GPU -DCUDA -DCOAMPS_MICRO -DNR_SP -DSILHS -Dradoffline -Dnooverlap -DCLUBB -I/glade/u/apps/derecho/24.12/spack/opt/spack/netcdf/4.9.2/nvhpc/24.11/vwh4/include -Mcache_align -O2  -I/glade/u/apps/derecho/24.12/spack/opt/spack/netcdf/4.9.2/nvhpc/24.11/vwh4/include -Mbackslash -Mstandard -Kieee -acc -Minfo=accel  -c	../src/KK_microphys/parameters_KK.F90
nvfortran -DNETCDF -DCLUBB_REAL_TYPE=8 -DCLUBB_GPU -DCUDA -DCOAMPS_MICRO -DNR_SP -DSILHS -Dradoffline -Dnooverlap -DCLUBB -I/glade/u/apps/derecho/24.12/spack/opt/spack/netcdf/4.9.2/nvhpc/24.11/vwh4/include -Mcache_align -O2  -I/glade/u/apps/derecho/24.12/spack/opt/spack/netcdf/4.9.2/nvhpc/24.11/vwh4/include -Mbackslash -Mstandard -Kieee -acc -Minfo=accel  -c	../src/KK_microphys/KK_utilities.F90
ar rv /glade/u/home/ilinck/clubb_release/compile/../lib/libclubb_morrison.a module_mp_graupel.o
ar: creating /glade/u/home/ilinck/clubb_release/compile/../lib/libclubb_morrison.a
a - module_mp_graupel.o
make[1]: Leaving directory '/glade/u/home/ilinck/clubb_release/obj'
nvfortran -DNETCDF -DCLUBB_REAL_TYPE=8 -DCLUBB_GPU -DCUDA -DCOAMPS_MICRO -DNR_SP -DSILHS -Dradoffline -Dnooverlap -DCLUBB -I/glade/u/apps/derecho/24.12/spack/opt/spack/netcdf/4.9.2/nvhpc/24.11/vwh4/include -Mcache_align -O2  -I/glade/u/apps/derecho/24.12/spack/opt/spack/netcdf/4.9.2/nvhpc/24.11/vwh4/include -Mbackslash -Mstandard -Kieee -acc -Minfo=accel  -c	../src/KK_microphys/KK_local_means.F90
nvfortran -DNETCDF -DCLUBB_REAL_TYPE=8 -DCLUBB_GPU -DCUDA -DCOAMPS_MICRO -DNR_SP -DSILHS -Dradoffline -Dnooverlap -DCLUBB -I/glade/u/apps/derecho/24.12/spack/opt/spack/netcdf/4.9.2/nvhpc/24.11/vwh4/include -Mcache_align -O2  -I/glade/u/apps/derecho/24.12/spack/opt/spack/netcdf/4.9.2/nvhpc/24.11/vwh4/include -Mbackslash -Mstandard -Kieee -acc -Minfo=accel  -c	../src/text_writer.F90
nvfortran -DNETCDF -DCLUBB_REAL_TYPE=8 -DCLUBB_GPU -DCUDA -DCOAMPS_MICRO -DNR_SP -DSILHS -Dradoffline -Dnooverlap -DCLUBB -I/glade/u/apps/derecho/24.12/spack/opt/spack/netcdf/4.9.2/nvhpc/24.11/vwh4/include -Mcache_align -O2  -I/glade/u/apps/derecho/24.12/spack/opt/spack/netcdf/4.9.2/nvhpc/24.11/vwh4/include -Mbackslash -Mstandard -Kieee -acc -Minfo=accel  -c	../src/KK_microphys/PDF_integrals_all_MM.F90
nvfortran -DNETCDF -DCLUBB_REAL_TYPE=8 -DCLUBB_GPU -DCUDA -DCOAMPS_MICRO -DNR_SP -DSILHS -Dradoffline -Dnooverlap -DCLUBB -I/glade/u/apps/derecho/24.12/spack/opt/spack/netcdf/4.9.2/nvhpc/24.11/vwh4/include -Mcache_align -O2  -I/glade/u/apps/derecho/24.12/spack/opt/spack/netcdf/4.9.2/nvhpc/24.11/vwh4/include -Mbackslash -Mstandard -Kieee -acc -Minfo=accel  -c	../src/KK_microphys/PDF_integrals_means.F90
nvfortran -DNETCDF -DCLUBB_REAL_TYPE=8 -DCLUBB_GPU -DCUDA -DCOAMPS_MICRO -DNR_SP -DSILHS -Dradoffline -Dnooverlap -DCLUBB -I/glade/u/apps/derecho/24.12/spack/opt/spack/netcdf/4.9.2/nvhpc/24.11/vwh4/include -Mcache_align -O2  -I/glade/u/apps/derecho/24.12/spack/opt/spack/netcdf/4.9.2/nvhpc/24.11/vwh4/include -Mbackslash -Mstandard -Kieee -acc -Minfo=accel  -c	../src/KK_microphys/PDF_integrals_covar.F90
nvfortran -DNETCDF -DCLUBB_REAL_TYPE=8 -DCLUBB_GPU -DCUDA -DCOAMPS_MICRO -DNR_SP -DSILHS -Dradoffline -Dnooverlap -DCLUBB -I/glade/u/apps/derecho/24.12/spack/opt/spack/netcdf/4.9.2/nvhpc/24.11/vwh4/include -Mcache_align -O2  -I/glade/u/apps/derecho/24.12/spack/opt/spack/netcdf/4.9.2/nvhpc/24.11/vwh4/include -Mbackslash -Mstandard -Kieee -acc -Minfo=accel  -c	../src/KK_microphys/KK_upscaled_means.F90
nvfortran -DNETCDF -DCLUBB_REAL_TYPE=8 -DCLUBB_GPU -DCUDA -DCOAMPS_MICRO -DNR_SP -DSILHS -Dradoffline -Dnooverlap -DCLUBB -I/glade/u/apps/derecho/24.12/spack/opt/spack/netcdf/4.9.2/nvhpc/24.11/vwh4/include -Mcache_align -O2  -I/glade/u/apps/derecho/24.12/spack/opt/spack/netcdf/4.9.2/nvhpc/24.11/vwh4/include -Mbackslash -Mstandard -Kieee -acc -Minfo=accel  -c	../src/KK_microphys/KK_Nrm_tendencies.F90
nvfortran -DNETCDF -DCLUBB_REAL_TYPE=8 -DCLUBB_GPU -DCUDA -DCOAMPS_MICRO -DNR_SP -DSILHS -Dradoffline -Dnooverlap -DCLUBB -I/glade/u/apps/derecho/24.12/spack/opt/spack/netcdf/4.9.2/nvhpc/24.11/vwh4/include -Mcache_align -O2  -I/glade/u/apps/derecho/24.12/spack/opt/spack/netcdf/4.9.2/nvhpc/24.11/vwh4/include -Mbackslash -Mstandard -Kieee -acc -Minfo=accel  -c	../src/KK_microphys/KK_upscaled_covariances.F90
nvfortran -DNETCDF -DCLUBB_REAL_TYPE=8 -DCLUBB_GPU -DCUDA -DCOAMPS_MICRO -DNR_SP -DSILHS -Dradoffline -Dnooverlap -DCLUBB -I/glade/u/apps/derecho/24.12/spack/opt/spack/netcdf/4.9.2/nvhpc/24.11/vwh4/include -Mcache_align -O2  -I/glade/u/apps/derecho/24.12/spack/opt/spack/netcdf/4.9.2/nvhpc/24.11/vwh4/include -Mbackslash -Mstandard -Kieee -acc -Minfo=accel  -c	../src/KK_microphys/KK_upscaled_variances.F90
nvfortran -DNETCDF -DCLUBB_REAL_TYPE=8 -DCLUBB_GPU -DCUDA -DCOAMPS_MICRO -DNR_SP -DSILHS -Dradoffline -Dnooverlap -DCLUBB -I/glade/u/apps/derecho/24.12/spack/opt/spack/netcdf/4.9.2/nvhpc/24.11/vwh4/include -Mcache_align -O2  -I/glade/u/apps/derecho/24.12/spack/opt/spack/netcdf/4.9.2/nvhpc/24.11/vwh4/include -Mbackslash -Mstandard -Kieee -acc -Minfo=accel  -c	../src/KK_microphys/KK_upscaled_turbulent_sed.F90
ar rv /glade/u/home/ilinck/clubb_release/compile/../lib/libclubb_KK_microphys.a KK_Nrm_tendencies.o parameters_KK.o KK_upscaled_covariances.o KK_upscaled_variances.o KK_local_means.o KK_upscaled_turbulent_sed.o KK_upscaled_means.o text_writer.o PDF_integrals_all_MM.o PDF_integrals_means.o PDF_integrals_covar.o KK_utilities.o
ar: creating /glade/u/home/ilinck/clubb_release/compile/../lib/libclubb_KK_microphys.a
a - KK_Nrm_tendencies.o
a - parameters_KK.o
a - KK_upscaled_covariances.o
a - KK_upscaled_variances.o
a - KK_local_means.o
a - KK_upscaled_turbulent_sed.o
a - KK_upscaled_means.o
a - text_writer.o
a - PDF_integrals_all_MM.o
a - PDF_integrals_means.o
a - PDF_integrals_covar.o
a - KK_utilities.o
make[1]: Leaving directory '/glade/u/home/ilinck/clubb_release/obj'
cd /glade/u/home/ilinck/clubb_release/compile/../obj; make -f Make.silhs
make[1]: Entering directory '/glade/u/home/ilinck/clubb_release/obj'
nvfortran -DNETCDF -DCLUBB_REAL_TYPE=8 -DCLUBB_GPU -DCUDA -DCOAMPS_MICRO -DNR_SP -DSILHS -Dradoffline -Dnooverlap -DCLUBB -I/glade/u/apps/derecho/24.12/spack/opt/spack/netcdf/4.9.2/nvhpc/24.11/vwh4/include -Mcache_align -O2  -I/glade/u/apps/derecho/24.12/spack/opt/spack/netcdf/4.9.2/nvhpc/24.11/vwh4/include -Mbackslash -Mstandard -Kieee -acc -Minfo=accel  -c	/glade/u/home/ilinck/clubb_release/compile/../src/SILHS/parameters_silhs.F90
nvfortran -DNETCDF -DCLUBB_REAL_TYPE=8 -DCLUBB_GPU -DCUDA -DCOAMPS_MICRO -DNR_SP -DSILHS -Dradoffline -Dnooverlap -DCLUBB -I/glade/u/apps/derecho/24.12/spack/opt/spack/netcdf/4.9.2/nvhpc/24.11/vwh4/include -Mcache_align -O2  -I/glade/u/apps/derecho/24.12/spack/opt/spack/netcdf/4.9.2/nvhpc/24.11/vwh4/include -Mbackslash -Mstandard -Kieee -acc -Minfo=accel  -c	/glade/u/home/ilinck/clubb_release/compile/../src/SILHS/transform_to_pdf_module.F90
nvfortran -DNETCDF -DCLUBB_REAL_TYPE=8 -DCLUBB_GPU -DCUDA -DCOAMPS_MICRO -DNR_SP -DSILHS -Dradoffline -Dnooverlap -DCLUBB -I/glade/u/apps/derecho/24.12/spack/opt/spack/netcdf/4.9.2/nvhpc/24.11/vwh4/include -Mcache_align -O2  -I/glade/u/apps/derecho/24.12/spack/opt/spack/netcdf/4.9.2/nvhpc/24.11/vwh4/include -Mbackslash -Mstandard -Kieee -acc -Minfo=accel  -c	/glade/u/home/ilinck/clubb_release/compile/../src/SILHS/output_2D_samples_module.F90
transform_uniform_samples_to_pdf:
    110, Generating create(std_normal(:,:,:,:)) [if not already present]
    124, Generating implicit firstprivate(ngrdcol,num_samples,pdf_dim,nz)
         Generating NVIDIA GPU code
        125, !$acc loop gang, vector(128) collapse(4) ! blockidx%x threadidx%x
        126,   ! blockidx%x threadidx%x collapsed
        127,   ! blockidx%x threadidx%x collapsed
        128,   ! blockidx%x threadidx%x collapsed
    124, Generating default present(x_nl_all_levs(:ngrdcol,:num_samples,:nz,:),hm_metadata)
    136, Generating implicit firstprivate(ngrdcol,num_samples,pdf_dim,nz)
         Generating NVIDIA GPU code
        137, !$acc loop gang, vector(128) collapse(4) ! blockidx%x threadidx%x
        138,   ! blockidx%x threadidx%x collapsed
        139,   ! blockidx%x threadidx%x collapsed
        140,   ! blockidx%x threadidx%x collapsed
    136, Generating default present(hm_metadata,l_in_precip_all_levs(:ngrdcol,:num_samples,:nz),x_nl_all_levs(:ngrdcol,:num_samples,:nz,hm_metadata%iipdf_ncn+1:pdf_dim))
    161, Generating implicit firstprivate(ngrdcol,num_samples,nz)
         Generating NVIDIA GPU code
        162, !$acc loop gang, vector(128) collapse(3) ! blockidx%x threadidx%x
        163,   ! blockidx%x threadidx%x collapsed
        164,   ! blockidx%x threadidx%x collapsed
    161, Generating default present(x_nl_all_levs(:ngrdcol,:num_samples,:nz,hm_metadata%iipdf_chi),hm_metadata,cloud_frac(:ngrdcol,:num_samples,:nz))
cdfnorminv:
    255, Generating implicit firstprivate(pdf_dim,nz,num_samples,ngrdcol)
         Generating NVIDIA GPU code
        256, !$acc loop gang, vector(128) collapse(4) ! blockidx%x threadidx%x
        257,   ! blockidx%x threadidx%x collapsed
        258,   ! blockidx%x threadidx%x collapsed
        259,   ! blockidx%x threadidx%x collapsed
    255, Generating implicit copy(std_normal(:pdf_dim,:ngrdcol,:nz,:num_samples)) [if not already present]
         Generating implicit copyin(x_u_all_levs(:ngrdcol,:num_samples,:nz,:pdf_dim)) [if not already present]
    259, Generating implicit firstprivate(x,w)
multiply_cholesky:
    545, Generating copyin(mu2(:,:,:),sigma_cholesky1(:,:,:,:),sigma_cholesky2(:,:,:,:),mu1(:,:,:)) [if not already present]
    547, Generating implicit firstprivate(num_samples,ngrdcol,pdf_dim,nz)
         Generating NVIDIA GPU code
        548, !$acc loop gang, vector(128) collapse(4) ! blockidx%x threadidx%x
        549,   ! blockidx%x threadidx%x collapsed
        550,   ! blockidx%x threadidx%x collapsed
        551,   ! blockidx%x threadidx%x collapsed
        561, !$acc loop seq
    547, Generating default present(x_nl_all_levs(:ngrdcol,:num_samples,:nz,:pdf_dim),x_mixt_comp_all_levs(:ngrdcol,:num_samples,:nz),std_normal(:,:ngrdcol,:nz,:num_samples))
    551, Generating implicit firstprivate(j,x_nl_k_sample_i_tmp,l_first_comp)
    561, Loop carried scalar dependence for x_nl_k_sample_i_tmp at line 564,567
         Scalar last value needed after loop for x_nl_k_sample_i_tmp at line 572
chi_eta_2_rtthl:
    650, Generating copyin(mu_chi_2(:,:),rt_1(:,:),rt_2(:,:),thl_2(:,:),thl_1(:,:),chi(:,:,:),crt_1(:,:),crt_2(:,:),cthl_1(:,:),eta(:,:,:),mu_chi_1(:,:),cthl_2(:,:)) [if not already present]
    654, Generating implicit firstprivate(nz,num_samples,ngrdcol)
         Generating NVIDIA GPU code
        655, !$acc loop gang, vector(128) collapse(3) ! blockidx%x threadidx%x
        656,   ! blockidx%x threadidx%x collapsed
        657,   ! blockidx%x threadidx%x collapsed
    654, Generating default present(lh_rt(:ngrdcol,:num_samples,2:nz),x_mixt_comp_all_levs(:ngrdcol,:num_samples,2:nz),lh_thl(:ngrdcol,:num_samples,2:nz))
    657, Generating implicit firstprivate(lh_dev_thl_lim)
nvfortran -DNETCDF -DCLUBB_REAL_TYPE=8 -DCLUBB_GPU -DCUDA -DCOAMPS_MICRO -DNR_SP -DSILHS -Dradoffline -Dnooverlap -DCLUBB -I/glade/u/apps/derecho/24.12/spack/opt/spack/netcdf/4.9.2/nvhpc/24.11/vwh4/include -Mcache_align -O2  -I/glade/u/apps/derecho/24.12/spack/opt/spack/netcdf/4.9.2/nvhpc/24.11/vwh4/include -Mbackslash -Mstandard -Kieee -acc -Minfo=accel  -c	/glade/u/home/ilinck/clubb_release/compile/../src/SILHS/latin_hypercube_arrays.F90
nvfortran -DNETCDF -DCLUBB_REAL_TYPE=8 -DCLUBB_GPU -DCUDA -DCOAMPS_MICRO -DNR_SP -DSILHS -Dradoffline -Dnooverlap -DCLUBB -I/glade/u/apps/derecho/24.12/spack/opt/spack/netcdf/4.9.2/nvhpc/24.11/vwh4/include -Mcache_align -O2  -I/glade/u/apps/derecho/24.12/spack/opt/spack/netcdf/4.9.2/nvhpc/24.11/vwh4/include -Mbackslash -Mstandard -Kieee -acc -Minfo=accel  -c	/glade/u/home/ilinck/clubb_release/compile/../src/SILHS/math_utilities.F90
nvfortran -DNETCDF -DCLUBB_REAL_TYPE=8 -DCLUBB_GPU -DCUDA -DCOAMPS_MICRO -DNR_SP -DSILHS -Dradoffline -Dnooverlap -DCLUBB -I/glade/u/apps/derecho/24.12/spack/opt/spack/netcdf/4.9.2/nvhpc/24.11/vwh4/include -Mcache_align -O2  -I/glade/u/apps/derecho/24.12/spack/opt/spack/netcdf/4.9.2/nvhpc/24.11/vwh4/include -Mbackslash -Mstandard -Kieee -acc -Minfo=accel  -c	/glade/u/home/ilinck/clubb_release/compile/../src/SILHS/est_kessler_microphys_module.F90
nvfortran -DNETCDF -DCLUBB_REAL_TYPE=8 -DCLUBB_GPU -DCUDA -DCOAMPS_MICRO -DNR_SP -DSILHS -Dradoffline -Dnooverlap -DCLUBB -I/glade/u/apps/derecho/24.12/spack/opt/spack/netcdf/4.9.2/nvhpc/24.11/vwh4/include -Mcache_align -O2  -I/glade/u/apps/derecho/24.12/spack/opt/spack/netcdf/4.9.2/nvhpc/24.11/vwh4/include -Mbackslash -Mstandard -Kieee -acc -Minfo=accel  -c	/glade/u/home/ilinck/clubb_release/compile/../src/SILHS/generate_uniform_sample_module.F90
nvfortran -DNETCDF -DCLUBB_REAL_TYPE=8 -DCLUBB_GPU -DCUDA -DCOAMPS_MICRO -DNR_SP -DSILHS -Dradoffline -Dnooverlap -DCLUBB -I/glade/u/apps/derecho/24.12/spack/opt/spack/netcdf/4.9.2/nvhpc/24.11/vwh4/include -Mcache_align -O2  -I/glade/u/apps/derecho/24.12/spack/opt/spack/netcdf/4.9.2/nvhpc/24.11/vwh4/include -Mbackslash -Mstandard -Kieee -acc -Minfo=accel  -c	/glade/u/home/ilinck/clubb_release/compile/../src/SILHS/lh_microphys_var_covar_module.F90
nvfortran -DNETCDF -DCLUBB_REAL_TYPE=8 -DCLUBB_GPU -DCUDA -DCOAMPS_MICRO -DNR_SP -DSILHS -Dradoffline -Dnooverlap -DCLUBB -I/glade/u/apps/derecho/24.12/spack/opt/spack/netcdf/4.9.2/nvhpc/24.11/vwh4/include -Mcache_align -O2  -I/glade/u/apps/derecho/24.12/spack/opt/spack/netcdf/4.9.2/nvhpc/24.11/vwh4/include -Mbackslash -Mstandard -Kieee -acc -Minfo=accel  -c	/glade/u/home/ilinck/clubb_release/compile/../src/SILHS/silhs_importance_sample_module.F90
nvfortran -DNETCDF -DCLUBB_REAL_TYPE=8 -DCLUBB_GPU -DCUDA -DCOAMPS_MICRO -DNR_SP -DSILHS -Dradoffline -Dnooverlap -DCLUBB -I/glade/u/apps/derecho/24.12/spack/opt/spack/netcdf/4.9.2/nvhpc/24.11/vwh4/include -Mcache_align -O2  -I/glade/u/apps/derecho/24.12/spack/opt/spack/netcdf/4.9.2/nvhpc/24.11/vwh4/include -Mbackslash -Mstandard -Kieee -acc -Minfo=accel  -c	/glade/u/home/ilinck/clubb_release/compile/../src/SILHS/latin_hypercube_driver_module.F90
generate_silhs_sample:
    298, Generating copyin(k_lh_start(:)) [if not already present]
         Generating create(rand_pool(:,:,:,:),x_u_all_levs(:,:,:,:)) [if not already present]
         Generating copyin(x_vert_corr(:,:)) [if not already present]
    326, Generating create(cloud_frac(:,:,:),l_in_precip(:,:,:)) [if not already present]
         Generating copyin(pdf_params%mixt_frac(:,:),pdf_params%cloud_frac_2(:,:),pdf_params,pdf_params%cloud_frac_1(:,:),precip_fracs,precip_fracs%precip_frac_2(:,:),precip_fracs%precip_frac_1(:,:)) [if not already present]
    332, Generating implicit firstprivate(ngrdcol,nz,num_samples)
         Generating NVIDIA GPU code
        333, !$acc loop gang, vector(128) collapse(3) ! blockidx%x threadidx%x
        334,   ! blockidx%x threadidx%x collapsed
        335,   ! blockidx%x threadidx%x collapsed
    332, Generating default present(x_mixt_comp_all_levs(:ngrdcol,:num_samples,:nz))
    335, Generating implicit firstprivate(pdf_dim)
    391, Generating update self(lh_sample_point_weights(:,:,:),l_in_precip(:,:,:),x_u_all_levs(:,:,:,:),x_mixt_comp_all_levs(:,:,:))
    428, Generating update self(x_mixt_comp_all_levs(:,:,:),x_u_all_levs(:,:,:,:),x_nl_all_levs(:,:,:,:))
generate_all_uniform_samples:
    720, Generating implicit firstprivate(d_uniform_extra,ngrdcol,num_samples,pdf_dim,nz)
         Generating NVIDIA GPU code
        721, !$acc loop gang, vector(128) collapse(4) ! blockidx%x threadidx%x
        722,   ! blockidx%x threadidx%x collapsed
        723,   ! blockidx%x threadidx%x collapsed
        724,   ! blockidx%x threadidx%x collapsed
    720, Generating default present(x_u_all_levs(:ngrdcol,:num_samples,:nz,:d_uniform_extra+pdf_dim),rand_pool(:ngrdcol,:num_samples,:nz,:d_uniform_extra+pdf_dim))
    733, Generating implicit firstprivate(ngrdcol,num_samples,nz)
         Generating NVIDIA GPU code
        734, !$acc loop gang, vector(128) collapse(3) ! blockidx%x threadidx%x
        735,   ! blockidx%x threadidx%x collapsed
        736,   ! blockidx%x threadidx%x collapsed
    733, Generating default present(lh_sample_point_weights(:ngrdcol,:num_samples,:nz))
    816, Generating implicit firstprivate(d_uniform_extra,ngrdcol,num_samples,pdf_dim,nz)
         Generating NVIDIA GPU code
        817, !$acc loop gang, vector(128) collapse(4) ! blockidx%x threadidx%x
        818,   ! blockidx%x threadidx%x collapsed
        819,   ! blockidx%x threadidx%x collapsed
        820,   ! blockidx%x threadidx%x collapsed
    816, Generating default present(x_u_all_levs(:ngrdcol,:num_samples,:nz,:d_uniform_extra+pdf_dim),rand_pool(:ngrdcol,:num_samples,:nz,:d_uniform_extra+pdf_dim))
    829, Generating implicit firstprivate(ngrdcol,nz,num_samples)
         Generating NVIDIA GPU code
        830, !$acc loop gang, vector(128) collapse(3) ! blockidx%x threadidx%x
        831,   ! blockidx%x threadidx%x collapsed
        832,   ! blockidx%x threadidx%x collapsed
    829, Generating default present(lh_sample_point_weights(:ngrdcol,:num_samples,:nz))
clip_transform_silhs_output:
   1119, Generating implicit firstprivate(num_samples,ngrdcol)
         Generating NVIDIA GPU code
       1120, !$acc loop gang, vector(128) collapse(2) ! blockidx%x threadidx%x
       1121,   ! blockidx%x threadidx%x collapsed
   1119, Generating default present(lh_rt_clipped(:ngrdcol,:num_samples,:1),lh_nc_clipped(:ngrdcol,:num_samples,:1),lh_rv_clipped(:ngrdcol,:num_samples,:1),lh_thl_clipped(:ngrdcol,:num_samples,:1),lh_rc_clipped(:ngrdcol,:num_samples,:1))
   1131, Generating implicit firstprivate(ngrdcol,nz,num_samples)
         Generating NVIDIA GPU code
       1132, !$acc loop gang, vector(128) collapse(3) ! blockidx%x threadidx%x
       1133,   ! blockidx%x threadidx%x collapsed
       1134,   ! blockidx%x threadidx%x collapsed
   1131, Generating default present(lh_rc_clipped(:ngrdcol,:num_samples,2:nz),lh_nc_clipped(:ngrdcol,:num_samples,2:nz),lh_rt_clipped(:ngrdcol,:num_samples,2:nz),x_nl_all_levs(:ngrdcol,:num_samples,2:nz,:),lh_rv_clipped(:ngrdcol,:num_samples,2:nz),hm_metadata)
   1134, Generating implicit firstprivate(l_use_ncn_to_nc)
compute_arb_overlap:
   1905, Generating implicit firstprivate(d_uniform_extra,ngrdcol,pdf_dim,num_samples)
         Generating NVIDIA GPU code
       1906, !$acc loop gang, vector(128) collapse(3) ! blockidx%x threadidx%x
       1907,   ! blockidx%x threadidx%x collapsed
       1908,   ! blockidx%x threadidx%x collapsed
       1913, !$acc loop seq
   1905, Generating default present(x_u_all_levs(:ngrdcol,:num_samples,:,:d_uniform_extra+pdf_dim),vert_corr(:ngrdcol,:),k_lh_start(:ngrdcol),rand_pool(:ngrdcol,:num_samples,:,:d_uniform_extra+pdf_dim))
   1908, Generating implicit firstprivate(k,unbounded_point,nz,k_lh_start_i)
   1913, Loop carried scalar dependence for unbounded_point at line 1916
         Generating implicit firstprivate(half_width,offset,min_val)
         Loop carried scalar dependence for unbounded_point at line 1916
   1939, Generating implicit firstprivate(d_uniform_extra,ngrdcol,pdf_dim,num_samples)
         Generating NVIDIA GPU code
       1940, !$acc loop gang, vector(128) collapse(3) ! blockidx%x threadidx%x
       1941,   ! blockidx%x threadidx%x collapsed
       1942,   ! blockidx%x threadidx%x collapsed
       1947, !$acc loop seq
   1939, Generating default present(x_u_all_levs(:ngrdcol,:num_samples,:,:d_uniform_extra+pdf_dim),vert_corr(:ngrdcol,:),k_lh_start(:ngrdcol),rand_pool(:ngrdcol,:num_samples,:,:d_uniform_extra+pdf_dim))
   1942, Generating implicit firstprivate(k,unbounded_point,k_lh_start_i)
   1947, Loop carried scalar dependence for unbounded_point at line 1950
         Generating implicit firstprivate(half_width,offset,min_val)
         Loop carried scalar dependence for unbounded_point at line 1950
nvfortran -DNETCDF -DCLUBB_REAL_TYPE=8 -DCLUBB_GPU -DCUDA -DCOAMPS_MICRO -DNR_SP -DSILHS -Dradoffline -Dnooverlap -DCLUBB -I/glade/u/apps/derecho/24.12/spack/opt/spack/netcdf/4.9.2/nvhpc/24.11/vwh4/include -Mcache_align -O2  -I/glade/u/apps/derecho/24.12/spack/opt/spack/netcdf/4.9.2/nvhpc/24.11/vwh4/include -Mbackslash -Mstandard -Kieee -acc -Minfo=accel  -c	/glade/u/home/ilinck/clubb_release/compile/../src/SILHS/silhs_api_module.F90
ar rv /glade/u/home/ilinck/clubb_release/compile/../lib/libsilhs.a parameters_silhs.o latin_hypercube_driver_module.o silhs_importance_sample_module.o lh_microphys_var_covar_module.o transform_to_pdf_module.o output_2D_samples_module.o generate_uniform_sample_module.o silhs_api_module.o math_utilities.o est_kessler_microphys_module.o latin_hypercube_arrays.o
ar: creating /glade/u/home/ilinck/clubb_release/compile/../lib/libsilhs.a
a - parameters_silhs.o
a - latin_hypercube_driver_module.o
a - silhs_importance_sample_module.o
a - lh_microphys_var_covar_module.o
a - transform_to_pdf_module.o
a - output_2D_samples_module.o
a - generate_uniform_sample_module.o
a - silhs_api_module.o
a - math_utilities.o
a - est_kessler_microphys_module.o
a - latin_hypercube_arrays.o
make[1]: Leaving directory '/glade/u/home/ilinck/clubb_release/obj'
cd /glade/u/home/ilinck/clubb_release/compile/../obj; make -f Make.clubb_other
make[1]: Entering directory '/glade/u/home/ilinck/clubb_release/obj'
nvfortran -DNETCDF -DCLUBB_REAL_TYPE=8 -DCLUBB_GPU -DCUDA -DCOAMPS_MICRO -DNR_SP -DSILHS -Dradoffline -Dnooverlap -DCLUBB -I/glade/u/apps/derecho/24.12/spack/opt/spack/netcdf/4.9.2/nvhpc/24.11/vwh4/include -Mcache_align -O2  -I/glade/u/apps/derecho/24.12/spack/opt/spack/netcdf/4.9.2/nvhpc/24.11/vwh4/include -Mbackslash -Mstandard -Kieee -acc -Minfo=accel  -c	../src/Benchmark_cases/spec_hum_to_mixing_ratio.F90
nvfortran -DNETCDF -DCLUBB_REAL_TYPE=8 -DCLUBB_GPU -DCUDA -DCOAMPS_MICRO -DNR_SP -DSILHS -Dradoffline -Dnooverlap -DCLUBB -I/glade/u/apps/derecho/24.12/spack/opt/spack/netcdf/4.9.2/nvhpc/24.11/vwh4/include -Mcache_align -O2  -I/glade/u/apps/derecho/24.12/spack/opt/spack/netcdf/4.9.2/nvhpc/24.11/vwh4/include -Mbackslash -Mstandard -Kieee -acc -Minfo=accel  -c	../src/time_dependent_input.F90
nvfortran -DNETCDF -DCLUBB_REAL_TYPE=8 -DCLUBB_GPU -DCUDA -DCOAMPS_MICRO -DNR_SP -DSILHS -Dradoffline -Dnooverlap -DCLUBB -I/glade/u/apps/derecho/24.12/spack/opt/spack/netcdf/4.9.2/nvhpc/24.11/vwh4/include -Mcache_align -O2  -I/glade/u/apps/derecho/24.12/spack/opt/spack/netcdf/4.9.2/nvhpc/24.11/vwh4/include -Mbackslash -Mstandard -Kieee -acc -Minfo=accel  -c	../src/parameters_radiation.F90
nvfortran -DNETCDF -DCLUBB_REAL_TYPE=8 -DCLUBB_GPU -DCUDA -DCOAMPS_MICRO -DNR_SP -DSILHS -Dradoffline -Dnooverlap -DCLUBB -I/glade/u/apps/derecho/24.12/spack/opt/spack/netcdf/4.9.2/nvhpc/24.11/vwh4/include -Mcache_align -O2  -I/glade/u/apps/derecho/24.12/spack/opt/spack/netcdf/4.9.2/nvhpc/24.11/vwh4/include -Mbackslash -Mstandard -Kieee -acc -Minfo=accel  -c	../src/parameters_microphys.F90
nvfortran -DNETCDF -DCLUBB_REAL_TYPE=8 -DCLUBB_GPU -DCUDA -DCOAMPS_MICRO -DNR_SP -DSILHS -Dradoffline -Dnooverlap -DCLUBB -I/glade/u/apps/derecho/24.12/spack/opt/spack/netcdf/4.9.2/nvhpc/24.11/vwh4/include -Mcache_align -O2  -I/glade/u/apps/derecho/24.12/spack/opt/spack/netcdf/4.9.2/nvhpc/24.11/vwh4/include -Mbackslash -Mstandard -Kieee -acc -Minfo=accel  -c	../src/hydrostatic_module.F90
nvfortran -DNETCDF -DCLUBB_REAL_TYPE=8 -DCLUBB_GPU -DCUDA -DCOAMPS_MICRO -DNR_SP -DSILHS -Dradoffline -Dnooverlap -DCLUBB -I/glade/u/apps/derecho/24.12/spack/opt/spack/netcdf/4.9.2/nvhpc/24.11/vwh4/include -Mcache_align -O2  -I/glade/u/apps/derecho/24.12/spack/opt/spack/netcdf/4.9.2/nvhpc/24.11/vwh4/include -Mbackslash -Mstandard -Kieee -acc -Minfo=accel  -c	../src/Benchmark_cases/diag_ustar_module.F90
nvfortran -DNETCDF -DCLUBB_REAL_TYPE=8 -DCLUBB_GPU -DCUDA -DCOAMPS_MICRO -DNR_SP -DSILHS -Dradoffline -Dnooverlap -DCLUBB -I/glade/u/apps/derecho/24.12/spack/opt/spack/netcdf/4.9.2/nvhpc/24.11/vwh4/include -Mcache_align -O2  -I/glade/u/apps/derecho/24.12/spack/opt/spack/netcdf/4.9.2/nvhpc/24.11/vwh4/include -Mbackslash -Mstandard -Kieee -acc -Minfo=accel  -c	../src/silhs_category_variance_module.F90
nvfortran -DNETCDF -DCLUBB_REAL_TYPE=8 -DCLUBB_GPU -DCUDA -DCOAMPS_MICRO -DNR_SP -DSILHS -Dradoffline -Dnooverlap -DCLUBB -I/glade/u/apps/derecho/24.12/spack/opt/spack/netcdf/4.9.2/nvhpc/24.11/vwh4/include -Mcache_align -O2  -I/glade/u/apps/derecho/24.12/spack/opt/spack/netcdf/4.9.2/nvhpc/24.11/vwh4/include -Mbackslash -Mstandard -Kieee -acc -Minfo=accel  -c	../src/Benchmark_cases/mpace_a.F90
nvfortran -DNETCDF -DCLUBB_REAL_TYPE=8 -DCLUBB_GPU -DCUDA -DCOAMPS_MICRO -DNR_SP -DSILHS -Dradoffline -Dnooverlap -DCLUBB -I/glade/u/apps/derecho/24.12/spack/opt/spack/netcdf/4.9.2/nvhpc/24.11/vwh4/include -Mcache_align -O2  -I/glade/u/apps/derecho/24.12/spack/opt/spack/netcdf/4.9.2/nvhpc/24.11/vwh4/include -Mbackslash -Mstandard -Kieee -acc -Minfo=accel  -c	../src/clubb_model_settings.F90
nvfortran -DNETCDF -DCLUBB_REAL_TYPE=8 -DCLUBB_GPU -DCUDA -DCOAMPS_MICRO -DNR_SP -DSILHS -Dradoffline -Dnooverlap -DCLUBB -I/glade/u/apps/derecho/24.12/spack/opt/spack/netcdf/4.9.2/nvhpc/24.11/vwh4/include -Mcache_align -O2  -I/glade/u/apps/derecho/24.12/spack/opt/spack/netcdf/4.9.2/nvhpc/24.11/vwh4/include -Mbackslash -Mstandard -Kieee -acc -Minfo=accel  -c -I../src/CLUBB_core	../src/input_grads.F90
nvfortran -DNETCDF -DCLUBB_REAL_TYPE=8 -DCLUBB_GPU -DCUDA -DCOAMPS_MICRO -DNR_SP -DSILHS -Dradoffline -Dnooverlap -DCLUBB -I/glade/u/apps/derecho/24.12/spack/opt/spack/netcdf/4.9.2/nvhpc/24.11/vwh4/include -Mcache_align -O2  -I/glade/u/apps/derecho/24.12/spack/opt/spack/netcdf/4.9.2/nvhpc/24.11/vwh4/include -Mbackslash -Mstandard -Kieee -acc -Minfo=accel  -c	../src/input_netcdf.F90
nvfortran -DNETCDF -DCLUBB_REAL_TYPE=8 -DCLUBB_GPU -DCUDA -DCOAMPS_MICRO -DNR_SP -DSILHS -Dradoffline -Dnooverlap -DCLUBB -I/glade/u/apps/derecho/24.12/spack/opt/spack/netcdf/4.9.2/nvhpc/24.11/vwh4/include -Mcache_align -O2  -I/glade/u/apps/derecho/24.12/spack/opt/spack/netcdf/4.9.2/nvhpc/24.11/vwh4/include -Mbackslash -Mstandard -Kieee -acc -Minfo=accel  -c	../src/Benchmark_cases/rad_lwsw_module.F90
nvfortran -DNETCDF -DCLUBB_REAL_TYPE=8 -DCLUBB_GPU -DCUDA -DCOAMPS_MICRO -DNR_SP -DSILHS -Dradoffline -Dnooverlap -DCLUBB -I/glade/u/apps/derecho/24.12/spack/opt/spack/netcdf/4.9.2/nvhpc/24.11/vwh4/include -Mcache_align -O2  -I/glade/u/apps/derecho/24.12/spack/opt/spack/netcdf/4.9.2/nvhpc/24.11/vwh4/include -Mbackslash -Mstandard -Kieee -acc -Minfo=accel  -c	../src/Benchmark_cases/wangara.F90
nvfortran -DNETCDF -DCLUBB_REAL_TYPE=8 -DCLUBB_GPU -DCUDA -DCOAMPS_MICRO -DNR_SP -DSILHS -Dradoffline -Dnooverlap -DCLUBB -I/glade/u/apps/derecho/24.12/spack/opt/spack/netcdf/4.9.2/nvhpc/24.11/vwh4/include -Mcache_align -O2  -I/glade/u/apps/derecho/24.12/spack/opt/spack/netcdf/4.9.2/nvhpc/24.11/vwh4/include -Mbackslash -Mstandard -Kieee -acc -Minfo=accel  -c	../src/extrapolation.F90
nvfortran -DNETCDF -DCLUBB_REAL_TYPE=8 -DCLUBB_GPU -DCUDA -DCOAMPS_MICRO -DNR_SP -DSILHS -Dradoffline -Dnooverlap -DCLUBB -I/glade/u/apps/derecho/24.12/spack/opt/spack/netcdf/4.9.2/nvhpc/24.11/vwh4/include -Mcache_align -O2  -I/glade/u/apps/derecho/24.12/spack/opt/spack/netcdf/4.9.2/nvhpc/24.11/vwh4/include -Mbackslash -Mstandard -Kieee -acc -Minfo=accel  -c	../src/soil_vegetation.F90
nvfortran -DNETCDF -DCLUBB_REAL_TYPE=8 -DCLUBB_GPU -DCUDA -DCOAMPS_MICRO -DNR_SP -DSILHS -Dradoffline -Dnooverlap -DCLUBB -I/glade/u/apps/derecho/24.12/spack/opt/spack/netcdf/4.9.2/nvhpc/24.11/vwh4/include -Mcache_align -O2  -I/glade/u/apps/derecho/24.12/spack/opt/spack/netcdf/4.9.2/nvhpc/24.11/vwh4/include -Mbackslash -Mstandard -Kieee -acc -Minfo=accel  -c	../src/Benchmark_cases/cloud_sed_module.F90
nvfortran -DNETCDF -DCLUBB_REAL_TYPE=8 -DCLUBB_GPU -DCUDA -DCOAMPS_MICRO -DNR_SP -DSILHS -Dradoffline -Dnooverlap -DCLUBB -I/glade/u/apps/derecho/24.12/spack/opt/spack/netcdf/4.9.2/nvhpc/24.11/vwh4/include -Mcache_align -O2  -I/glade/u/apps/derecho/24.12/spack/opt/spack/netcdf/4.9.2/nvhpc/24.11/vwh4/include -Mbackslash -Mstandard -Kieee -acc -Minfo=accel  -c	../src/morrison_microphys_module.F90
nvfortran -DNETCDF -DCLUBB_REAL_TYPE=8 -DCLUBB_GPU -DCUDA -DCOAMPS_MICRO -DNR_SP -DSILHS -Dradoffline -Dnooverlap -DCLUBB -I/glade/u/apps/derecho/24.12/spack/opt/spack/netcdf/4.9.2/nvhpc/24.11/vwh4/include -Mcache_align -O2  -I/glade/u/apps/derecho/24.12/spack/opt/spack/netcdf/4.9.2/nvhpc/24.11/vwh4/include -Mbackslash -Mstandard -Kieee -acc -Minfo=accel  -c	../src/coamps_microphys_driver_module.F90
nvfortran -DNETCDF -DCLUBB_REAL_TYPE=8 -DCLUBB_GPU -DCUDA -DCOAMPS_MICRO -DNR_SP -DSILHS -Dradoffline -Dnooverlap -DCLUBB -I/glade/u/apps/derecho/24.12/spack/opt/spack/netcdf/4.9.2/nvhpc/24.11/vwh4/include -Mcache_align -O2  -I/glade/u/apps/derecho/24.12/spack/opt/spack/netcdf/4.9.2/nvhpc/24.11/vwh4/include -Mbackslash -Mstandard -Kieee -acc -Minfo=accel  -c	../src/ice_dfsn_module.F90
nvfortran -DNETCDF -DCLUBB_REAL_TYPE=8 -DCLUBB_GPU -DCUDA -DCOAMPS_MICRO -DNR_SP -DSILHS -Dradoffline -Dnooverlap -DCLUBB -I/glade/u/apps/derecho/24.12/spack/opt/spack/netcdf/4.9.2/nvhpc/24.11/vwh4/include -Mcache_align -O2  -I/glade/u/apps/derecho/24.12/spack/opt/spack/netcdf/4.9.2/nvhpc/24.11/vwh4/include -Mbackslash -Mstandard -Kieee -acc -Minfo=accel  -c	../src/gfdl_activation.F90
nvfortran -DNETCDF -DCLUBB_REAL_TYPE=8 -DCLUBB_GPU -DCUDA -DCOAMPS_MICRO -DNR_SP -DSILHS -Dradoffline -Dnooverlap -DCLUBB -I/glade/u/apps/derecho/24.12/spack/opt/spack/netcdf/4.9.2/nvhpc/24.11/vwh4/include -Mcache_align -O2  -I/glade/u/apps/derecho/24.12/spack/opt/spack/netcdf/4.9.2/nvhpc/24.11/vwh4/include -Mbackslash -Mstandard -Kieee -acc -Minfo=accel  -c	../src/mixed_moment_PDF_integrals.F90
nvfortran -DNETCDF -DCLUBB_REAL_TYPE=8 -DCLUBB_GPU -DCUDA -DCOAMPS_MICRO -DNR_SP -DSILHS -Dradoffline -Dnooverlap -DCLUBB -I/glade/u/apps/derecho/24.12/spack/opt/spack/netcdf/4.9.2/nvhpc/24.11/vwh4/include -Mcache_align -O2  -I/glade/u/apps/derecho/24.12/spack/opt/spack/netcdf/4.9.2/nvhpc/24.11/vwh4/include -Mbackslash -Mstandard -Kieee -acc -Minfo=accel  -c	../src/Benchmark_cases/clex9_nov02.F90
nvfortran -DNETCDF -DCLUBB_REAL_TYPE=8 -DCLUBB_GPU -DCUDA -DCOAMPS_MICRO -DNR_SP -DSILHS -Dradoffline -Dnooverlap -DCLUBB -I/glade/u/apps/derecho/24.12/spack/opt/spack/netcdf/4.9.2/nvhpc/24.11/vwh4/include -Mcache_align -O2  -I/glade/u/apps/derecho/24.12/spack/opt/spack/netcdf/4.9.2/nvhpc/24.11/vwh4/include -Mbackslash -Mstandard -Kieee -acc -Minfo=accel  -c	../src/Benchmark_cases/clex9_oct14.F90
nvfortran -DNETCDF -DCLUBB_REAL_TYPE=8 -DCLUBB_GPU -DCUDA -DCOAMPS_MICRO -DNR_SP -DSILHS -Dradoffline -Dnooverlap -DCLUBB -I/glade/u/apps/derecho/24.12/spack/opt/spack/netcdf/4.9.2/nvhpc/24.11/vwh4/include -Mcache_align -O2  -I/glade/u/apps/derecho/24.12/spack/opt/spack/netcdf/4.9.2/nvhpc/24.11/vwh4/include -Mbackslash -Mstandard -Kieee -acc -Minfo=accel  -c	../src/Benchmark_cases/jun25.F90
nvfortran -DNETCDF -DCLUBB_REAL_TYPE=8 -DCLUBB_GPU -DCUDA -DCOAMPS_MICRO -DNR_SP -DSILHS -Dradoffline -Dnooverlap -DCLUBB -I/glade/u/apps/derecho/24.12/spack/opt/spack/netcdf/4.9.2/nvhpc/24.11/vwh4/include -Mcache_align -O2  -I/glade/u/apps/derecho/24.12/spack/opt/spack/netcdf/4.9.2/nvhpc/24.11/vwh4/include -Mbackslash -Mstandard -Kieee -acc -Minfo=accel  -c	../src/Benchmark_cases/nov11.F90
nvfortran -DNETCDF -DCLUBB_REAL_TYPE=8 -DCLUBB_GPU -DCUDA -DCOAMPS_MICRO -DNR_SP -DSILHS -Dradoffline -Dnooverlap -DCLUBB -I/glade/u/apps/derecho/24.12/spack/opt/spack/netcdf/4.9.2/nvhpc/24.11/vwh4/include -Mcache_align -O2  -I/glade/u/apps/derecho/24.12/spack/opt/spack/netcdf/4.9.2/nvhpc/24.11/vwh4/include -Mbackslash -Mstandard -Kieee -acc -Minfo=accel  -c	../src/cos_solar_zen_module.F90
nvfortran -DNETCDF -DCLUBB_REAL_TYPE=8 -DCLUBB_GPU -DCUDA -DCOAMPS_MICRO -DNR_SP -DSILHS -Dradoffline -Dnooverlap -DCLUBB -I/glade/u/apps/derecho/24.12/spack/opt/spack/netcdf/4.9.2/nvhpc/24.11/vwh4/include -Mcache_align -O2  -I/glade/u/apps/derecho/24.12/spack/opt/spack/netcdf/4.9.2/nvhpc/24.11/vwh4/include -Mbackslash -Mstandard -Kieee -acc -Minfo=accel  -c	../src/quicksort.F90
nvfortran -DNETCDF -DCLUBB_REAL_TYPE=8 -DCLUBB_GPU -DCUDA -DCOAMPS_MICRO -DNR_SP -DSILHS -Dradoffline -Dnooverlap -DCLUBB -I/glade/u/apps/derecho/24.12/spack/opt/spack/netcdf/4.9.2/nvhpc/24.11/vwh4/include -Mcache_align -O2  -I/glade/u/apps/derecho/24.12/spack/opt/spack/netcdf/4.9.2/nvhpc/24.11/vwh4/include -Mbackslash -Mstandard -Kieee -acc -Minfo=accel  -c	../src/Benchmark_cases/bomex.F90
nvfortran -DNETCDF -DCLUBB_REAL_TYPE=8 -DCLUBB_GPU -DCUDA -DCOAMPS_MICRO -DNR_SP -DSILHS -Dradoffline -Dnooverlap -DCLUBB -I/glade/u/apps/derecho/24.12/spack/opt/spack/netcdf/4.9.2/nvhpc/24.11/vwh4/include -Mcache_align -O2  -I/glade/u/apps/derecho/24.12/spack/opt/spack/netcdf/4.9.2/nvhpc/24.11/vwh4/include -Mbackslash -Mstandard -Kieee -acc -Minfo=accel  -c	../src/advance_microphys_module.F90
nvfortran -DNETCDF -DCLUBB_REAL_TYPE=8 -DCLUBB_GPU -DCUDA -DCOAMPS_MICRO -DNR_SP -DSILHS -Dradoffline -Dnooverlap -DCLUBB -I/glade/u/apps/derecho/24.12/spack/opt/spack/netcdf/4.9.2/nvhpc/24.11/vwh4/include -Mcache_align -O2  -I/glade/u/apps/derecho/24.12/spack/opt/spack/netcdf/4.9.2/nvhpc/24.11/vwh4/include -Mbackslash -Mstandard -Kieee -acc -Minfo=accel  -c	../src/Benchmark_cases/sfc_flux.F90
nvfortran -DNETCDF -DCLUBB_REAL_TYPE=8 -DCLUBB_GPU -DCUDA -DCOAMPS_MICRO -DNR_SP -DSILHS -Dradoffline -Dnooverlap -DCLUBB -I/glade/u/apps/derecho/24.12/spack/opt/spack/netcdf/4.9.2/nvhpc/24.11/vwh4/include -Mcache_align -O2  -I/glade/u/apps/derecho/24.12/spack/opt/spack/netcdf/4.9.2/nvhpc/24.11/vwh4/include -Mbackslash -Mstandard -Kieee -acc -Minfo=accel  -c	../src/input_interpret.F90
nvfortran -DNETCDF -DCLUBB_REAL_TYPE=8 -DCLUBB_GPU -DCUDA -DCOAMPS_MICRO -DNR_SP -DSILHS -Dradoffline -Dnooverlap -DCLUBB -I/glade/u/apps/derecho/24.12/spack/opt/spack/netcdf/4.9.2/nvhpc/24.11/vwh4/include -Mcache_align -O2  -I/glade/u/apps/derecho/24.12/spack/opt/spack/netcdf/4.9.2/nvhpc/24.11/vwh4/include -Mbackslash -Mstandard -Kieee -acc -Minfo=accel  -c	../src/Benchmark_cases/lba.F90
nvfortran -DNETCDF -DCLUBB_REAL_TYPE=8 -DCLUBB_GPU -DCUDA -DCOAMPS_MICRO -DNR_SP -DSILHS -Dradoffline -Dnooverlap -DCLUBB -I/glade/u/apps/derecho/24.12/spack/opt/spack/netcdf/4.9.2/nvhpc/24.11/vwh4/include -Mcache_align -O2  -I/glade/u/apps/derecho/24.12/spack/opt/spack/netcdf/4.9.2/nvhpc/24.11/vwh4/include -Mbackslash -Mstandard -Kieee -acc -Minfo=accel  -c	../src/Benchmark_cases/dycoms2_rf02.F90
nvfortran -DNETCDF -DCLUBB_REAL_TYPE=8 -DCLUBB_GPU -DCUDA -DCOAMPS_MICRO -DNR_SP -DSILHS -Dradoffline -Dnooverlap -DCLUBB -I/glade/u/apps/derecho/24.12/spack/opt/spack/netcdf/4.9.2/nvhpc/24.11/vwh4/include -Mcache_align -O2  -I/glade/u/apps/derecho/24.12/spack/opt/spack/netcdf/4.9.2/nvhpc/24.11/vwh4/include -Mbackslash -Mstandard -Kieee -acc -Minfo=accel  -c	../src/Benchmark_cases/astex_a209.F90
nvfortran -DNETCDF -DCLUBB_REAL_TYPE=8 -DCLUBB_GPU -DCUDA -DCOAMPS_MICRO -DNR_SP -DSILHS -Dradoffline -Dnooverlap -DCLUBB -I/glade/u/apps/derecho/24.12/spack/opt/spack/netcdf/4.9.2/nvhpc/24.11/vwh4/include -Mcache_align -O2  -I/glade/u/apps/derecho/24.12/spack/opt/spack/netcdf/4.9.2/nvhpc/24.11/vwh4/include -Mbackslash -Mstandard -Kieee -acc -Minfo=accel  -c	../src/stat_file_utils.F90
nvfortran -DNETCDF -DCLUBB_REAL_TYPE=8 -DCLUBB_GPU -DCUDA -DCOAMPS_MICRO -DNR_SP -DSILHS -Dradoffline -Dnooverlap -DCLUBB -I/glade/u/apps/derecho/24.12/spack/opt/spack/netcdf/4.9.2/nvhpc/24.11/vwh4/include -Mcache_align -O2  -I/glade/u/apps/derecho/24.12/spack/opt/spack/netcdf/4.9.2/nvhpc/24.11/vwh4/include -Mbackslash -Mstandard -Kieee -acc -Minfo=accel  -c	../src/simple_rad_module.F90
nvfortran -DNETCDF -DCLUBB_REAL_TYPE=8 -DCLUBB_GPU -DCUDA -DCOAMPS_MICRO -DNR_SP -DSILHS -Dradoffline -Dnooverlap -DCLUBB -I/glade/u/apps/derecho/24.12/spack/opt/spack/netcdf/4.9.2/nvhpc/24.11/vwh4/include -Mcache_align -O2  -I/glade/u/apps/derecho/24.12/spack/opt/spack/netcdf/4.9.2/nvhpc/24.11/vwh4/include -Mbackslash -Mstandard -Kieee -acc -Minfo=accel  -c	../src/Benchmark_cases/fire.F90
nvfortran -DNETCDF -DCLUBB_REAL_TYPE=8 -DCLUBB_GPU -DCUDA -DCOAMPS_MICRO -DNR_SP -DSILHS -Dradoffline -Dnooverlap -DCLUBB -I/glade/u/apps/derecho/24.12/spack/opt/spack/netcdf/4.9.2/nvhpc/24.11/vwh4/include -Mcache_align -O2  -I/glade/u/apps/derecho/24.12/spack/opt/spack/netcdf/4.9.2/nvhpc/24.11/vwh4/include -Mbackslash -Mstandard -Kieee -acc -Minfo=accel  -c	../src/Benchmark_cases/gabls3.F90
nvfortran -DNETCDF -DCLUBB_REAL_TYPE=8 -DCLUBB_GPU -DCUDA -DCOAMPS_MICRO -DNR_SP -DSILHS -Dradoffline -Dnooverlap -DCLUBB -I/glade/u/apps/derecho/24.12/spack/opt/spack/netcdf/4.9.2/nvhpc/24.11/vwh4/include -Mcache_align -O2  -I/glade/u/apps/derecho/24.12/spack/opt/spack/netcdf/4.9.2/nvhpc/24.11/vwh4/include -Mbackslash -Mstandard -Kieee -acc -Minfo=accel  -c	../src/input_fields.F90
nvfortran -DNETCDF -DCLUBB_REAL_TYPE=8 -DCLUBB_GPU -DCUDA -DCOAMPS_MICRO -DNR_SP -DSILHS -Dradoffline -Dnooverlap -DCLUBB -I/glade/u/apps/derecho/24.12/spack/opt/spack/netcdf/4.9.2/nvhpc/24.11/vwh4/include -Mcache_align -O2  -I/glade/u/apps/derecho/24.12/spack/opt/spack/netcdf/4.9.2/nvhpc/24.11/vwh4/include -Mbackslash -Mstandard -Kieee -acc -Minfo=accel  -c	../src/microphys_init_cleanup.F90
nvfortran -DNETCDF -DCLUBB_REAL_TYPE=8 -DCLUBB_GPU -DCUDA -DCOAMPS_MICRO -DNR_SP -DSILHS -Dradoffline -Dnooverlap -DCLUBB -I/glade/u/apps/derecho/24.12/spack/opt/spack/netcdf/4.9.2/nvhpc/24.11/vwh4/include -Mcache_align -O2  -I/glade/u/apps/derecho/24.12/spack/opt/spack/netcdf/4.9.2/nvhpc/24.11/vwh4/include -Mbackslash -Mstandard -Kieee -acc -Minfo=accel  -c	../src/extended_atmosphere_module.F90
nvfortran -DNETCDF -DCLUBB_REAL_TYPE=8 -DCLUBB_GPU -DCUDA -DCOAMPS_MICRO -DNR_SP -DSILHS -Dradoffline -Dnooverlap -DCLUBB -I/glade/u/apps/derecho/24.12/spack/opt/spack/netcdf/4.9.2/nvhpc/24.11/vwh4/include -Mcache_align -O2  -I/glade/u/apps/derecho/24.12/spack/opt/spack/netcdf/4.9.2/nvhpc/24.11/vwh4/include -Mbackslash -Mstandard -Kieee -acc -Minfo=accel  -c	../src/Benchmark_cases/arm.F90
nvfortran -DNETCDF -DCLUBB_REAL_TYPE=8 -DCLUBB_GPU -DCUDA -DCOAMPS_MICRO -DNR_SP -DSILHS -Dradoffline -Dnooverlap -DCLUBB -I/glade/u/apps/derecho/24.12/spack/opt/spack/netcdf/4.9.2/nvhpc/24.11/vwh4/include -Mcache_align -O2  -I/glade/u/apps/derecho/24.12/spack/opt/spack/netcdf/4.9.2/nvhpc/24.11/vwh4/include -Mbackslash -Mstandard -Kieee -acc -Minfo=accel  -c	../src/Benchmark_cases/arm_0003.F90
nvfortran -DNETCDF -DCLUBB_REAL_TYPE=8 -DCLUBB_GPU -DCUDA -DCOAMPS_MICRO -DNR_SP -DSILHS -Dradoffline -Dnooverlap -DCLUBB -I/glade/u/apps/derecho/24.12/spack/opt/spack/netcdf/4.9.2/nvhpc/24.11/vwh4/include -Mcache_align -O2  -I/glade/u/apps/derecho/24.12/spack/opt/spack/netcdf/4.9.2/nvhpc/24.11/vwh4/include -Mbackslash -Mstandard -Kieee -acc -Minfo=accel  -c	../src/Benchmark_cases/arm_3year.F90
nvfortran -DNETCDF -DCLUBB_REAL_TYPE=8 -DCLUBB_GPU -DCUDA -DCOAMPS_MICRO -DNR_SP -DSILHS -Dradoffline -Dnooverlap -DCLUBB -I/glade/u/apps/derecho/24.12/spack/opt/spack/netcdf/4.9.2/nvhpc/24.11/vwh4/include -Mcache_align -O2  -I/glade/u/apps/derecho/24.12/spack/opt/spack/netcdf/4.9.2/nvhpc/24.11/vwh4/include -Mbackslash -Mstandard -Kieee -acc -Minfo=accel  -c	../src/Benchmark_cases/atex.F90
nvfortran -DNETCDF -DCLUBB_REAL_TYPE=8 -DCLUBB_GPU -DCUDA -DCOAMPS_MICRO -DNR_SP -DSILHS -Dradoffline -Dnooverlap -DCLUBB -I/glade/u/apps/derecho/24.12/spack/opt/spack/netcdf/4.9.2/nvhpc/24.11/vwh4/include -Mcache_align -O2  -I/glade/u/apps/derecho/24.12/spack/opt/spack/netcdf/4.9.2/nvhpc/24.11/vwh4/include -Mbackslash -Mstandard -Kieee -acc -Minfo=accel  -c	../src/Benchmark_cases/arm_97.F90
nvfortran -DNETCDF -DCLUBB_REAL_TYPE=8 -DCLUBB_GPU -DCUDA -DCOAMPS_MICRO -DNR_SP -DSILHS -Dradoffline -Dnooverlap -DCLUBB -I/glade/u/apps/derecho/24.12/spack/opt/spack/netcdf/4.9.2/nvhpc/24.11/vwh4/include -Mcache_align -O2  -I/glade/u/apps/derecho/24.12/spack/opt/spack/netcdf/4.9.2/nvhpc/24.11/vwh4/include -Mbackslash -Mstandard -Kieee -acc -Minfo=accel  -c	../src/Benchmark_cases/cloud_feedback.F90
nvfortran -DNETCDF -DCLUBB_REAL_TYPE=8 -DCLUBB_GPU -DCUDA -DCOAMPS_MICRO -DNR_SP -DSILHS -Dradoffline -Dnooverlap -DCLUBB -I/glade/u/apps/derecho/24.12/spack/opt/spack/netcdf/4.9.2/nvhpc/24.11/vwh4/include -Mcache_align -O2  -I/glade/u/apps/derecho/24.12/spack/opt/spack/netcdf/4.9.2/nvhpc/24.11/vwh4/include -Mbackslash -Mstandard -Kieee -acc -Minfo=accel  -c	../src/Benchmark_cases/cobra.F90
nvfortran -DNETCDF -DCLUBB_REAL_TYPE=8 -DCLUBB_GPU -DCUDA -DCOAMPS_MICRO -DNR_SP -DSILHS -Dradoffline -Dnooverlap -DCLUBB -I/glade/u/apps/derecho/24.12/spack/opt/spack/netcdf/4.9.2/nvhpc/24.11/vwh4/include -Mcache_align -O2  -I/glade/u/apps/derecho/24.12/spack/opt/spack/netcdf/4.9.2/nvhpc/24.11/vwh4/include -Mbackslash -Mstandard -Kieee -acc -Minfo=accel  -c	../src/Benchmark_cases/dycoms2_rf01.F90
nvfortran -DNETCDF -DCLUBB_REAL_TYPE=8 -DCLUBB_GPU -DCUDA -DCOAMPS_MICRO -DNR_SP -DSILHS -Dradoffline -Dnooverlap -DCLUBB -I/glade/u/apps/derecho/24.12/spack/opt/spack/netcdf/4.9.2/nvhpc/24.11/vwh4/include -Mcache_align -O2  -I/glade/u/apps/derecho/24.12/spack/opt/spack/netcdf/4.9.2/nvhpc/24.11/vwh4/include -Mbackslash -Mstandard -Kieee -acc -Minfo=accel  -c	../src/Benchmark_cases/gabls2.F90
nvfortran -DNETCDF -DCLUBB_REAL_TYPE=8 -DCLUBB_GPU -DCUDA -DCOAMPS_MICRO -DNR_SP -DSILHS -Dradoffline -Dnooverlap -DCLUBB -I/glade/u/apps/derecho/24.12/spack/opt/spack/netcdf/4.9.2/nvhpc/24.11/vwh4/include -Mcache_align -O2  -I/glade/u/apps/derecho/24.12/spack/opt/spack/netcdf/4.9.2/nvhpc/24.11/vwh4/include -Mbackslash -Mstandard -Kieee -acc -Minfo=accel  -c	../src/Benchmark_cases/gabls3_night.F90
nvfortran -DNETCDF -DCLUBB_REAL_TYPE=8 -DCLUBB_GPU -DCUDA -DCOAMPS_MICRO -DNR_SP -DSILHS -Dradoffline -Dnooverlap -DCLUBB -I/glade/u/apps/derecho/24.12/spack/opt/spack/netcdf/4.9.2/nvhpc/24.11/vwh4/include -Mcache_align -O2  -I/glade/u/apps/derecho/24.12/spack/opt/spack/netcdf/4.9.2/nvhpc/24.11/vwh4/include -Mbackslash -Mstandard -Kieee -acc -Minfo=accel  -c	../src/Benchmark_cases/mpace_b.F90
nvfortran -DNETCDF -DCLUBB_REAL_TYPE=8 -DCLUBB_GPU -DCUDA -DCOAMPS_MICRO -DNR_SP -DSILHS -Dradoffline -Dnooverlap -DCLUBB -I/glade/u/apps/derecho/24.12/spack/opt/spack/netcdf/4.9.2/nvhpc/24.11/vwh4/include -Mcache_align -O2  -I/glade/u/apps/derecho/24.12/spack/opt/spack/netcdf/4.9.2/nvhpc/24.11/vwh4/include -Mbackslash -Mstandard -Kieee -acc -Minfo=accel  -c	../src/Benchmark_cases/rico.F90
nvfortran -DNETCDF -DCLUBB_REAL_TYPE=8 -DCLUBB_GPU -DCUDA -DCOAMPS_MICRO -DNR_SP -DSILHS -Dradoffline -Dnooverlap -DCLUBB -I/glade/u/apps/derecho/24.12/spack/opt/spack/netcdf/4.9.2/nvhpc/24.11/vwh4/include -Mcache_align -O2  -I/glade/u/apps/derecho/24.12/spack/opt/spack/netcdf/4.9.2/nvhpc/24.11/vwh4/include -Mbackslash -Mstandard -Kieee -acc -Minfo=accel  -c	../src/Benchmark_cases/neutral_case.F90
nvfortran -DNETCDF -DCLUBB_REAL_TYPE=8 -DCLUBB_GPU -DCUDA -DCOAMPS_MICRO -DNR_SP -DSILHS -Dradoffline -Dnooverlap -DCLUBB -I/glade/u/apps/derecho/24.12/spack/opt/spack/netcdf/4.9.2/nvhpc/24.11/vwh4/include -Mcache_align -O2  -I/glade/u/apps/derecho/24.12/spack/opt/spack/netcdf/4.9.2/nvhpc/24.11/vwh4/include -Mbackslash -Mstandard -Kieee -acc -Minfo=accel  -c	../src/KK_microphys_module.F90
nvfortran -DNETCDF -DCLUBB_REAL_TYPE=8 -DCLUBB_GPU -DCUDA -DCOAMPS_MICRO -DNR_SP -DSILHS -Dradoffline -Dnooverlap -DCLUBB -I/glade/u/apps/derecho/24.12/spack/opt/spack/netcdf/4.9.2/nvhpc/24.11/vwh4/include -Mcache_align -O2  -I/glade/u/apps/derecho/24.12/spack/opt/spack/netcdf/4.9.2/nvhpc/24.11/vwh4/include -Mbackslash -Mstandard -Kieee -acc -Minfo=accel  -c	../src/Benchmark_cases/twp_ice.F90
nvfortran -DNETCDF -DCLUBB_REAL_TYPE=8 -DCLUBB_GPU -DCUDA -DCOAMPS_MICRO -DNR_SP -DSILHS -Dradoffline -Dnooverlap -DCLUBB -I/glade/u/apps/derecho/24.12/spack/opt/spack/netcdf/4.9.2/nvhpc/24.11/vwh4/include -Mcache_align -O2  -I/glade/u/apps/derecho/24.12/spack/opt/spack/netcdf/4.9.2/nvhpc/24.11/vwh4/include -Mbackslash -Mstandard -Kieee -acc -Minfo=accel  -c	../src/bugsrad_driver.F90
nvfortran -DNETCDF -DCLUBB_REAL_TYPE=8 -DCLUBB_GPU -DCUDA -DCOAMPS_MICRO -DNR_SP -DSILHS -Dradoffline -Dnooverlap -DCLUBB -I/glade/u/apps/derecho/24.12/spack/opt/spack/netcdf/4.9.2/nvhpc/24.11/vwh4/include -Mcache_align -O2  -I/glade/u/apps/derecho/24.12/spack/opt/spack/netcdf/4.9.2/nvhpc/24.11/vwh4/include -Mbackslash -Mstandard -Kieee -acc -Minfo=accel  -c	../src/sounding.F90
nvfortran -DNETCDF -DCLUBB_REAL_TYPE=8 -DCLUBB_GPU -DCUDA -DCOAMPS_MICRO -DNR_SP -DSILHS -Dradoffline -Dnooverlap -DCLUBB -I/glade/u/apps/derecho/24.12/spack/opt/spack/netcdf/4.9.2/nvhpc/24.11/vwh4/include -Mcache_align -O2  -I/glade/u/apps/derecho/24.12/spack/opt/spack/netcdf/4.9.2/nvhpc/24.11/vwh4/include -Mbackslash -Mstandard -Kieee -acc -Minfo=accel  -c -I../src	../src/estimate_scm_microphys_module.F90
nvfortran -DNETCDF -DCLUBB_REAL_TYPE=8 -DCLUBB_GPU -DCUDA -DCOAMPS_MICRO -DNR_SP -DSILHS -Dradoffline -Dnooverlap -DCLUBB -I/glade/u/apps/derecho/24.12/spack/opt/spack/netcdf/4.9.2/nvhpc/24.11/vwh4/include -Mcache_align -O2  -I/glade/u/apps/derecho/24.12/spack/opt/spack/netcdf/4.9.2/nvhpc/24.11/vwh4/include -Mbackslash -Mstandard -Kieee -acc -Minfo=accel  -c -I../src	../src/lh_microphys_driver_module.F90
nvfortran -DNETCDF -DCLUBB_REAL_TYPE=8 -DCLUBB_GPU -DCUDA -DCOAMPS_MICRO -DNR_SP -DSILHS -Dradoffline -Dnooverlap -DCLUBB -I/glade/u/apps/derecho/24.12/spack/opt/spack/netcdf/4.9.2/nvhpc/24.11/vwh4/include -Mcache_align -O2  -I/glade/u/apps/derecho/24.12/spack/opt/spack/netcdf/4.9.2/nvhpc/24.11/vwh4/include -Mbackslash -Mstandard -Kieee -acc -Minfo=accel  -c	../src/microphys_driver.F90
nvfortran -DNETCDF -DCLUBB_REAL_TYPE=8 -DCLUBB_GPU -DCUDA -DCOAMPS_MICRO -DNR_SP -DSILHS -Dradoffline -Dnooverlap -DCLUBB -I/glade/u/apps/derecho/24.12/spack/opt/spack/netcdf/4.9.2/nvhpc/24.11/vwh4/include -Mcache_align -O2  -I/glade/u/apps/derecho/24.12/spack/opt/spack/netcdf/4.9.2/nvhpc/24.11/vwh4/include -Mbackslash -Mstandard -Kieee -acc -Minfo=accel  -c	../src/clubb_driver.F90
NVFORTRAN-W-0435-Array declared with zero size (../src/clubb_driver.F90: 419)
run_clubb:
   2700, Generating copyout(lh_thl_clipped(:,:,:),x_nl_all_levs(:,:,:,:),x_mixt_comp_all_levs(:,:,:),lh_rv_clipped(:,:,:),lh_rc_clipped(:,:,:),lh_sample_point_weights(:,:,:),lh_nc_clipped(:,:,:),lh_rt_clipped(:,:,:)) [if not already present]
         Generating copyin(hm_metadata) [if not already present]
nvfortran -DNETCDF -DCLUBB_REAL_TYPE=8 -DCLUBB_GPU -DCUDA -DCOAMPS_MICRO -DNR_SP -DSILHS -Dradoffline -Dnooverlap -DCLUBB -I/glade/u/apps/derecho/24.12/spack/opt/spack/netcdf/4.9.2/nvhpc/24.11/vwh4/include -Mcache_align -O2  -I/glade/u/apps/derecho/24.12/spack/opt/spack/netcdf/4.9.2/nvhpc/24.11/vwh4/include -Mbackslash -Mstandard -Kieee -acc -Minfo=accel  -c	../src/error.F90
nvfortran -DNETCDF -DCLUBB_REAL_TYPE=8 -DCLUBB_GPU -DCUDA -DCOAMPS_MICRO -DNR_SP -DSILHS -Dradoffline -Dnooverlap -DCLUBB -I/glade/u/apps/derecho/24.12/spack/opt/spack/netcdf/4.9.2/nvhpc/24.11/vwh4/include -Mcache_align -O2  -I/glade/u/apps/derecho/24.12/spack/opt/spack/netcdf/4.9.2/nvhpc/24.11/vwh4/include -Mbackslash -Mstandard -Kieee -acc -Minfo=accel  -c -I../src	../src/enhanced_simann.F90
ar rv /glade/u/home/ilinck/clubb_release/compile/../lib/libclubb_other.a bomex.o parameters_radiation.o KK_microphys_module.o twp_ice.o input_interpret.o lba.o dycoms2_rf02.o lh_microphys_driver_module.o mpace_a.o astex_a209.o stat_file_utils.o simple_rad_module.o fire.o wangara.o gabls3.o error.o time_dependent_input.o clubb_driver.o sounding.o spec_hum_to_mixing_ratio.o parameters_microphys.o neutral_case.o atex.o input_netcdf.o gfdl_activation.o diag_ustar_module.o dycoms2_rf01.o cobra.o bugsrad_driver.o estimate_scm_microphys_module.o mpace_b.o clex9_oct14.o silhs_category_variance_module.o hydrostatic_module.o morrison_microphys_module.o jun25.o advance_microphys_module.o gabls3_night.o arm_0003.o rico.o quicksort.o ice_dfsn_module.o cloud_sed_module.o arm_97.o rad_lwsw_module.o microphys_driver.o arm.o soil_vegetation.o enhanced_simann.o gabls2.o sfc_flux.o microphys_init_cleanup.o clubb_model_settings.o input_fields.o cloud_feedback.o cos_solar_zen_module.o arm_3year.o coamps_microphys_driver_module.o extended_atmosphere_module.o clex9_nov02.o extrapolation.o input_grads.o nov11.o mixed_moment_PDF_integrals.o
ar: creating /glade/u/home/ilinck/clubb_release/compile/../lib/libclubb_other.a
a - bomex.o
a - parameters_radiation.o
a - KK_microphys_module.o
a - twp_ice.o
a - input_interpret.o
a - lba.o
a - dycoms2_rf02.o
a - lh_microphys_driver_module.o
a - mpace_a.o
a - astex_a209.o
a - stat_file_utils.o
a - simple_rad_module.o
a - fire.o
a - wangara.o
a - gabls3.o
a - error.o
a - time_dependent_input.o
a - clubb_driver.o
a - sounding.o
a - spec_hum_to_mixing_ratio.o
a - parameters_microphys.o
a - neutral_case.o
a - atex.o
a - input_netcdf.o
a - gfdl_activation.o
a - diag_ustar_module.o
a - dycoms2_rf01.o
a - cobra.o
a - bugsrad_driver.o
a - estimate_scm_microphys_module.o
a - mpace_b.o
a - clex9_oct14.o
a - silhs_category_variance_module.o
a - hydrostatic_module.o
a - morrison_microphys_module.o
a - jun25.o
a - advance_microphys_module.o
a - gabls3_night.o
a - arm_0003.o
a - rico.o
a - quicksort.o
a - ice_dfsn_module.o
a - cloud_sed_module.o
a - arm_97.o
a - rad_lwsw_module.o
a - microphys_driver.o
a - arm.o
a - soil_vegetation.o
a - enhanced_simann.o
a - gabls2.o
a - sfc_flux.o
a - microphys_init_cleanup.o
a - clubb_model_settings.o
a - input_fields.o
a - cloud_feedback.o
a - cos_solar_zen_module.o
a - arm_3year.o
a - coamps_microphys_driver_module.o
a - extended_atmosphere_module.o
a - clex9_nov02.o
a - extrapolation.o
a - input_grads.o
a - nov11.o
a - mixed_moment_PDF_integrals.o
make[1]: Leaving directory '/glade/u/home/ilinck/clubb_release/obj'
cd /glade/u/home/ilinck/clubb_release/compile/../obj; make -f Make.clubb_standalone
cd /glade/u/home/ilinck/clubb_release/compile/../obj; make -f Make.clubb_tuner
make[1]: Entering directory '/glade/u/home/ilinck/clubb_release/obj'
nvfortran -DNETCDF -DCLUBB_REAL_TYPE=8 -DCLUBB_GPU -DCUDA -DCOAMPS_MICRO -DNR_SP -DSILHS -Dradoffline -Dnooverlap -DCLUBB -I/glade/u/apps/derecho/24.12/spack/opt/spack/netcdf/4.9.2/nvhpc/24.11/vwh4/include -Mcache_align -O2  -I/glade/u/apps/derecho/24.12/spack/opt/spack/netcdf/4.9.2/nvhpc/24.11/vwh4/include -Mbackslash -Mstandard -Kieee -acc -Minfo=accel  -c	../src/clubb_standalone.F90
make[1]: Entering directory '/glade/u/home/ilinck/clubb_release/obj'
nvfortran -Mcache_align -O2  -I/glade/u/apps/derecho/24.12/spack/opt/spack/netcdf/4.9.2/nvhpc/24.11/vwh4/include -Mbackslash -Mstandard -Kieee -acc -Minfo=accel  -c	/glade/u/home/ilinck/clubb_release/compile/../src/Numerical_recipes/nrtype.f90
nvfortran -Mcache_align -O2  -I/glade/u/apps/derecho/24.12/spack/opt/spack/netcdf/4.9.2/nvhpc/24.11/vwh4/include -Mbackslash -Mstandard -Kieee -acc -Minfo=accel  -c	/glade/u/home/ilinck/clubb_release/compile/../src/Numerical_recipes/nrutil.f90
nvfortran clubb_standalone.o -o /glade/u/home/ilinck/clubb_release/compile/../bin/clubb_standalone  -L/glade/u/home/ilinck/clubb_release/compile/../lib -lclubb_other -lclubb_coamps -lclubb_gfdlact -lsilhs -lclubb_bugsrad -lclubb_KK_microphys -lclubb_parabolic -lclubb_morrison -lmicrophys_utils -lclubb_param -lclubb_lapack -Mcache_align -L/glade/u/apps/derecho/24.12/spack/opt/spack/netcdf/4.9.2/nvhpc/24.11/vwh4/lib -lnetcdff  -acc -cuda -gpu=cc80
nvlink fatal   : Input file 'clubb_standalone.o' newer than toolkit (126 vs 118)
pgacclnk: child process exit status 2: /glade/u/apps/casper/24.12/spack/opt/spack/nvhpc/24.11/gcc/12.4.0/bzc3/Linux_x86_64/24.11/compilers/bin/tools/nvdd
make[1]: *** [Make.clubb_standalone:28: /glade/u/home/ilinck/clubb_release/compile/../bin/clubb_standalone] Error 2
make[1]: Leaving directory '/glade/u/home/ilinck/clubb_release/obj'
make: *** [Makefile:47: clubb_standalone] Error 2
make: *** Waiting for unfinished jobs....
nvfortran -Mcache_align -O2  -I/glade/u/apps/derecho/24.12/spack/opt/spack/netcdf/4.9.2/nvhpc/24.11/vwh4/include -Mbackslash -Mstandard -Kieee -acc -Minfo=accel  -c	/glade/u/home/ilinck/clubb_release/compile/../src/Numerical_recipes/nr.f90
nvfortran -DNETCDF -DCLUBB_REAL_TYPE=8 -DCLUBB_GPU -DCUDA -DCOAMPS_MICRO -DNR_SP -DSILHS -Dradoffline -Dnooverlap -DCLUBB -I/glade/u/apps/derecho/24.12/spack/opt/spack/netcdf/4.9.2/nvhpc/24.11/vwh4/include -Mcache_align -O2  -I/glade/u/apps/derecho/24.12/spack/opt/spack/netcdf/4.9.2/nvhpc/24.11/vwh4/include -Mbackslash -Mstandard -Kieee -acc -Minfo=accel  -c	../src/clubb_tuner.F90
nvfortran -Mcache_align -O2  -I/glade/u/apps/derecho/24.12/spack/opt/spack/netcdf/4.9.2/nvhpc/24.11/vwh4/include -Mbackslash -Mstandard -Kieee -acc -Minfo=accel  -c	/glade/u/home/ilinck/clubb_release/compile/../src/Numerical_recipes/amoeba.f90
nvfortran -Mcache_align -O2  -I/glade/u/apps/derecho/24.12/spack/opt/spack/netcdf/4.9.2/nvhpc/24.11/vwh4/include -Mbackslash -Mstandard -Kieee -acc -Minfo=accel  -c	/glade/u/home/ilinck/clubb_release/compile/../src/Numerical_recipes/ran_state.f90
nvfortran -Mcache_align -O2  -I/glade/u/apps/derecho/24.12/spack/opt/spack/netcdf/4.9.2/nvhpc/24.11/vwh4/include -Mbackslash -Mstandard -Kieee -acc -Minfo=accel  -c	/glade/u/home/ilinck/clubb_release/compile/../src/Numerical_recipes/amebsa.f90
nvfortran -Mcache_align -O2  -I/glade/u/apps/derecho/24.12/spack/opt/spack/netcdf/4.9.2/nvhpc/24.11/vwh4/include -Mbackslash -Mstandard -Kieee -acc -Minfo=accel  -c	/glade/u/home/ilinck/clubb_release/compile/../src/Numerical_recipes/ran1_v.f90
nvfortran -Mcache_align -O2  -I/glade/u/apps/derecho/24.12/spack/opt/spack/netcdf/4.9.2/nvhpc/24.11/vwh4/include -Mbackslash -Mstandard -Kieee -acc -Minfo=accel  -c	/glade/u/home/ilinck/clubb_release/compile/../src/Numerical_recipes/ran1_s.f90
nvfortran amoeba.o ran_state.o nrutil.o nrtype.o ran1_v.o nr.o amebsa.o clubb_tuner.o ran1_s.o -o /glade/u/home/ilinck/clubb_release/compile/../bin/clubb_tuner  -L/glade/u/home/ilinck/clubb_release/compile/../lib -lclubb_other -lclubb_coamps -lclubb_gfdlact -lsilhs -lclubb_bugsrad -lclubb_KK_microphys -lclubb_parabolic -lclubb_morrison -lmicrophys_utils -lclubb_param -lclubb_lapack -Mcache_align -L/glade/u/apps/derecho/24.12/spack/opt/spack/netcdf/4.9.2/nvhpc/24.11/vwh4/lib -lnetcdff  -acc -cuda -gpu=cc80
nvlink fatal   : Input file 'clubb_tuner.o' newer than toolkit (126 vs 118)
pgacclnk: child process exit status 2: /glade/u/apps/casper/24.12/spack/opt/spack/nvhpc/24.11/gcc/12.4.0/bzc3/Linux_x86_64/24.11/compilers/bin/tools/nvdd
make[1]: *** [Make.clubb_tuner:60: /glade/u/home/ilinck/clubb_release/compile/../bin/clubb_tuner] Error 2
make[1]: Leaving directory '/glade/u/home/ilinck/clubb_release/obj'
make: *** [Makefile:53: clubb_tuner] Error 2
