......................................................................................................................................................................... Make.clubb_lapack is ready.
.................................................................................. Make.clubb_param is ready.
......................... Make.clubb_bugsrad is ready.
... Make.microphys_utils is ready.
..... Make.clubb_parabolic is ready.
.............. Make.clubb_KK_microphys is ready.
................................................. Make.clubb_coamps is ready.
... Make.clubb_morrison is ready.
... Make.clubb_gfdlact is ready.
............. Make.silhs is ready.
.................................................................. Make.clubb_other is ready.
... Make.clubb_standalone is ready.
... Make.clubb_thread_test is ready.
............ Make.clubb_tuner is ready.
... Make.jacobian is ready.
................ Make.G_unit_tests is ready.
... Make.int2txt is ready.
cd /glade/u/home/ilinck/clubb_release/compile/../obj; make -f Make.clubb_param
cd /glade/u/home/ilinck/clubb_release/compile/../obj; make -f Make.clubb_gfdlact
make[1]: Entering directory '/glade/u/home/ilinck/clubb_release/obj'
nvfortran -DNETCDF -DCLUBB_REAL_TYPE=8 -DCLUBB_GPU -DCUDA -DCOAMPS_MICRO -DNR_SP -DSILHS -Dradoffline -Dnooverlap -DCLUBB -I/glade/u/apps/casper/24.12/spack/opt/spack/netcdf/4.9.2/nvhpc/24.11/djgy/include -Mcache_align -O2  -I/glade/u/apps/casper/24.12/spack/opt/spack/netcdf/4.9.2/nvhpc/24.11/djgy/include -Mbackslash -Mstandard -Kieee -acc -Minfo=accel  -c	/glade/u/home/ilinck/clubb_release/compile/../src/SCM_Activation/aer_ccn_act_k.F90
make[1]: Entering directory '/glade/u/home/ilinck/clubb_release/obj'
nvfortran -DNETCDF -DCLUBB_REAL_TYPE=8 -DCLUBB_GPU -DCUDA -DCOAMPS_MICRO -DNR_SP -DSILHS -Dradoffline -Dnooverlap -DCLUBB -I/glade/u/apps/casper/24.12/spack/opt/spack/netcdf/4.9.2/nvhpc/24.11/djgy/include -Mcache_align -O2  -I/glade/u/apps/casper/24.12/spack/opt/spack/netcdf/4.9.2/nvhpc/24.11/djgy/include -Mbackslash -Mstandard -Kieee -acc -Minfo=accel  -c	/glade/u/home/ilinck/clubb_release/compile/../src/CLUBB_core/clubb_precision.F90
nvfortran -DNETCDF -DCLUBB_REAL_TYPE=8 -DCLUBB_GPU -DCUDA -DCOAMPS_MICRO -DNR_SP -DSILHS -Dradoffline -Dnooverlap -DCLUBB -I/glade/u/apps/casper/24.12/spack/opt/spack/netcdf/4.9.2/nvhpc/24.11/djgy/include -Mcache_align -O2  -I/glade/u/apps/casper/24.12/spack/opt/spack/netcdf/4.9.2/nvhpc/24.11/djgy/include -Mbackslash -Mstandard -Kieee -acc -Minfo=accel  -c	/glade/u/home/ilinck/clubb_release/compile/../src/CLUBB_core/error_code.F90
ar rv /glade/u/home/ilinck/clubb_release/compile/../lib/libclubb_gfdlact.a aer_ccn_act_k.o
ar: creating /glade/u/home/ilinck/clubb_release/compile/../lib/libclubb_gfdlact.a
a - aer_ccn_act_k.o
make[1]: Leaving directory '/glade/u/home/ilinck/clubb_release/obj'
nvfortran -DNETCDF -DCLUBB_REAL_TYPE=8 -DCLUBB_GPU -DCUDA -DCOAMPS_MICRO -DNR_SP -DSILHS -Dradoffline -Dnooverlap -DCLUBB -I/glade/u/apps/casper/24.12/spack/opt/spack/netcdf/4.9.2/nvhpc/24.11/djgy/include -Mcache_align -O2  -I/glade/u/apps/casper/24.12/spack/opt/spack/netcdf/4.9.2/nvhpc/24.11/djgy/include -Mbackslash -Mstandard -Kieee -acc -Minfo=accel  -c	/glade/u/home/ilinck/clubb_release/compile/../src/CLUBB_core/model_flags.F90
nvfortran -DNETCDF -DCLUBB_REAL_TYPE=8 -DCLUBB_GPU -DCUDA -DCOAMPS_MICRO -DNR_SP -DSILHS -Dradoffline -Dnooverlap -DCLUBB -I/glade/u/apps/casper/24.12/spack/opt/spack/netcdf/4.9.2/nvhpc/24.11/djgy/include -Mcache_align -O2  -I/glade/u/apps/casper/24.12/spack/opt/spack/netcdf/4.9.2/nvhpc/24.11/djgy/include -Mbackslash -Mstandard -Kieee -acc -Minfo=accel  -c	/glade/u/home/ilinck/clubb_release/compile/../src/CLUBB_core/parameter_indices.F90
nvfortran -DNETCDF -DCLUBB_REAL_TYPE=8 -DCLUBB_GPU -DCUDA -DCOAMPS_MICRO -DNR_SP -DSILHS -Dradoffline -Dnooverlap -DCLUBB -I/glade/u/apps/casper/24.12/spack/opt/spack/netcdf/4.9.2/nvhpc/24.11/djgy/include -Mcache_align -O2  -I/glade/u/apps/casper/24.12/spack/opt/spack/netcdf/4.9.2/nvhpc/24.11/djgy/include -Mbackslash -Mstandard -Kieee -acc -Minfo=accel  -c	/glade/u/home/ilinck/clubb_release/compile/../src/CLUBB_core/input_names.F90
nvfortran -DNETCDF -DCLUBB_REAL_TYPE=8 -DCLUBB_GPU -DCUDA -DCOAMPS_MICRO -DNR_SP -DSILHS -Dradoffline -Dnooverlap -DCLUBB -I/glade/u/apps/casper/24.12/spack/opt/spack/netcdf/4.9.2/nvhpc/24.11/djgy/include -Mcache_align -O2  -I/glade/u/apps/casper/24.12/spack/opt/spack/netcdf/4.9.2/nvhpc/24.11/djgy/include -Mbackslash -Mstandard -Kieee -acc -Minfo=accel  -c	/glade/u/home/ilinck/clubb_release/compile/../src/CLUBB_core/stats_variables.F90
nvfortran -DNETCDF -DCLUBB_REAL_TYPE=8 -DCLUBB_GPU -DCUDA -DCOAMPS_MICRO -DNR_SP -DSILHS -Dradoffline -Dnooverlap -DCLUBB -I/glade/u/apps/casper/24.12/spack/opt/spack/netcdf/4.9.2/nvhpc/24.11/djgy/include -Mcache_align -O2  -I/glade/u/apps/casper/24.12/spack/opt/spack/netcdf/4.9.2/nvhpc/24.11/djgy/include -Mbackslash -Mstandard -Kieee -acc -Minfo=accel  -c	/glade/u/home/ilinck/clubb_release/compile/../src/CLUBB_core/parameters_model.F90
nvfortran -DNETCDF -DCLUBB_REAL_TYPE=8 -DCLUBB_GPU -DCUDA -DCOAMPS_MICRO -DNR_SP -DSILHS -Dradoffline -Dnooverlap -DCLUBB -I/glade/u/apps/casper/24.12/spack/opt/spack/netcdf/4.9.2/nvhpc/24.11/djgy/include -Mcache_align -O2  -I/glade/u/apps/casper/24.12/spack/opt/spack/netcdf/4.9.2/nvhpc/24.11/djgy/include -Mbackslash -Mstandard -Kieee -acc -Minfo=accel  -c	/glade/u/home/ilinck/clubb_release/compile/../src/CLUBB_core/stat_file_module.F90
nvfortran -DNETCDF -DCLUBB_REAL_TYPE=8 -DCLUBB_GPU -DCUDA -DCOAMPS_MICRO -DNR_SP -DSILHS -Dradoffline -Dnooverlap -DCLUBB -I/glade/u/apps/casper/24.12/spack/opt/spack/netcdf/4.9.2/nvhpc/24.11/djgy/include -Mcache_align -O2  -I/glade/u/apps/casper/24.12/spack/opt/spack/netcdf/4.9.2/nvhpc/24.11/djgy/include -Mbackslash -Mstandard -Kieee -acc -Minfo=accel  -c	/glade/u/home/ilinck/clubb_release/compile/../src/CLUBB_core/lapack_interfaces.F90
nvfortran -DNETCDF -DCLUBB_REAL_TYPE=8 -DCLUBB_GPU -DCUDA -DCOAMPS_MICRO -DNR_SP -DSILHS -Dradoffline -Dnooverlap -DCLUBB -I/glade/u/apps/casper/24.12/spack/opt/spack/netcdf/4.9.2/nvhpc/24.11/djgy/include -Mcache_align -O2  -I/glade/u/apps/casper/24.12/spack/opt/spack/netcdf/4.9.2/nvhpc/24.11/djgy/include -Mbackslash -Mstandard -Kieee -acc -Minfo=accel  -c	/glade/u/home/ilinck/clubb_release/compile/../src/CLUBB_core/penta_lu_solver.F90
nvfortran -DNETCDF -DCLUBB_REAL_TYPE=8 -DCLUBB_GPU -DCUDA -DCOAMPS_MICRO -DNR_SP -DSILHS -Dradoffline -Dnooverlap -DCLUBB -I/glade/u/apps/casper/24.12/spack/opt/spack/netcdf/4.9.2/nvhpc/24.11/djgy/include -Mcache_align -O2  -I/glade/u/apps/casper/24.12/spack/opt/spack/netcdf/4.9.2/nvhpc/24.11/djgy/include -Mbackslash -Mstandard -Kieee -acc -Minfo=accel  -c	/glade/u/home/ilinck/clubb_release/compile/../src/CLUBB_core/tridiag_lu_solver.F90
penta_lu_solve_single_rhs_multiple_lhs:
    135, Generating copyout(soln(:,:)) [if not already present]
         Generating create(upper_1(:,:),upper_2(:,:)) [if not already present]
         Generating copyin(lhs(:,:,:)) [if not already present]
         Generating create(lower_1(:,:),lower_2(:,:),lower_diag_invrs(:,:)) [if not already present]
         Generating copyin(rhs(:,:)) [if not already present]
    139, Generating implicit firstprivate(ngrdcol)
         Generating NVIDIA GPU code
        140, !$acc loop gang, vector(128) ! blockidx%x threadidx%x
    152, Generating implicit firstprivate(ndim,ngrdcol)
         Generating NVIDIA GPU code
        153, !$acc loop gang, vector(128) ! blockidx%x threadidx%x
        154, !$acc loop seq
    153, Generating implicit firstprivate(k)
    154, Loop carried dependence of upper_1 prevents parallelization
         Loop carried backward dependence of upper_1 prevents vectorization
         Loop carried dependence of upper_2 prevents parallelization
         Loop carried backward dependence of upper_2 prevents vectorization
    167, Generating implicit firstprivate(ngrdcol)
         Generating NVIDIA GPU code
        168, !$acc loop gang, vector(128) ! blockidx%x threadidx%x
    168, Generating implicit firstprivate(ndim)
    188, Generating implicit firstprivate(ndim,ngrdcol)
         Generating NVIDIA GPU code
        189, !$acc loop gang, vector(128) ! blockidx%x threadidx%x
        195, !$acc loop seq
    189, Generating implicit firstprivate(k)
    195, Loop carried dependence of soln prevents parallelization
         Loop carried backward dependence of soln prevents vectorization
    202, Generating implicit firstprivate(ndim,ngrdcol)
         Generating NVIDIA GPU code
        203, !$acc loop gang, vector(128) ! blockidx%x threadidx%x
        206, !$acc loop seq
    203, Generating implicit firstprivate(k)
    206, Loop carried dependence of soln prevents parallelization
         Loop carried backward dependence of soln prevents vectorization
tridiag_lu_solve_single_rhs_lhs:
    116, Generating copyout(soln(:)) [if not already present]
         Generating create(upper(:)) [if not already present]
         Generating copyin(lhs(:,:)) [if not already present]
         Generating create(lower_diag_invrs(:)) [if not already present]
         Generating copyin(rhs(:)) [if not already present]
    120, Accelerator serial kernel generated
         Generating NVIDIA GPU code
    125, Loop carried dependence of upper prevents parallelization
         Loop carried backward dependence of upper prevents vectorization
         Accelerator serial kernel generated
         Generating NVIDIA GPU code
        125, !$acc loop seq
    125, Loop carried dependence of upper prevents parallelization
         Loop carried backward dependence of upper prevents vectorization
    128, Accelerator serial kernel generated
         Generating NVIDIA GPU code
    134, Loop carried dependence of soln prevents parallelization
         Loop carried backward dependence of soln prevents vectorization
         Accelerator serial kernel generated
         Generating NVIDIA GPU code
        134, !$acc loop seq
    134, Loop carried backward dependence of soln prevents vectorization
    138, Loop carried dependence of soln prevents parallelization
         Loop carried backward dependence of soln prevents vectorization
         Accelerator serial kernel generated
         Generating NVIDIA GPU code
        138, !$acc loop seq
    138, Loop carried dependence of soln prevents parallelization
         Loop carried backward dependence of soln prevents vectorization
tridiag_lu_solve_single_rhs_multiple_lhs:
    183, Generating copyout(soln(:,:)) [if not already present]
         Generating create(upper(:,:)) [if not already present]
         Generating copyin(lhs(:,:,:)) [if not already present]
         Generating create(lower_diag_invrs(:,:)) [if not already present]
         Generating copyin(rhs(:,:)) [if not already present]
    187, Generating implicit firstprivate(ngrdcol)
         Generating NVIDIA GPU code
        188, !$acc loop gang, vector(128) ! blockidx%x threadidx%x
    194, Generating implicit firstprivate(ndim,ngrdcol)
         Generating NVIDIA GPU code
        195, !$acc loop gang, vector(128) ! blockidx%x threadidx%x
        196, !$acc loop seq
    195, Generating implicit firstprivate(k)
    196, Loop carried dependence of upper prevents parallelization
         Loop carried backward dependence of upper prevents vectorization
    203, Generating implicit firstprivate(ngrdcol)
         Generating NVIDIA GPU code
        204, !$acc loop gang, vector(128) ! blockidx%x threadidx%x
    204, Generating implicit firstprivate(ndim)
    209, Generating implicit firstprivate(ndim,ngrdcol)
         Generating NVIDIA GPU code
        210, !$acc loop gang, vector(128) ! blockidx%x threadidx%x
        214, !$acc loop seq
    210, Generating implicit firstprivate(k)
    214, Loop carried dependence of soln prevents parallelization
         Loop carried backward dependence of soln prevents vectorization
    220, Generating implicit firstprivate(ndim,ngrdcol)
         Generating NVIDIA GPU code
        221, !$acc loop gang, vector(128) ! blockidx%x threadidx%x
        222, !$acc loop seq
    221, Generating implicit firstprivate(k)
    222, Loop carried dependence of soln prevents parallelization
         Loop carried backward dependence of soln prevents vectorization
penta_lu_solve_multiple_rhs_lhs:
    257, Generating copyout(soln(:,:,:)) [if not already present]
         Generating create(upper_1(:,:),upper_2(:,:)) [if not already present]
         Generating copyin(lhs(:,:,:)) [if not already present]
         Generating create(lower_1(:,:),lower_2(:,:),lower_diag_invrs(:,:)) [if not already present]
         Generating copyin(rhs(:,:,:)) [if not already present]
    261, Generating implicit firstprivate(ngrdcol)
         Generating NVIDIA GPU code
        262, !$acc loop gang, vector(128) ! blockidx%x threadidx%x
    274, Generating implicit firstprivate(ndim,ngrdcol)
         Generating NVIDIA GPU code
        275, !$acc loop gang, vector(128) ! blockidx%x threadidx%x
        276, !$acc loop seq
    275, Generating implicit firstprivate(k)
    276, Loop carried dependence of upper_1 prevents parallelization
         Loop carried backward dependence of upper_1 prevents vectorization
         Loop carried dependence of upper_2 prevents parallelization
         Loop carried backward dependence of upper_2 prevents vectorization
    289, Generating implicit firstprivate(ngrdcol)
         Generating NVIDIA GPU code
        290, !$acc loop gang, vector(128) ! blockidx%x threadidx%x
    290, Generating implicit firstprivate(ndim)
    310, Generating implicit firstprivate(ndim,nrhs,ngrdcol)
         Generating NVIDIA GPU code
        311, !$acc loop gang, vector(128) collapse(2) ! blockidx%x threadidx%x
        312,   ! blockidx%x threadidx%x collapsed
        318, !$acc loop seq
    312, Generating implicit firstprivate(k)
    318, Loop carried dependence of soln prevents parallelization
         Loop carried backward dependence of soln prevents vectorization
    326, Generating implicit firstprivate(ndim,nrhs,ngrdcol)
         Generating NVIDIA GPU code
        327, !$acc loop gang, vector(128) collapse(2) ! blockidx%x threadidx%x
        328,   ! blockidx%x threadidx%x collapsed
        331, !$acc loop seq
    328, Generating implicit firstprivate(k)
    331, Loop carried dependence of soln prevents parallelization
         Loop carried backward dependence of soln prevents vectorization
tridiag_lu_solve_multiple_rhs_lhs:
    270, Generating copyout(soln(:,:,:)) [if not already present]
         Generating create(upper(:,:)) [if not already present]
         Generating copyin(lhs(:,:,:)) [if not already present]
         Generating create(lower_diag_invrs(:,:)) [if not already present]
         Generating copyin(rhs(:,:,:)) [if not already present]
    274, Generating implicit firstprivate(ngrdcol)
         Generating NVIDIA GPU code
        275, !$acc loop gang, vector(128) ! blockidx%x threadidx%x
    281, Generating implicit firstprivate(ndim,ngrdcol)
         Generating NVIDIA GPU code
        282, !$acc loop gang, vector(128) ! blockidx%x threadidx%x
        283, !$acc loop seq
    282, Generating implicit firstprivate(k)
    283, Loop carried dependence of upper prevents parallelization
         Loop carried backward dependence of upper prevents vectorization
    290, Generating implicit firstprivate(ngrdcol)
         Generating NVIDIA GPU code
        291, !$acc loop gang, vector(128) ! blockidx%x threadidx%x
    291, Generating implicit firstprivate(ndim)
    296, Generating implicit firstprivate(ndim,nrhs,ngrdcol)
         Generating NVIDIA GPU code
        297, !$acc loop gang, vector(128) collapse(2) ! blockidx%x threadidx%x
        298,   ! blockidx%x threadidx%x collapsed
        302, !$acc loop seq
    298, Generating implicit firstprivate(k)
    302, Loop carried dependence of soln prevents parallelization
         Loop carried backward dependence of soln prevents vectorization
    309, Generating implicit firstprivate(ndim,nrhs,ngrdcol)
         Generating NVIDIA GPU code
        310, !$acc loop gang, vector(128) collapse(2) ! blockidx%x threadidx%x
        311,   ! blockidx%x threadidx%x collapsed
        312, !$acc loop seq
    311, Generating implicit firstprivate(k)
    312, Loop carried dependence of soln prevents parallelization
         Loop carried backward dependence of soln prevents vectorization
nvfortran -DNETCDF -DCLUBB_REAL_TYPE=8 -DCLUBB_GPU -DCUDA -DCOAMPS_MICRO -DNR_SP -DSILHS -Dradoffline -Dnooverlap -DCLUBB -I/glade/u/apps/casper/24.12/spack/opt/spack/netcdf/4.9.2/nvhpc/24.11/djgy/include -Mcache_align -O2  -I/glade/u/apps/casper/24.12/spack/opt/spack/netcdf/4.9.2/nvhpc/24.11/djgy/include -Mbackslash -Mstandard -Kieee -acc -Minfo=accel  -c	/glade/u/home/ilinck/clubb_release/compile/../src/CLUBB_core/array_index.F90
nvfortran -DNETCDF -DCLUBB_REAL_TYPE=8 -DCLUBB_GPU -DCUDA -DCOAMPS_MICRO -DNR_SP -DSILHS -Dradoffline -Dnooverlap -DCLUBB -I/glade/u/apps/casper/24.12/spack/opt/spack/netcdf/4.9.2/nvhpc/24.11/djgy/include -Mcache_align -O2  -I/glade/u/apps/casper/24.12/spack/opt/spack/netcdf/4.9.2/nvhpc/24.11/djgy/include -Mbackslash -Mstandard -Kieee -acc -Minfo=accel  -c	/glade/u/home/ilinck/clubb_release/compile/../src/CLUBB_core/endian.F90
nvfortran -DNETCDF -DCLUBB_REAL_TYPE=8 -DCLUBB_GPU -DCUDA -DCOAMPS_MICRO -DNR_SP -DSILHS -Dradoffline -Dnooverlap -DCLUBB -I/glade/u/apps/casper/24.12/spack/opt/spack/netcdf/4.9.2/nvhpc/24.11/djgy/include -Mcache_align -O2  -I/glade/u/apps/casper/24.12/spack/opt/spack/netcdf/4.9.2/nvhpc/24.11/djgy/include -Mbackslash -Mstandard -Kieee -acc -Minfo=accel  -c	/glade/u/home/ilinck/clubb_release/compile/../src/CLUBB_core/mt95.F90
nvfortran -DNETCDF -DCLUBB_REAL_TYPE=8 -DCLUBB_GPU -DCUDA -DCOAMPS_MICRO -DNR_SP -DSILHS -Dradoffline -Dnooverlap -DCLUBB -I/glade/u/apps/casper/24.12/spack/opt/spack/netcdf/4.9.2/nvhpc/24.11/djgy/include -Mcache_align -O2  -I/glade/u/apps/casper/24.12/spack/opt/spack/netcdf/4.9.2/nvhpc/24.11/djgy/include -Mbackslash -Mstandard -Kieee -acc -Minfo=accel  -c	/glade/u/home/ilinck/clubb_release/compile/../src/CLUBB_core/code_timer_module.F90
nvfortran -DNETCDF -DCLUBB_REAL_TYPE=8 -DCLUBB_GPU -DCUDA -DCOAMPS_MICRO -DNR_SP -DSILHS -Dradoffline -Dnooverlap -DCLUBB -I/glade/u/apps/casper/24.12/spack/opt/spack/netcdf/4.9.2/nvhpc/24.11/djgy/include -Mcache_align -O2  -I/glade/u/apps/casper/24.12/spack/opt/spack/netcdf/4.9.2/nvhpc/24.11/djgy/include -Mbackslash -Mstandard -Kieee -acc -Minfo=accel  -c	/glade/u/home/ilinck/clubb_release/compile/../src/CLUBB_core/constants_clubb.F90
nvfortran -DNETCDF -DCLUBB_REAL_TYPE=8 -DCLUBB_GPU -DCUDA -DCOAMPS_MICRO -DNR_SP -DSILHS -Dradoffline -Dnooverlap -DCLUBB -I/glade/u/apps/casper/24.12/spack/opt/spack/netcdf/4.9.2/nvhpc/24.11/djgy/include -Mcache_align -O2  -I/glade/u/apps/casper/24.12/spack/opt/spack/netcdf/4.9.2/nvhpc/24.11/djgy/include -Mbackslash -Mstandard -Kieee -acc -Minfo=accel  -c	/glade/u/home/ilinck/clubb_release/compile/../src/CLUBB_core/stats_type.F90
nvfortran -DNETCDF -DCLUBB_REAL_TYPE=8 -DCLUBB_GPU -DCUDA -DCOAMPS_MICRO -DNR_SP -DSILHS -Dradoffline -Dnooverlap -DCLUBB -I/glade/u/apps/casper/24.12/spack/opt/spack/netcdf/4.9.2/nvhpc/24.11/djgy/include -Mcache_align -O2  -I/glade/u/apps/casper/24.12/spack/opt/spack/netcdf/4.9.2/nvhpc/24.11/djgy/include -Mbackslash -Mstandard -Kieee -acc -Minfo=accel  -c	/glade/u/home/ilinck/clubb_release/compile/../src/CLUBB_core/lapack_wrap.F90
nvfortran -DNETCDF -DCLUBB_REAL_TYPE=8 -DCLUBB_GPU -DCUDA -DCOAMPS_MICRO -DNR_SP -DSILHS -Dradoffline -Dnooverlap -DCLUBB -I/glade/u/apps/casper/24.12/spack/opt/spack/netcdf/4.9.2/nvhpc/24.11/djgy/include -Mcache_align -O2  -I/glade/u/apps/casper/24.12/spack/opt/spack/netcdf/4.9.2/nvhpc/24.11/djgy/include -Mbackslash -Mstandard -Kieee -acc -Minfo=accel  -c	/glade/u/home/ilinck/clubb_release/compile/../src/CLUBB_core/clip_semi_implicit.F90
nvfortran -DNETCDF -DCLUBB_REAL_TYPE=8 -DCLUBB_GPU -DCUDA -DCOAMPS_MICRO -DNR_SP -DSILHS -Dradoffline -Dnooverlap -DCLUBB -I/glade/u/apps/casper/24.12/spack/opt/spack/netcdf/4.9.2/nvhpc/24.11/djgy/include -Mcache_align -O2  -I/glade/u/apps/casper/24.12/spack/opt/spack/netcdf/4.9.2/nvhpc/24.11/djgy/include -Mbackslash -Mstandard -Kieee -acc -Minfo=accel  -c	/glade/u/home/ilinck/clubb_release/compile/../src/CLUBB_core/matrix_operations.F90
nvfortran -DNETCDF -DCLUBB_REAL_TYPE=8 -DCLUBB_GPU -DCUDA -DCOAMPS_MICRO -DNR_SP -DSILHS -Dradoffline -Dnooverlap -DCLUBB -I/glade/u/apps/casper/24.12/spack/opt/spack/netcdf/4.9.2/nvhpc/24.11/djgy/include -Mcache_align -O2  -I/glade/u/apps/casper/24.12/spack/opt/spack/netcdf/4.9.2/nvhpc/24.11/djgy/include -Mbackslash -Mstandard -Kieee -acc -Minfo=accel  -c	/glade/u/home/ilinck/clubb_release/compile/../src/CLUBB_core/sigma_sqd_w_module.F90
compute_sigma_sqd_w:
     97, Generating enter data create(max_corr_w_x_sqd(:,:))
    108, Generating implicit firstprivate(ngrdcol,nz)
         Generating NVIDIA GPU code
        109, !$acc loop gang, vector(128) collapse(2) ! blockidx%x threadidx%x
        110,   ! blockidx%x threadidx%x collapsed
    108, Generating default present(rtp2(:ngrdcol,:nz),wprtp(:ngrdcol,:nz),wpthlp(:ngrdcol,:nz),thlp2(:ngrdcol,:nz),max_corr_w_x_sqd(:ngrdcol,:nz),wp2(:ngrdcol,:nz))
    120, Generating implicit firstprivate(ngrdcol,nz)
         Generating NVIDIA GPU code
        121, !$acc loop gang, vector(128) collapse(2) ! blockidx%x threadidx%x
        122,   ! blockidx%x threadidx%x collapsed
    120, Generating default present(max_corr_w_x_sqd(:ngrdcol,:nz),up2(:ngrdcol,:nz),upwp(:ngrdcol,:nz),wp2(:ngrdcol,:nz),vpwp(:ngrdcol,:nz),vp2(:ngrdcol,:nz))
    134, Generating implicit firstprivate(nz,ngrdcol)
         Generating NVIDIA GPU code
        135, !$acc loop gang, vector(128) collapse(2) ! blockidx%x threadidx%x
        136,   ! blockidx%x threadidx%x collapsed
    134, Generating default present(sigma_sqd_w(:ngrdcol,:nz),max_corr_w_x_sqd(:ngrdcol,:nz),gamma_skw_fnc(:ngrdcol,:nz))
    142, Generating exit data delete(max_corr_w_x_sqd(:,:))
nvfortran -DNETCDF -DCLUBB_REAL_TYPE=8 -DCLUBB_GPU -DCUDA -DCOAMPS_MICRO -DNR_SP -DSILHS -Dradoffline -Dnooverlap -DCLUBB -I/glade/u/apps/casper/24.12/spack/opt/spack/netcdf/4.9.2/nvhpc/24.11/djgy/include -Mcache_align -O2  -I/glade/u/apps/casper/24.12/spack/opt/spack/netcdf/4.9.2/nvhpc/24.11/djgy/include -Mbackslash -Mstandard -Kieee -acc -Minfo=accel  -c	/glade/u/home/ilinck/clubb_release/compile/../src/CLUBB_core/pdf_utilities.F90
calc_comp_corrs_binormal:
    868, Generating implicit firstprivate(nz,ngrdcol)
         Generating NVIDIA GPU code
        869, !$acc loop gang, vector(128) collapse(2) ! blockidx%x threadidx%x
        870,   ! blockidx%x threadidx%x collapsed
    868, Generating default present(corr_x_y_1(:ngrdcol,:nz),mu_y_2(:ngrdcol,:nz),sigma_x_2_sqd(:ngrdcol,:nz),sigma_x_1_sqd(:ngrdcol,:nz),sigma_y_1_sqd(:ngrdcol,:nz),xm(:ngrdcol,:nz),mu_x_2(:ngrdcol,:nz),ym(:ngrdcol,:nz),xpyp(:ngrdcol,:nz),corr_x_y_2(:ngrdcol,:nz),mixt_frac(:ngrdcol,:nz),sigma_y_2_sqd(:ngrdcol,:nz),mu_y_1(:ngrdcol,:nz),mu_x_1(:ngrdcol,:nz))
nvfortran -DNETCDF -DCLUBB_REAL_TYPE=8 -DCLUBB_GPU -DCUDA -DCOAMPS_MICRO -DNR_SP -DSILHS -Dradoffline -Dnooverlap -DCLUBB -I/glade/u/apps/casper/24.12/spack/opt/spack/netcdf/4.9.2/nvhpc/24.11/djgy/include -Mcache_align -O2  -I/glade/u/apps/casper/24.12/spack/opt/spack/netcdf/4.9.2/nvhpc/24.11/djgy/include -Mbackslash -Mstandard -Kieee -acc -Minfo=accel  -c	/glade/u/home/ilinck/clubb_release/compile/../src/CLUBB_core/calc_roots.F90
nvfortran -DNETCDF -DCLUBB_REAL_TYPE=8 -DCLUBB_GPU -DCUDA -DCOAMPS_MICRO -DNR_SP -DSILHS -Dradoffline -Dnooverlap -DCLUBB -I/glade/u/apps/casper/24.12/spack/opt/spack/netcdf/4.9.2/nvhpc/24.11/djgy/include -Mcache_align -O2  -I/glade/u/apps/casper/24.12/spack/opt/spack/netcdf/4.9.2/nvhpc/24.11/djgy/include -Mbackslash -Mstandard -Kieee -acc -Minfo=accel  -c	/glade/u/home/ilinck/clubb_release/compile/../src/CLUBB_core/LY93_pdf.F90
nvfortran -DNETCDF -DCLUBB_REAL_TYPE=8 -DCLUBB_GPU -DCUDA -DCOAMPS_MICRO -DNR_SP -DSILHS -Dradoffline -Dnooverlap -DCLUBB -I/glade/u/apps/casper/24.12/spack/opt/spack/netcdf/4.9.2/nvhpc/24.11/djgy/include -Mcache_align -O2  -I/glade/u/apps/casper/24.12/spack/opt/spack/netcdf/4.9.2/nvhpc/24.11/djgy/include -Mbackslash -Mstandard -Kieee -acc -Minfo=accel  -c	/glade/u/home/ilinck/clubb_release/compile/../src/CLUBB_core/hydromet_pdf_parameter_module.F90
nvfortran -DNETCDF -DCLUBB_REAL_TYPE=8 -DCLUBB_GPU -DCUDA -DCOAMPS_MICRO -DNR_SP -DSILHS -Dradoffline -Dnooverlap -DCLUBB -I/glade/u/apps/casper/24.12/spack/opt/spack/netcdf/4.9.2/nvhpc/24.11/djgy/include -Mcache_align -O2  -I/glade/u/apps/casper/24.12/spack/opt/spack/netcdf/4.9.2/nvhpc/24.11/djgy/include -Mbackslash -Mstandard -Kieee -acc -Minfo=accel  -c	/glade/u/home/ilinck/clubb_release/compile/../src/CLUBB_core/Nc_Ncn_eqns.F90
nvfortran -DNETCDF -DCLUBB_REAL_TYPE=8 -DCLUBB_GPU -DCUDA -DCOAMPS_MICRO -DNR_SP -DSILHS -Dradoffline -Dnooverlap -DCLUBB -I/glade/u/apps/casper/24.12/spack/opt/spack/netcdf/4.9.2/nvhpc/24.11/djgy/include -Mcache_align -O2  -I/glade/u/apps/casper/24.12/spack/opt/spack/netcdf/4.9.2/nvhpc/24.11/djgy/include -Mbackslash -Mstandard -Kieee -acc -Minfo=accel  -c	/glade/u/home/ilinck/clubb_release/compile/../src/CLUBB_core/diagnose_correlations_module.F90
nvfortran -DNETCDF -DCLUBB_REAL_TYPE=8 -DCLUBB_GPU -DCUDA -DCOAMPS_MICRO -DNR_SP -DSILHS -Dradoffline -Dnooverlap -DCLUBB -I/glade/u/apps/casper/24.12/spack/opt/spack/netcdf/4.9.2/nvhpc/24.11/djgy/include -Mcache_align -O2  -I/glade/u/apps/casper/24.12/spack/opt/spack/netcdf/4.9.2/nvhpc/24.11/djgy/include -Mbackslash -Mstandard -Kieee -acc -Minfo=accel  -c	/glade/u/home/ilinck/clubb_release/compile/../src/CLUBB_core/calendar.F90
nvfortran -DNETCDF -DCLUBB_REAL_TYPE=8 -DCLUBB_GPU -DCUDA -DCOAMPS_MICRO -DNR_SP -DSILHS -Dradoffline -Dnooverlap -DCLUBB -I/glade/u/apps/casper/24.12/spack/opt/spack/netcdf/4.9.2/nvhpc/24.11/djgy/include -Mcache_align -O2  -I/glade/u/apps/casper/24.12/spack/opt/spack/netcdf/4.9.2/nvhpc/24.11/djgy/include -Mbackslash -Mstandard -Kieee -acc -Minfo=accel  -c	/glade/u/home/ilinck/clubb_release/compile/../src/CLUBB_core/file_functions.F90
nvfortran -DNETCDF -DCLUBB_REAL_TYPE=8 -DCLUBB_GPU -DCUDA -DCOAMPS_MICRO -DNR_SP -DSILHS -Dradoffline -Dnooverlap -DCLUBB -I/glade/u/apps/casper/24.12/spack/opt/spack/netcdf/4.9.2/nvhpc/24.11/djgy/include -Mcache_align -O2  -I/glade/u/apps/casper/24.12/spack/opt/spack/netcdf/4.9.2/nvhpc/24.11/djgy/include -Mbackslash -Mstandard -Kieee -acc -Minfo=accel  -c	/glade/u/home/ilinck/clubb_release/compile/../src/CLUBB_core/interpolation.F90
nvfortran -DNETCDF -DCLUBB_REAL_TYPE=8 -DCLUBB_GPU -DCUDA -DCOAMPS_MICRO -DNR_SP -DSILHS -Dradoffline -Dnooverlap -DCLUBB -I/glade/u/apps/casper/24.12/spack/opt/spack/netcdf/4.9.2/nvhpc/24.11/djgy/include -Mcache_align -O2  -I/glade/u/apps/casper/24.12/spack/opt/spack/netcdf/4.9.2/nvhpc/24.11/djgy/include -Mbackslash -Mstandard -Kieee -acc -Minfo=accel  -c	/glade/u/home/ilinck/clubb_release/compile/../src/CLUBB_core/new_tsdadg_pdf.F90
pvertinterp:
    544, Generating implicit firstprivate(ngrdcol,nz)
         Generating NVIDIA GPU code
        545, !$acc loop gang, vector(128) ! blockidx%x threadidx%x
    544, Generating default present(p_mid(:ngrdcol,:),interp_var(:ngrdcol),input_var(:ngrdcol,:))
    545, Generating implicit firstprivate(p_out,l_found,k_upper,k,dpu,dpl)
    564, Accelerator restriction: induction variable live-out from loop: k
    569, Accelerator restriction: induction variable live-out from loop: k
nvfortran -DNETCDF -DCLUBB_REAL_TYPE=8 -DCLUBB_GPU -DCUDA -DCOAMPS_MICRO -DNR_SP -DSILHS -Dradoffline -Dnooverlap -DCLUBB -I/glade/u/apps/casper/24.12/spack/opt/spack/netcdf/4.9.2/nvhpc/24.11/djgy/include -Mcache_align -O2  -I/glade/u/apps/casper/24.12/spack/opt/spack/netcdf/4.9.2/nvhpc/24.11/djgy/include -Mbackslash -Mstandard -Kieee -acc -Minfo=accel  -c	/glade/u/home/ilinck/clubb_release/compile/../src/CLUBB_core/new_hybrid_pdf.F90
nvfortran -DNETCDF -DCLUBB_REAL_TYPE=8 -DCLUBB_GPU -DCUDA -DCOAMPS_MICRO -DNR_SP -DSILHS -Dradoffline -Dnooverlap -DCLUBB -I/glade/u/apps/casper/24.12/spack/opt/spack/netcdf/4.9.2/nvhpc/24.11/djgy/include -Mcache_align -O2  -I/glade/u/apps/casper/24.12/spack/opt/spack/netcdf/4.9.2/nvhpc/24.11/djgy/include -Mbackslash -Mstandard -Kieee -acc -Minfo=accel  -c	/glade/u/home/ilinck/clubb_release/compile/../src/CLUBB_core/pdf_parameter_module.F90
nvfortran -DNETCDF -DCLUBB_REAL_TYPE=8 -DCLUBB_GPU -DCUDA -DCOAMPS_MICRO -DNR_SP -DSILHS -Dradoffline -Dnooverlap -DCLUBB -I/glade/u/apps/casper/24.12/spack/opt/spack/netcdf/4.9.2/nvhpc/24.11/djgy/include -Mcache_align -O2  -I/glade/u/apps/casper/24.12/spack/opt/spack/netcdf/4.9.2/nvhpc/24.11/djgy/include -Mbackslash -Mstandard -Kieee -acc -Minfo=accel  -c	/glade/u/home/ilinck/clubb_release/compile/../src/CLUBB_core/T_in_K_module.F90
thlm2t_in_k_2d:
    140, Generating copyin(rcm(:,:),thlm(:,:),exner(:,:)) [if not already present]
    143, Generating implicit firstprivate(nz,ngrdcol)
         Generating NVIDIA GPU code
        144, !$acc loop gang, vector(128) collapse(2) ! blockidx%x threadidx%x
        145,   ! blockidx%x threadidx%x collapsed
nvfortran -DNETCDF -DCLUBB_REAL_TYPE=8 -DCLUBB_GPU -DCUDA -DCOAMPS_MICRO -DNR_SP -DSILHS -Dradoffline -Dnooverlap -DCLUBB -I/glade/u/apps/casper/24.12/spack/opt/spack/netcdf/4.9.2/nvhpc/24.11/djgy/include -Mcache_align -O2  -I/glade/u/apps/casper/24.12/spack/opt/spack/netcdf/4.9.2/nvhpc/24.11/djgy/include -Mbackslash -Mstandard -Kieee -acc -Minfo=accel  -c	/glade/u/home/ilinck/clubb_release/compile/../src/CLUBB_core/saturation.F90
sat_mixrat_liq_k:
     90, Generating acc routine seq
         Generating NVIDIA GPU code
sat_mixrat_liq_2d:
    367, Generating create(esat(:,:)) [if not already present]
         Generating copyin(p_in_pa(:,:),t_in_k(:,:)) [if not already present]
    382, Generating implicit firstprivate(ngrdcol,nz,start_index)
         Generating NVIDIA GPU code
        383, !$acc loop gang, vector(128) collapse(2) ! blockidx%x threadidx%x
        384,   ! blockidx%x threadidx%x collapsed
    384, Generating implicit firstprivate(t_in_c_sqd,t_in_c)
    437, Generating implicit firstprivate(ngrdcol,nz,start_index)
         Generating NVIDIA GPU code
        438, !$acc loop gang, vector(128) collapse(2) ! blockidx%x threadidx%x
        439,   ! blockidx%x threadidx%x collapsed
    451, Generating implicit firstprivate(ngrdcol,start_index,nz)
         Generating NVIDIA GPU code
        452, !$acc loop gang, vector(128) collapse(2) ! blockidx%x threadidx%x
        453,   ! blockidx%x threadidx%x collapsed
    453, Generating implicit firstprivate(t_in_k_clipped)
    477, Generating implicit firstprivate(ngrdcol,start_index,nz)
         Generating NVIDIA GPU code
        478, !$acc loop gang, vector(128) collapse(2) ! blockidx%x threadidx%x
        479,   ! blockidx%x threadidx%x collapsed
    479, Generating implicit firstprivate(t_in_k_int)
    499, Generating implicit firstprivate(ngrdcol,start_index,nz)
         Generating NVIDIA GPU code
        500, !$acc loop gang, vector(128) collapse(2) ! blockidx%x threadidx%x
        501,   ! blockidx%x threadidx%x collapsed
sat_mixrat_ice_2d:
    958, Generating create(esat_ice(:,:)) [if not already present]
         Generating copyin(p_in_pa(:,:),t_in_k(:,:)) [if not already present]
    967, Generating implicit firstprivate(ngrdcol,nz)
         Generating NVIDIA GPU code
        968, !$acc loop gang, vector(128) collapse(2) ! blockidx%x threadidx%x
        969,   ! blockidx%x threadidx%x collapsed
    982, Generating implicit firstprivate(nz,ngrdcol)
         Generating NVIDIA GPU code
        983, !$acc loop gang, vector(128) collapse(2) ! blockidx%x threadidx%x
        984,   ! blockidx%x threadidx%x collapsed
    984, Generating implicit firstprivate(t_in_c)
   1011, Generating implicit firstprivate(nz,ngrdcol)
         Generating NVIDIA GPU code
       1012, !$acc loop gang, vector(128) collapse(2) ! blockidx%x threadidx%x
       1013,   ! blockidx%x threadidx%x collapsed
   1013, Generating implicit firstprivate(t_in_k_clipped)
   1041, Generating implicit firstprivate(nz,ngrdcol)
         Generating NVIDIA GPU code
       1042, !$acc loop gang, vector(128) collapse(2) ! blockidx%x threadidx%x
       1043,   ! blockidx%x threadidx%x collapsed
nvfortran -DNETCDF -DCLUBB_REAL_TYPE=8 -DCLUBB_GPU -DCUDA -DCOAMPS_MICRO -DNR_SP -DSILHS -Dradoffline -Dnooverlap -DCLUBB -I/glade/u/apps/casper/24.12/spack/opt/spack/netcdf/4.9.2/nvhpc/24.11/djgy/include -Mcache_align -O2  -I/glade/u/apps/casper/24.12/spack/opt/spack/netcdf/4.9.2/nvhpc/24.11/djgy/include -Mbackslash -Mstandard -Kieee -acc -Minfo=accel  -c	/glade/u/home/ilinck/clubb_release/compile/../src/CLUBB_core/stats_type_utilities.F90
nvfortran -DNETCDF -DCLUBB_REAL_TYPE=8 -DCLUBB_GPU -DCUDA -DCOAMPS_MICRO -DNR_SP -DSILHS -Dradoffline -Dnooverlap -DCLUBB -I/glade/u/apps/casper/24.12/spack/opt/spack/netcdf/4.9.2/nvhpc/24.11/djgy/include -Mcache_align -O2  -I/glade/u/apps/casper/24.12/spack/opt/spack/netcdf/4.9.2/nvhpc/24.11/djgy/include -Mbackslash -Mstandard -Kieee -acc -Minfo=accel  -c	/glade/u/home/ilinck/clubb_release/compile/../src/CLUBB_core/matrix_solver_wrapper.F90
band_solve_single_rhs_multiple_lhs:
    112, Generating update self(lhs(:,:,:),rhs(:,:))
    125, Generating update device(rcond(:))
    132, Generating update self(rhs(:,:),lhs(:,:,:))
    140, Generating update device(soln(:,:))
nvfortran -DNETCDF -DCLUBB_REAL_TYPE=8 -DCLUBB_GPU -DCUDA -DCOAMPS_MICRO -DNR_SP -DSILHS -Dradoffline -Dnooverlap -DCLUBB -I/glade/u/apps/casper/24.12/spack/opt/spack/netcdf/4.9.2/nvhpc/24.11/djgy/include -Mcache_align -O2  -I/glade/u/apps/casper/24.12/spack/opt/spack/netcdf/4.9.2/nvhpc/24.11/djgy/include -Mbackslash -Mstandard -Kieee -acc -Minfo=accel  -c	/glade/u/home/ilinck/clubb_release/compile/../src/CLUBB_core/input_reader.F90
band_solve_multiple_rhs_lhs:
    230, Generating update self(lhs(:,:,:),rhs(:,:,:))
    243, Generating update device(rcond(:))
    250, Generating update self(rhs(:,:,:),lhs(:,:,:))
    258, Generating update device(soln(:,:,:))
tridiag_solve_single_rhs_multiple_lhs:
    444, Generating update self(lhs(:,:,:),rhs(:,:))
    455, Generating update device(rcond(:))
    462, Generating update self(rhs(:,:),lhs(:,:,:))
    469, Generating update device(soln(:,:))
tridiag_solve_multiple_rhs_lhs:
    552, Generating update self(lhs(:,:,:),rhs(:,:,:))
    563, Generating update device(rcond(:))
    570, Generating update self(rhs(:,:,:),lhs(:,:,:))
    577, Generating update device(soln(:,:,:))
nvfortran -DNETCDF -DCLUBB_REAL_TYPE=8 -DCLUBB_GPU -DCUDA -DCOAMPS_MICRO -DNR_SP -DSILHS -Dradoffline -Dnooverlap -DCLUBB -I/glade/u/apps/casper/24.12/spack/opt/spack/netcdf/4.9.2/nvhpc/24.11/djgy/include -Mcache_align -O2  -I/glade/u/apps/casper/24.12/spack/opt/spack/netcdf/4.9.2/nvhpc/24.11/djgy/include -Mbackslash -Mstandard -Kieee -acc -Minfo=accel  -c -I/glade/u/home/ilinck/clubb_release/compile/../src/CLUBB_core	/glade/u/home/ilinck/clubb_release/compile/../src/CLUBB_core/output_grads.F90
nvfortran -DNETCDF -DCLUBB_REAL_TYPE=8 -DCLUBB_GPU -DCUDA -DCOAMPS_MICRO -DNR_SP -DSILHS -Dradoffline -Dnooverlap -DCLUBB -I/glade/u/apps/casper/24.12/spack/opt/spack/netcdf/4.9.2/nvhpc/24.11/djgy/include -Mcache_align -O2  -I/glade/u/apps/casper/24.12/spack/opt/spack/netcdf/4.9.2/nvhpc/24.11/djgy/include -Mbackslash -Mstandard -Kieee -acc -Minfo=accel  -c	/glade/u/home/ilinck/clubb_release/compile/../src/CLUBB_core/stats_zm_module.F90
nvfortran -DNETCDF -DCLUBB_REAL_TYPE=8 -DCLUBB_GPU -DCUDA -DCOAMPS_MICRO -DNR_SP -DSILHS -Dradoffline -Dnooverlap -DCLUBB -I/glade/u/apps/casper/24.12/spack/opt/spack/netcdf/4.9.2/nvhpc/24.11/djgy/include -Mcache_align -O2  -I/glade/u/apps/casper/24.12/spack/opt/spack/netcdf/4.9.2/nvhpc/24.11/djgy/include -Mbackslash -Mstandard -Kieee -acc -Minfo=accel  -c	/glade/u/home/ilinck/clubb_release/compile/../src/CLUBB_core/stats_zt_module.F90
nvfortran -DNETCDF -DCLUBB_REAL_TYPE=8 -DCLUBB_GPU -DCUDA -DCOAMPS_MICRO -DNR_SP -DSILHS -Dradoffline -Dnooverlap -DCLUBB -I/glade/u/apps/casper/24.12/spack/opt/spack/netcdf/4.9.2/nvhpc/24.11/djgy/include -Mcache_align -O2  -I/glade/u/apps/casper/24.12/spack/opt/spack/netcdf/4.9.2/nvhpc/24.11/djgy/include -Mbackslash -Mstandard -Kieee -acc -Minfo=accel  -c	/glade/u/home/ilinck/clubb_release/compile/../src/CLUBB_core/stats_lh_zt_module.F90
nvfortran -DNETCDF -DCLUBB_REAL_TYPE=8 -DCLUBB_GPU -DCUDA -DCOAMPS_MICRO -DNR_SP -DSILHS -Dradoffline -Dnooverlap -DCLUBB -I/glade/u/apps/casper/24.12/spack/opt/spack/netcdf/4.9.2/nvhpc/24.11/djgy/include -Mcache_align -O2  -I/glade/u/apps/casper/24.12/spack/opt/spack/netcdf/4.9.2/nvhpc/24.11/djgy/include -Mbackslash -Mstandard -Kieee -acc -Minfo=accel  -c	/glade/u/home/ilinck/clubb_release/compile/../src/CLUBB_core/stats_lh_sfc_module.F90
nvfortran -DNETCDF -DCLUBB_REAL_TYPE=8 -DCLUBB_GPU -DCUDA -DCOAMPS_MICRO -DNR_SP -DSILHS -Dradoffline -Dnooverlap -DCLUBB -I/glade/u/apps/casper/24.12/spack/opt/spack/netcdf/4.9.2/nvhpc/24.11/djgy/include -Mcache_align -O2  -I/glade/u/apps/casper/24.12/spack/opt/spack/netcdf/4.9.2/nvhpc/24.11/djgy/include -Mbackslash -Mstandard -Kieee -acc -Minfo=accel  -c	/glade/u/home/ilinck/clubb_release/compile/../src/CLUBB_core/stats_rad_zt_module.F90
nvfortran -DNETCDF -DCLUBB_REAL_TYPE=8 -DCLUBB_GPU -DCUDA -DCOAMPS_MICRO -DNR_SP -DSILHS -Dradoffline -Dnooverlap -DCLUBB -I/glade/u/apps/casper/24.12/spack/opt/spack/netcdf/4.9.2/nvhpc/24.11/djgy/include -Mcache_align -O2  -I/glade/u/apps/casper/24.12/spack/opt/spack/netcdf/4.9.2/nvhpc/24.11/djgy/include -Mbackslash -Mstandard -Kieee -acc -Minfo=accel  -c	/glade/u/home/ilinck/clubb_release/compile/../src/CLUBB_core/stats_rad_zm_module.F90
nvfortran -DNETCDF -DCLUBB_REAL_TYPE=8 -DCLUBB_GPU -DCUDA -DCOAMPS_MICRO -DNR_SP -DSILHS -Dradoffline -Dnooverlap -DCLUBB -I/glade/u/apps/casper/24.12/spack/opt/spack/netcdf/4.9.2/nvhpc/24.11/djgy/include -Mcache_align -O2  -I/glade/u/apps/casper/24.12/spack/opt/spack/netcdf/4.9.2/nvhpc/24.11/djgy/include -Mbackslash -Mstandard -Kieee -acc -Minfo=accel  -c	/glade/u/home/ilinck/clubb_release/compile/../src/CLUBB_core/stats_sfc_module.F90
nvfortran -DNETCDF -DCLUBB_REAL_TYPE=8 -DCLUBB_GPU -DCUDA -DCOAMPS_MICRO -DNR_SP -DSILHS -Dradoffline -Dnooverlap -DCLUBB -I/glade/u/apps/casper/24.12/spack/opt/spack/netcdf/4.9.2/nvhpc/24.11/djgy/include -Mcache_align -O2  -I/glade/u/apps/casper/24.12/spack/opt/spack/netcdf/4.9.2/nvhpc/24.11/djgy/include -Mbackslash -Mstandard -Kieee -acc -Minfo=accel  -c	/glade/u/home/ilinck/clubb_release/compile/../src/CLUBB_core/new_pdf.F90
nvfortran -DNETCDF -DCLUBB_REAL_TYPE=8 -DCLUBB_GPU -DCUDA -DCOAMPS_MICRO -DNR_SP -DSILHS -Dradoffline -Dnooverlap -DCLUBB -I/glade/u/apps/casper/24.12/spack/opt/spack/netcdf/4.9.2/nvhpc/24.11/djgy/include -Mcache_align -O2  -I/glade/u/apps/casper/24.12/spack/opt/spack/netcdf/4.9.2/nvhpc/24.11/djgy/include -Mbackslash -Mstandard -Kieee -acc -Minfo=accel  -c	/glade/u/home/ilinck/clubb_release/compile/../src/CLUBB_core/precipitation_fraction.F90
nvfortran -DNETCDF -DCLUBB_REAL_TYPE=8 -DCLUBB_GPU -DCUDA -DCOAMPS_MICRO -DNR_SP -DSILHS -Dradoffline -Dnooverlap -DCLUBB -I/glade/u/apps/casper/24.12/spack/opt/spack/netcdf/4.9.2/nvhpc/24.11/djgy/include -Mcache_align -O2  -I/glade/u/apps/casper/24.12/spack/opt/spack/netcdf/4.9.2/nvhpc/24.11/djgy/include -Mbackslash -Mstandard -Kieee -acc -Minfo=accel  -c	/glade/u/home/ilinck/clubb_release/compile/../src/CLUBB_core/grid_class.F90
nvfortran -DNETCDF -DCLUBB_REAL_TYPE=8 -DCLUBB_GPU -DCUDA -DCOAMPS_MICRO -DNR_SP -DSILHS -Dradoffline -Dnooverlap -DCLUBB -I/glade/u/apps/casper/24.12/spack/opt/spack/netcdf/4.9.2/nvhpc/24.11/djgy/include -Mcache_align -O2  -I/glade/u/apps/casper/24.12/spack/opt/spack/netcdf/4.9.2/nvhpc/24.11/djgy/include -Mbackslash -Mstandard -Kieee -acc -Minfo=accel  -c	/glade/u/home/ilinck/clubb_release/compile/../src/CLUBB_core/new_hybrid_pdf_main.F90
linear_interpolated_azm_2d:
   1518, Generating copyin(azt(:,:),gr,gr%zm(:,:),gr%weights_zt2zm(:,:,:)) [if not already present]
         Generating copyout(linear_interpolated_azm(:,:)) [if not already present]
         Generating copyin(gr%zt(:,:)) [if not already present]
   1521, Generating implicit firstprivate(ngrdcol)
         Generating NVIDIA GPU code
       1522, !$acc loop gang, vector(128) ! blockidx%x threadidx%x
   1530, Generating implicit firstprivate(nz,ngrdcol)
         Generating NVIDIA GPU code
       1531, !$acc loop gang, vector(128) collapse(2) ! blockidx%x threadidx%x
       1532,   ! blockidx%x threadidx%x collapsed
   1545, Generating implicit firstprivate(ngrdcol)
         Generating NVIDIA GPU code
       1546, !$acc loop gang, vector(128) ! blockidx%x threadidx%x
   1546, Generating implicit firstprivate(nz)
   1554, Generating copyin(zm_min) [if not already present]
         Generating implicit firstprivate(nz,ngrdcol)
         Generating NVIDIA GPU code
       1555, !$acc loop gang, vector(128) collapse(2) ! blockidx%x threadidx%x
       1556,   ! blockidx%x threadidx%x collapsed
zt2zm2zt:
   1610, Generating create(azt_zm(:,:)) [if not already present]
         Generating copyin(azt(:,:)) [if not already present]
zm2zt2zm:
   1667, Generating create(azm_zt(:,:)) [if not already present]
         Generating copyin(azm(:,:)) [if not already present]
linear_interpolated_azt_2d:
   2018, Generating copyin(azm(:,:),gr,gr%zm(:,:),gr%weights_zm2zt(:,:,:),gr%zt(:,:)) [if not already present]
         Generating copyout(linear_interpolated_azt(:,:)) [if not already present]
   2027, Generating implicit firstprivate(ngrdcol)
         Generating NVIDIA GPU code
       2028, !$acc loop gang, vector(128) ! blockidx%x threadidx%x
   2038, Generating implicit firstprivate(nz,ngrdcol)
         Generating NVIDIA GPU code
       2039, !$acc loop gang, vector(128) collapse(2) ! blockidx%x threadidx%x
       2040,   ! blockidx%x threadidx%x collapsed
   2048, Generating copyin(zt_min) [if not already present]
         Generating implicit firstprivate(nz,ngrdcol)
         Generating NVIDIA GPU code
       2049, !$acc loop gang, vector(128) collapse(2) ! blockidx%x threadidx%x
       2050,   ! blockidx%x threadidx%x collapsed
gradzm_2d:
   2387, Generating copyin(azm(:,:),gr%invrs_dzt(:,:),gr) [if not already present]
   2390, Generating implicit firstprivate(ngrdcol)
         Generating NVIDIA GPU code
       2391, !$acc loop gang, vector(128) ! blockidx%x threadidx%x
   2396, Generating implicit firstprivate(nz,ngrdcol)
         Generating NVIDIA GPU code
       2397, !$acc loop gang, vector(128) collapse(2) ! blockidx%x threadidx%x
       2398,   ! blockidx%x threadidx%x collapsed
gradzt_2d:
   2481, Generating copyin(azt(:,:),gr%invrs_dzm(:,:),gr) [if not already present]
   2484, Generating implicit firstprivate(nz,ngrdcol)
         Generating NVIDIA GPU code
       2485, !$acc loop gang, vector(128) collapse(2) ! blockidx%x threadidx%x
       2486,   ! blockidx%x threadidx%x collapsed
   2492, Generating implicit firstprivate(ngrdcol)
         Generating NVIDIA GPU code
       2493, !$acc loop gang, vector(128) ! blockidx%x threadidx%x
   2493, Generating implicit firstprivate(nz)
nvfortran -DNETCDF -DCLUBB_REAL_TYPE=8 -DCLUBB_GPU -DCUDA -DCOAMPS_MICRO -DNR_SP -DSILHS -Dradoffline -Dnooverlap -DCLUBB -I/glade/u/apps/casper/24.12/spack/opt/spack/netcdf/4.9.2/nvhpc/24.11/djgy/include -Mcache_align -O2  -I/glade/u/apps/casper/24.12/spack/opt/spack/netcdf/4.9.2/nvhpc/24.11/djgy/include -Mbackslash -Mstandard -Kieee -acc -Minfo=accel  -c	/glade/u/home/ilinck/clubb_release/compile/../src/CLUBB_core/corr_varnce_module.F90
nvfortran -DNETCDF -DCLUBB_REAL_TYPE=8 -DCLUBB_GPU -DCUDA -DCOAMPS_MICRO -DNR_SP -DSILHS -Dradoffline -Dnooverlap -DCLUBB -I/glade/u/apps/casper/24.12/spack/opt/spack/netcdf/4.9.2/nvhpc/24.11/djgy/include -Mcache_align -O2  -I/glade/u/apps/casper/24.12/spack/opt/spack/netcdf/4.9.2/nvhpc/24.11/djgy/include -Mbackslash -Mstandard -Kieee -acc -Minfo=accel  -c	/glade/u/home/ilinck/clubb_release/compile/../src/CLUBB_core/new_pdf_main.F90
nvfortran -DNETCDF -DCLUBB_REAL_TYPE=8 -DCLUBB_GPU -DCUDA -DCOAMPS_MICRO -DNR_SP -DSILHS -Dradoffline -Dnooverlap -DCLUBB -I/glade/u/apps/casper/24.12/spack/opt/spack/netcdf/4.9.2/nvhpc/24.11/djgy/include -Mcache_align -O2  -I/glade/u/apps/casper/24.12/spack/opt/spack/netcdf/4.9.2/nvhpc/24.11/djgy/include -Mbackslash -Mstandard -Kieee -acc -Minfo=accel  -c	/glade/u/home/ilinck/clubb_release/compile/../src/CLUBB_core/mean_adv.F90
term_ma_zt_lhs:
    230, Generating copyin(weights_zt2zm(:,:,:),wm_zt(:,:),invrs_dzm(:,:)) [if not already present]
         Generating copyout(lhs_ma(:,:,:)) [if not already present]
         Generating copyin(invrs_dzt(:,:)) [if not already present]
    234, Generating implicit firstprivate(ngrdcol)
         Generating NVIDIA GPU code
        235, !$acc loop gang, vector(128) collapse(2) ! blockidx%x threadidx%x
        236,   ! blockidx%x threadidx%x collapsed
    246, Generating implicit firstprivate(nz,ngrdcol)
         Generating NVIDIA GPU code
        247, !$acc loop gang, vector(128) collapse(2) ! blockidx%x threadidx%x
        248,   ! blockidx%x threadidx%x collapsed
    270, Generating implicit firstprivate(ngrdcol)
         Generating NVIDIA GPU code
        271, !$acc loop gang, vector(128) ! blockidx%x threadidx%x
    271, Generating implicit firstprivate(nz)
    291, Generating implicit firstprivate(ngrdcol)
         Generating NVIDIA GPU code
        292, !$acc loop gang, vector(128) ! blockidx%x threadidx%x
    311, Generating implicit firstprivate(nz,ngrdcol)
         Generating NVIDIA GPU code
        312, !$acc loop gang, vector(128) collapse(2) ! blockidx%x threadidx%x
        313,   ! blockidx%x threadidx%x collapsed
    343, Generating implicit firstprivate(ngrdcol)
         Generating NVIDIA GPU code
        344, !$acc loop gang, vector(128) ! blockidx%x threadidx%x
    344, Generating implicit firstprivate(nz)
    372, Generating implicit firstprivate(ngrdcol)
         Generating NVIDIA GPU code
        373, !$acc loop gang, vector(128) ! blockidx%x threadidx%x
term_ma_zm_lhs:
    506, Generating copyin(wm_zm(:,:),weights_zm2zt(:,:,:)) [if not already present]
         Generating copyout(lhs_ma(:,:,:)) [if not already present]
         Generating copyin(invrs_dzm(:,:)) [if not already present]
    510, Generating implicit firstprivate(ngrdcol)
         Generating NVIDIA GPU code
        511, !$acc loop gang, vector(128) collapse(2) ! blockidx%x threadidx%x
        512,   ! blockidx%x threadidx%x collapsed
    519, Generating implicit firstprivate(nz,ngrdcol)
         Generating NVIDIA GPU code
        520, !$acc loop gang, vector(128) collapse(2) ! blockidx%x threadidx%x
        521,   ! blockidx%x threadidx%x collapsed
    538, Generating implicit firstprivate(ngrdcol)
         Generating NVIDIA GPU code
        539, !$acc loop gang, vector(128) collapse(2) ! blockidx%x threadidx%x
        540,   ! blockidx%x threadidx%x collapsed
    540, Generating implicit firstprivate(nz)
nvfortran -DNETCDF -DCLUBB_REAL_TYPE=8 -DCLUBB_GPU -DCUDA -DCOAMPS_MICRO -DNR_SP -DSILHS -Dradoffline -Dnooverlap -DCLUBB -I/glade/u/apps/casper/24.12/spack/opt/spack/netcdf/4.9.2/nvhpc/24.11/djgy/include -Mcache_align -O2  -I/glade/u/apps/casper/24.12/spack/opt/spack/netcdf/4.9.2/nvhpc/24.11/djgy/include -Mbackslash -Mstandard -Kieee -acc -Minfo=accel  -c	/glade/u/home/ilinck/clubb_release/compile/../src/CLUBB_core/parameters_tunable.F90
nvfortran -DNETCDF -DCLUBB_REAL_TYPE=8 -DCLUBB_GPU -DCUDA -DCOAMPS_MICRO -DNR_SP -DSILHS -Dradoffline -Dnooverlap -DCLUBB -I/glade/u/apps/casper/24.12/spack/opt/spack/netcdf/4.9.2/nvhpc/24.11/djgy/include -Mcache_align -O2  -I/glade/u/apps/casper/24.12/spack/opt/spack/netcdf/4.9.2/nvhpc/24.11/djgy/include -Mbackslash -Mstandard -Kieee -acc -Minfo=accel  -c	/glade/u/home/ilinck/clubb_release/compile/../src/CLUBB_core/numerical_check.F90
nvfortran -DNETCDF -DCLUBB_REAL_TYPE=8 -DCLUBB_GPU -DCUDA -DCOAMPS_MICRO -DNR_SP -DSILHS -Dradoffline -Dnooverlap -DCLUBB -I/glade/u/apps/casper/24.12/spack/opt/spack/netcdf/4.9.2/nvhpc/24.11/djgy/include -Mcache_align -O2  -I/glade/u/apps/casper/24.12/spack/opt/spack/netcdf/4.9.2/nvhpc/24.11/djgy/include -Mbackslash -Mstandard -Kieee -acc -Minfo=accel  -c	/glade/u/home/ilinck/clubb_release/compile/../src/CLUBB_core/advance_helper_module.F90
nvfortran -DNETCDF -DCLUBB_REAL_TYPE=8 -DCLUBB_GPU -DCUDA -DCOAMPS_MICRO -DNR_SP -DSILHS -Dradoffline -Dnooverlap -DCLUBB -I/glade/u/apps/casper/24.12/spack/opt/spack/netcdf/4.9.2/nvhpc/24.11/djgy/include -Mcache_align -O2  -I/glade/u/apps/casper/24.12/spack/opt/spack/netcdf/4.9.2/nvhpc/24.11/djgy/include -Mbackslash -Mstandard -Kieee -acc -Minfo=accel  -c	/glade/u/home/ilinck/clubb_release/compile/../src/CLUBB_core/sponge_layer_damping.F90
calc_stability_correction:
    296, Generating enter data create(brunt_vaisala_freq_sqd_moist(:,:),lambda0_stability(:,:),brunt_vaisala_freq_sqd(:,:),brunt_vaisala_freq_sqd_mixed(:,:),brunt_vaisala_freq_sqd_dry(:,:))
    312, Generating implicit firstprivate(ngrdcol,nz)
         Generating NVIDIA GPU code
        313, !$acc loop gang, vector(128) collapse(2) ! blockidx%x threadidx%x
        314,   ! blockidx%x threadidx%x collapsed
    312, Generating default present(lambda0_stability(:ngrdcol,:nz),lambda0_stability_coef(:ngrdcol),brunt_vaisala_freq_sqd(:ngrdcol,:nz))
    324, Generating implicit firstprivate(nz,ngrdcol)
         Generating NVIDIA GPU code
        325, !$acc loop gang, vector(128) collapse(2) ! blockidx%x threadidx%x
        326,   ! blockidx%x threadidx%x collapsed
    324, Generating default present(stability_correction(:ngrdcol,:nz),lscale_zm(:ngrdcol,:nz),brunt_vaisala_freq_sqd(:ngrdcol,:nz),em(:ngrdcol,:nz),lambda0_stability(:ngrdcol,:nz))
    333, Generating exit data delete(lambda0_stability(:,:),brunt_vaisala_freq_sqd_moist(:,:),brunt_vaisala_freq_sqd(:,:),brunt_vaisala_freq_sqd_mixed(:,:),brunt_vaisala_freq_sqd_dry(:,:))
calc_brunt_vaisala_freq_sqd:
    438, Generating copyin(exner(:,:),gr) [if not already present]
         Generating create(t_in_k_zm(:,:),ddzt_thvm(:,:),rsat_zm(:,:)) [if not already present]
         Generating copyin(p_in_pa(:,:)) [if not already present]
         Generating create(ice_supersat_frac_zm(:,:),thm_zm(:,:)) [if not already present]
         Generating copyin(gr%zt(:,:)) [if not already present]
         Generating copyout(brunt_vaisala_freq_sqd_moist(:,:),brunt_vaisala_freq_sqd_dry(:,:),brunt_vaisala_freq_sqd(:,:),brunt_vaisala_freq_sqd_mixed(:,:)) [if not already present]
         Generating create(stat_liq(:,:),t_in_k(:,:)) [if not already present]
         Generating copyin(rcm(:,:)) [if not already present]
         Generating create(rsat(:,:)) [if not already present]
         Generating copyin(thlm(:,:)) [if not already present]
         Generating create(thm(:,:),ddzt_stat_liq_zm(:,:),ddzt_thlm(:,:)) [if not already present]
         Generating copyin(bv_efold(:)) [if not already present]
         Generating create(ddzt_rsat(:,:),thvm_zm(:,:)) [if not already present]
         Generating copyin(thvm(:,:)) [if not already present]
         Generating create(ddzt_thm(:,:)) [if not already present]
         Generating copyin(rtm(:,:)) [if not already present]
         Generating create(stat_dry_virtual_zm(:,:),ddzt_rtm_zm(:,:),ddzt_stat_liq(:,:),stat_dry(:,:),stat_dry_virtual(:,:),ddzt_rtm(:,:)) [if not already present]
         Generating copyin(ice_supersat_frac(:,:)) [if not already present]
    454, Generating implicit firstprivate(nz,ngrdcol)
         Generating NVIDIA GPU code
        455, !$acc loop gang, vector(128) collapse(2) ! blockidx%x threadidx%x
        456,   ! blockidx%x threadidx%x collapsed
    464, Generating implicit firstprivate(nz,ngrdcol)
         Generating NVIDIA GPU code
        465, !$acc loop gang, vector(128) collapse(2) ! blockidx%x threadidx%x
        466,   ! blockidx%x threadidx%x collapsed
    466, Generating implicit firstprivate(t0)
    480, Generating implicit firstprivate(nz,ngrdcol)
         Generating NVIDIA GPU code
        481, !$acc loop gang, vector(128) collapse(2) ! blockidx%x threadidx%x
        482,   ! blockidx%x threadidx%x collapsed
    492, Generating implicit firstprivate(nz,ngrdcol)
         Generating NVIDIA GPU code
        493, !$acc loop gang, vector(128) collapse(2) ! blockidx%x threadidx%x
        494,   ! blockidx%x threadidx%x collapsed
    504, Generating implicit firstprivate(nz,ngrdcol)
         Generating NVIDIA GPU code
        505, !$acc loop gang, vector(128) collapse(2) ! blockidx%x threadidx%x
        506,   ! blockidx%x threadidx%x collapsed
    516, Generating implicit firstprivate(nz,ngrdcol)
         Generating NVIDIA GPU code
        517, !$acc loop gang, vector(128) collapse(2) ! blockidx%x threadidx%x
        518,   ! blockidx%x threadidx%x collapsed
    524, Generating implicit firstprivate(nz,ngrdcol)
         Generating NVIDIA GPU code
        525, !$acc loop gang, vector(128) collapse(2) ! blockidx%x threadidx%x
        526,   ! blockidx%x threadidx%x collapsed
    540, Generating implicit firstprivate(nz,ngrdcol)
         Generating NVIDIA GPU code
        541, !$acc loop gang, vector(128) collapse(2) ! blockidx%x threadidx%x
        542,   ! blockidx%x threadidx%x collapsed
nvfortran -DNETCDF -DCLUBB_REAL_TYPE=8 -DCLUBB_GPU -DCUDA -DCOAMPS_MICRO -DNR_SP -DSILHS -Dradoffline -Dnooverlap -DCLUBB -I/glade/u/apps/casper/24.12/spack/opt/spack/netcdf/4.9.2/nvhpc/24.11/djgy/include -Mcache_align -O2  -I/glade/u/apps/casper/24.12/spack/opt/spack/netcdf/4.9.2/nvhpc/24.11/djgy/include -Mbackslash -Mstandard -Kieee -acc -Minfo=accel  -c	/glade/u/home/ilinck/clubb_release/compile/../src/CLUBB_core/turbulent_adv_pdf.F90
compute_cx_fnc_richardson:
    719, Generating enter data create(fnc_richardson_clipped(:,:),fnc_richardson(:,:),ddzt_vm(:,:),cx_fnc_interp(:,:),fnc_richardson_smooth(:,:),shear_sqd(:,:),ri_zm(:,:),ddzt_um(:,:),cx_fnc_richardson_avg(:,:),lscale_zm(:,:),brunt_vaisala_freq_sqd_moist(:,:),brunt_vaisala_freq_sqd_mixed(:,:),brunt_vaisala_freq_sqd(:,:),brunt_vaisala_freq_sqd_dry(:,:))
    746, Generating implicit firstprivate(nz,ngrdcol)
         Generating NVIDIA GPU code
        747, !$acc loop gang, vector(128) collapse(2) ! blockidx%x threadidx%x
        748,   ! blockidx%x threadidx%x collapsed
    746, Generating default present(ddzt_vm(:ngrdcol,:nz),shear_sqd(:ngrdcol,:nz),ddzt_um(:ngrdcol,:nz))
    755, Generating update self(shear_sqd(:,:))
    764, Generating implicit firstprivate(ngrdcol,nz)
         Generating NVIDIA GPU code
        765, !$acc loop gang, vector(128) collapse(2) ! blockidx%x threadidx%x
        766,   ! blockidx%x threadidx%x collapsed
    764, Generating default present(brunt_vaisala_freq_sqd_mixed(:ngrdcol,:nz),shear_sqd(:ngrdcol,:nz),ri_zm(:ngrdcol,:nz))
    774, Generating implicit firstprivate(nz,ngrdcol)
         Generating NVIDIA GPU code
        775, !$acc loop gang, vector(128) collapse(2) ! blockidx%x threadidx%x
        776,   ! blockidx%x threadidx%x collapsed
    774, Generating default present(ri_zm(:ngrdcol,:nz),brunt_vaisala_freq_sqd(:ngrdcol,:nz))
    788, Generating implicit firstprivate(nz,ngrdcol)
         Generating NVIDIA GPU code
        789, !$acc loop gang, vector(128) collapse(2) ! blockidx%x threadidx%x
        790,   ! blockidx%x threadidx%x collapsed
    788, Generating default present(clubb_params(:ngrdcol,96:97),ri_zm(:ngrdcol,:nz),fnc_richardson(:ngrdcol,:nz))
    790, Generating implicit firstprivate(invrs_min_max_diff,richardson_num_min,richardson_num_max)
    810, Generating implicit firstprivate(nz,ngrdcol)
         Generating NVIDIA GPU code
        811, !$acc loop gang, vector(128) collapse(2) ! blockidx%x threadidx%x
        812,   ! blockidx%x threadidx%x collapsed
    810, Generating default present(clubb_params(:ngrdcol,94:95),fnc_richardson_smooth(:ngrdcol,:nz),cx_fnc_interp(:ngrdcol,:nz))
    812, Generating implicit firstprivate(cx_min,cx_max)
    825, Generating implicit firstprivate(nz,ngrdcol)
         Generating NVIDIA GPU code
        826, !$acc loop gang, vector(128) collapse(2) ! blockidx%x threadidx%x
        827,   ! blockidx%x threadidx%x collapsed
    825, Generating default present(clubb_params(:ngrdcol,94:97),ri_zm(:ngrdcol,:nz),cx_fnc_richardson(:ngrdcol,:nz))
    827, Generating implicit firstprivate(invrs_min_max_diff,richardson_num_min,richardson_num_max,cx_max,cx_min)
    861, Generating implicit firstprivate(nz,ngrdcol)
         Generating NVIDIA GPU code
        862, !$acc loop gang, vector(128) collapse(2) ! blockidx%x threadidx%x
        863,   ! blockidx%x threadidx%x collapsed
    861, Generating default present(cx_fnc_richardson(:ngrdcol,:nz))
    869, Generating exit data delete(fnc_richardson_clipped(:,:),fnc_richardson(:,:),ddzt_vm(:,:),cx_fnc_interp(:,:),fnc_richardson_smooth(:,:),shear_sqd(:,:),ri_zm(:,:),ddzt_um(:,:),cx_fnc_richardson_avg(:,:),lscale_zm(:,:),brunt_vaisala_freq_sqd_moist(:,:),brunt_vaisala_freq_sqd_mixed(:,:),brunt_vaisala_freq_sqd(:,:),brunt_vaisala_freq_sqd_dry(:,:))
lscale_width_vert_avg:
    945, Generating enter data create(denom_terms(:,:),numer_terms(:,:),one_half_avg_width(:,:))
    948, Generating implicit firstprivate(nz,ngrdcol)
         Generating NVIDIA GPU code
        949, !$acc loop gang, vector(128) collapse(2) ! blockidx%x threadidx%x
        950,   ! blockidx%x threadidx%x collapsed
    948, Generating default present(one_half_avg_width(:ngrdcol,:nz),lscale_zm(:ngrdcol,:nz))
    955, Generating implicit firstprivate(ngrdcol,nz)
         Generating NVIDIA GPU code
        956, !$acc loop gang, vector(128) collapse(2) ! blockidx%x threadidx%x
        957,   ! blockidx%x threadidx%x collapsed
    955, Generating default present(one_half_avg_width(:ngrdcol,:nz))
    964, Generating implicit firstprivate(nz,ngrdcol)
         Generating NVIDIA GPU code
        965, !$acc loop gang, vector(128) collapse(2) ! blockidx%x threadidx%x
        966,   ! blockidx%x threadidx%x collapsed
    964, Generating default present(gr%dzm(1:ngrdcol,1:nz),numer_terms(:ngrdcol,:nz),denom_terms(:ngrdcol,:nz),gr,var_profile(:ngrdcol,:nz),rho_ds_zm(:ngrdcol,:nz))
    973, Generating implicit firstprivate(ngrdcol,nz)
         Generating NVIDIA GPU code
        974, !$acc loop gang, vector(128) collapse(2) ! blockidx%x threadidx%x
        975,   ! blockidx%x threadidx%x collapsed
       1033, !$acc loop seq
             Generating implicit reduction(+:numer_integral,denom_integral)
    973, Generating default present(gr%zm(1:ngrdcol,:),denom_terms(:ngrdcol,:),gr,one_half_avg_width(:ngrdcol,:nz),numer_terms(:ngrdcol,:))
    975, Generating implicit firstprivate(k_avg_lower,k_avg,n_below_ground_levels,k_avg_upper,var_below_ground_value,numer_integral,denom_integral)
    995, Accelerator restriction: induction variable live-out from loop: k_avg_upper
    998, Accelerator restriction: induction variable live-out from loop: k_avg_upper
   1002, Accelerator restriction: induction variable live-out from loop: k_avg_lower
   1005, Accelerator restriction: induction variable live-out from loop: k_avg_lower
   1033, Loop is parallelizable
   1045, Generating exit data delete(denom_terms(:,:),one_half_avg_width(:,:),numer_terms(:,:))
wp2_term_splat_lhs:
   1101, Generating enter data create(brunt_vaisala_freq_splat_clipped(:,:),brunt_vaisala_freq_splat_smooth(:,:))
   1103, Generating implicit firstprivate(nz,ngrdcol)
         Generating NVIDIA GPU code
       1104, !$acc loop gang, vector(128) collapse(2) ! blockidx%x threadidx%x
       1105,   ! blockidx%x threadidx%x collapsed
   1103, Generating default present(brunt_vaisala_freq_splat_clipped(:ngrdcol,:nz),brunt_vaisala_freq_sqd_splat(:ngrdcol,:nz))
   1115, Generating implicit firstprivate(nz,ngrdcol)
         Generating NVIDIA GPU code
       1116, !$acc loop gang, vector(128) collapse(2) ! blockidx%x threadidx%x
       1117,   ! blockidx%x threadidx%x collapsed
   1115, Generating default present(lhs_splat_wp2(:ngrdcol,:nz),c_wp2_splat(:ngrdcol),brunt_vaisala_freq_splat_smooth(:ngrdcol,:nz))
   1123, Generating exit data delete(brunt_vaisala_freq_splat_smooth(:,:),brunt_vaisala_freq_splat_clipped(:,:))
wp3_term_splat_lhs:
   1181, Generating enter data create(brunt_vaisala_freq_splat_clipped(:,:),brunt_vaisala_freq_splat_smooth(:,:))
   1183, Generating implicit firstprivate(nz,ngrdcol)
         Generating NVIDIA GPU code
       1184, !$acc loop gang, vector(128) collapse(2) ! blockidx%x threadidx%x
       1185,   ! blockidx%x threadidx%x collapsed
   1183, Generating default present(brunt_vaisala_freq_splat_clipped(:ngrdcol,:nz),brunt_vaisala_freq_sqd_splat(:ngrdcol,:nz))
   1195, Generating implicit firstprivate(nz,ngrdcol)
         Generating NVIDIA GPU code
       1196, !$acc loop gang, vector(128) collapse(2) ! blockidx%x threadidx%x
       1197,   ! blockidx%x threadidx%x collapsed
   1195, Generating default present(lhs_splat_wp3(:ngrdcol,:nz),c_wp2_splat(:ngrdcol),brunt_vaisala_freq_splat_smooth(:ngrdcol,:nz))
   1204, Generating exit data delete(brunt_vaisala_freq_splat_smooth(:,:),brunt_vaisala_freq_splat_clipped(:,:))
smooth_min_sclr_idx:
   1252, Generating copyin(input_var2(:,:)) [if not already present]
   1255, Generating implicit firstprivate(ngrdcol,nz)
         Generating NVIDIA GPU code
       1256, !$acc loop gang, vector(128) collapse(2) ! blockidx%x threadidx%x
       1257,   ! blockidx%x threadidx%x collapsed
   1257, Generating implicit firstprivate(smth_coef,input_var1)
smooth_min_array_scalar:
   1312, Generating copyin(input_var1(:,:)) [if not already present]
   1315, Generating implicit firstprivate(ngrdcol,nz)
         Generating NVIDIA GPU code
       1316, !$acc loop gang, vector(128) collapse(2) ! blockidx%x threadidx%x
       1317,   ! blockidx%x threadidx%x collapsed
   1317, Generating implicit firstprivate(smth_coef,input_var2)
smooth_min_arrays:
   1372, Generating copyin(input_var1(:,:),input_var2(:,:)) [if not already present]
   1375, Generating implicit firstprivate(ngrdcol,nz)
         Generating NVIDIA GPU code
       1376, !$acc loop gang, vector(128) collapse(2) ! blockidx%x threadidx%x
       1377,   ! blockidx%x threadidx%x collapsed
   1377, Generating implicit firstprivate(smth_coef)
smooth_max_sclr_idx:
   1471, Generating copyin(input_var2(:,:)) [if not already present]
   1474, Generating implicit firstprivate(ngrdcol,nz)
         Generating NVIDIA GPU code
       1475, !$acc loop gang, vector(128) collapse(2) ! blockidx%x threadidx%x
       1476,   ! blockidx%x threadidx%x collapsed
   1476, Generating implicit firstprivate(smth_coef,input_var1)
smooth_max_array_scalar:
   1531, Generating copyin(input_var1(:,:)) [if not already present]
   1534, Generating implicit firstprivate(ngrdcol,nz)
         Generating NVIDIA GPU code
       1535, !$acc loop gang, vector(128) collapse(2) ! blockidx%x threadidx%x
       1536,   ! blockidx%x threadidx%x collapsed
   1536, Generating implicit firstprivate(smth_coef,input_var2)
smooth_max_array_1d_scalar:
   1590, Generating copyin(input_var1(:)) [if not already present]
   1593, Generating implicit firstprivate(ngrdcol)
         Generating NVIDIA GPU code
       1594, !$acc loop gang, vector(128) ! blockidx%x threadidx%x
   1594, Generating implicit firstprivate(smth_coef,input_var2)
xpyp_term_ta_pdf_lhs:
    370, Generating copyin(coef_wpxpyp_implicit_zm(:,:),gr%invrs_dzt(:,:),gr,gr%invrs_dzm(:,:),rho_ds_zm(:,:),gr%weights_zm2zt(:,:,:),rho_ds_zt(:,:),sgn_turbulent_vel(:,:),coef_wpxpyp_implicit(:,:)) [if not already present]
         Generating copyout(lhs_ta(:,:,:)) [if not already present]
         Generating copyin(invrs_rho_ds_zm(:,:)) [if not already present]
    377, Generating implicit firstprivate(ngrdcol)
         Generating NVIDIA GPU code
        378, !$acc loop gang, vector(128) collapse(2) ! blockidx%x threadidx%x
        379,   ! blockidx%x threadidx%x collapsed
    388, Generating implicit firstprivate(nz,ngrdcol)
         Generating NVIDIA GPU code
        389, !$acc loop gang, vector(128) collapse(2) ! blockidx%x threadidx%x
        390,   ! blockidx%x threadidx%x collapsed
    419, Generating implicit firstprivate(nz,ngrdcol)
         Generating NVIDIA GPU code
        420, !$acc loop gang, vector(128) collapse(2) ! blockidx%x threadidx%x
        421,   ! blockidx%x threadidx%x collapsed
    466, Generating implicit firstprivate(ngrdcol)
         Generating NVIDIA GPU code
        467, !$acc loop gang, vector(128) collapse(2) ! blockidx%x threadidx%x
        468,   ! blockidx%x threadidx%x collapsed
    468, Generating implicit firstprivate(nz)
smooth_max_arrays:
   1648, Generating copyin(input_var1(:,:),input_var2(:,:)) [if not already present]
   1651, Generating implicit firstprivate(ngrdcol,nz)
         Generating NVIDIA GPU code
       1652, !$acc loop gang, vector(128) collapse(2) ! blockidx%x threadidx%x
       1653,   ! blockidx%x threadidx%x collapsed
   1653, Generating implicit firstprivate(smth_coef)
smooth_heaviside_peskin:
   1751, Generating copyin(input(:,:)) [if not already present]
   1754, Generating implicit firstprivate(nz,ngrdcol)
         Generating NVIDIA GPU code
       1755, !$acc loop gang, vector(128) collapse(2) ! blockidx%x threadidx%x
       1756,   ! blockidx%x threadidx%x collapsed
   1756, Generating implicit firstprivate(smth_range,input_over_smth_range)
xpyp_term_ta_pdf_lhs_godunov:
    539, Generating copyin(coef_wpxpyp_implicit(:,:),gr,gr%invrs_dzm(:,:)) [if not already present]
         Generating copyout(lhs_ta(:,:,:)) [if not already present]
         Generating copyin(rho_ds_zm(:,:),invrs_rho_ds_zm(:,:)) [if not already present]
    544, Generating implicit firstprivate(ngrdcol)
         Generating NVIDIA GPU code
        545, !$acc loop gang, vector(128) collapse(2) ! blockidx%x threadidx%x
        546,   ! blockidx%x threadidx%x collapsed
    553, Generating implicit firstprivate(ngrdcol,nz)
         Generating NVIDIA GPU code
        554, !$acc loop gang, vector(128) collapse(2) ! blockidx%x threadidx%x
        555,   ! blockidx%x threadidx%x collapsed
    577, Generating implicit firstprivate(ngrdcol)
         Generating NVIDIA GPU code
        578, !$acc loop gang, vector(128) collapse(2) ! blockidx%x threadidx%x
        579,   ! blockidx%x threadidx%x collapsed
    579, Generating implicit firstprivate(nz)
calc_xpwp_2d:
   1862, Generating copyin(gr,gr%invrs_dzm(:,:),km_zm(:,:)) [if not already present]
         Generating copyout(xpwp(:,:)) [if not already present]
         Generating copyin(xm(:,:)) [if not already present]
   1866, Generating implicit firstprivate(ngrdcol,nz)
         Generating NVIDIA GPU code
       1867, !$acc loop gang, vector(128) collapse(2) ! blockidx%x threadidx%x
       1868,   ! blockidx%x threadidx%x collapsed
xpyp_term_ta_pdf_rhs:
    888, Generating copyin(gr,gr%invrs_dzm(:,:),sgn_turbulent_vel(:,:),rho_ds_zm(:,:),gr%invrs_dzt(:,:)) [if not already present]
         Generating copyout(rhs_ta(:,:)) [if not already present]
         Generating copyin(term_wpxpyp_explicit_zm(:,:),term_wpxpyp_explicit(:,:),invrs_rho_ds_zm(:,:),rho_ds_zt(:,:)) [if not already present]
    895, Generating implicit firstprivate(ngrdcol)
         Generating NVIDIA GPU code
        896, !$acc loop gang, vector(128) ! blockidx%x threadidx%x
    904, Generating implicit firstprivate(ngrdcol,nz)
         Generating NVIDIA GPU code
        905, !$acc loop gang, vector(128) collapse(2) ! blockidx%x threadidx%x
        906,   ! blockidx%x threadidx%x collapsed
    919, Generating implicit firstprivate(nz,ngrdcol)
         Generating NVIDIA GPU code
        920, !$acc loop gang, vector(128) collapse(2) ! blockidx%x threadidx%x
        921,   ! blockidx%x threadidx%x collapsed
    950, Generating implicit firstprivate(ngrdcol)
         Generating NVIDIA GPU code
        951, !$acc loop gang, vector(128) ! blockidx%x threadidx%x
    951, Generating implicit firstprivate(nz)
xpyp_term_ta_pdf_rhs_godunov:
   1015, Generating copyin(gr,sgn_turbulent_vel(:,:),term_wpxpyp_explicit_zm(:,:),gr%invrs_dzm(:,:)) [if not already present]
         Generating copyout(rhs_ta(:,:)) [if not already present]
         Generating copyin(invrs_rho_ds_zm(:,:),rho_ds_zm(:,:)) [if not already present]
   1021, Generating implicit firstprivate(ngrdcol)
         Generating NVIDIA GPU code
       1022, !$acc loop gang, vector(128) ! blockidx%x threadidx%x
   1027, Generating implicit firstprivate(nz,ngrdcol)
         Generating NVIDIA GPU code
       1028, !$acc loop gang, vector(128) collapse(2) ! blockidx%x threadidx%x
       1029,   ! blockidx%x threadidx%x collapsed
   1045, Generating implicit firstprivate(ngrdcol)
         Generating NVIDIA GPU code
       1046, !$acc loop gang, vector(128) ! blockidx%x threadidx%x
   1046, Generating implicit firstprivate(nz)
nvfortran -DNETCDF -DCLUBB_REAL_TYPE=8 -DCLUBB_GPU -DCUDA -DCOAMPS_MICRO -DNR_SP -DSILHS -Dradoffline -Dnooverlap -DCLUBB -I/glade/u/apps/casper/24.12/spack/opt/spack/netcdf/4.9.2/nvhpc/24.11/djgy/include -Mcache_align -O2  -I/glade/u/apps/casper/24.12/spack/opt/spack/netcdf/4.9.2/nvhpc/24.11/djgy/include -Mbackslash -Mstandard -Kieee -acc -Minfo=accel  -c	/glade/u/home/ilinck/clubb_release/compile/../src/CLUBB_core/diffusion.F90
diffusion_zt_lhs:
    306, Generating create(drhokdz_zt(:,:)) [if not already present]
         Generating copyin(gr,gr%invrs_dzm(:,:),invrs_rho_ds_zt(:,:)) [if not already present]
         Generating create(k_zm_nu(:,:)) [if not already present]
         Generating copyin(nu(:),gr%invrs_dzt(:,:)) [if not already present]
         Generating create(lhs_upwind(:,:,:)) [if not already present]
         Generating copyin(k_zt(:,:)) [if not already present]
         Generating copyout(lhs(:,:,:)) [if not already present]
         Generating create(ddzm_rho_k_zm_nu(:,:)) [if not already present]
         Generating copyin(k_zm(:,:)) [if not already present]
         Generating create(rho_k_zm_nu(:,:)) [if not already present]
         Generating copyin(rho_ds_zm(:,:)) [if not already present]
    311, Generating implicit firstprivate(nz,ngrdcol)
         Generating NVIDIA GPU code
        312, !$acc loop gang, vector(128) collapse(2) ! blockidx%x threadidx%x
        313,   ! blockidx%x threadidx%x collapsed
    392, Generating implicit firstprivate(ngrdcol)
         Generating NVIDIA GPU code
        393, !$acc loop gang, vector(128) ! blockidx%x threadidx%x
    408, Generating implicit firstprivate(ngrdcol)
         Generating NVIDIA GPU code
        409, !$acc loop gang, vector(128) ! blockidx%x threadidx%x
    445, Generating implicit firstprivate(ngrdcol,nz)
         Generating NVIDIA GPU code
        446, !$acc loop gang, vector(128) collapse(2) ! blockidx%x threadidx%x
        447,   ! blockidx%x threadidx%x collapsed
    498, Generating implicit firstprivate(ngrdcol)
         Generating NVIDIA GPU code
        499, !$acc loop gang, vector(128) ! blockidx%x threadidx%x
    499, Generating implicit firstprivate(nz)
diffusion_zm_lhs:
    985, Generating create(drhokdz_zm(:,:)) [if not already present]
         Generating copyin(gr%invrs_dzm(:,:),gr,invrs_rho_ds_zm(:,:),k_zm(:,:),nu(:),gr%invrs_dzt(:,:)) [if not already present]
         Generating create(lhs_upwind(:,:,:)) [if not already present]
         Generating copyin(k_zt(:,:)) [if not already present]
         Generating copyout(lhs(:,:,:)) [if not already present]
         Generating create(ddzt_rho_k_zt_nu(:,:),rho_k_zt_nu(:,:)) [if not already present]
         Generating copyin(rho_ds_zt(:,:)) [if not already present]
    990, Generating implicit firstprivate(ngrdcol,nz)
         Generating NVIDIA GPU code
        991, !$acc loop gang, vector(128) collapse(2) ! blockidx%x threadidx%x
        992,   ! blockidx%x threadidx%x collapsed
   1001, Generating implicit firstprivate(nz,ngrdcol)
         Generating NVIDIA GPU code
       1002, !$acc loop gang, vector(128) collapse(2) ! blockidx%x threadidx%x
       1003,   ! blockidx%x threadidx%x collapsed
   1011, Generating implicit firstprivate(ngrdcol)
         Generating NVIDIA GPU code
       1012, !$acc loop gang, vector(128) ! blockidx%x threadidx%x
   1020, Generating implicit firstprivate(ngrdcol,nz)
         Generating NVIDIA GPU code
       1021, !$acc loop gang, vector(128) collapse(2) ! blockidx%x threadidx%x
       1022,   ! blockidx%x threadidx%x collapsed
   1036, Generating implicit firstprivate(ngrdcol)
         Generating NVIDIA GPU code
       1037, !$acc loop gang, vector(128) ! blockidx%x threadidx%x
   1037, Generating implicit firstprivate(nz)
   1052, Generating implicit firstprivate(ngrdcol)
         Generating NVIDIA GPU code
       1053, !$acc loop gang, vector(128) ! blockidx%x threadidx%x
   1089, Generating implicit firstprivate(nz,ngrdcol)
         Generating NVIDIA GPU code
       1090, !$acc loop gang, vector(128) collapse(2) ! blockidx%x threadidx%x
       1091,   ! blockidx%x threadidx%x collapsed
   1143, Generating implicit firstprivate(ngrdcol)
         Generating NVIDIA GPU code
       1144, !$acc loop gang, vector(128) ! blockidx%x threadidx%x
   1144, Generating implicit firstprivate(nz)
nvfortran -DNETCDF -DCLUBB_REAL_TYPE=8 -DCLUBB_GPU -DCUDA -DCOAMPS_MICRO -DNR_SP -DSILHS -Dradoffline -Dnooverlap -DCLUBB -I/glade/u/apps/casper/24.12/spack/opt/spack/netcdf/4.9.2/nvhpc/24.11/djgy/include -Mcache_align -O2  -I/glade/u/apps/casper/24.12/spack/opt/spack/netcdf/4.9.2/nvhpc/24.11/djgy/include -Mbackslash -Mstandard -Kieee -acc -Minfo=accel  -c	/glade/u/home/ilinck/clubb_release/compile/../src/CLUBB_core/pos_definite_module.F90
nvfortran -DNETCDF -DCLUBB_REAL_TYPE=8 -DCLUBB_GPU -DCUDA -DCOAMPS_MICRO -DNR_SP -DSILHS -Dradoffline -Dnooverlap -DCLUBB -I/glade/u/apps/casper/24.12/spack/opt/spack/netcdf/4.9.2/nvhpc/24.11/djgy/include -Mcache_align -O2  -I/glade/u/apps/casper/24.12/spack/opt/spack/netcdf/4.9.2/nvhpc/24.11/djgy/include -Mbackslash -Mstandard -Kieee -acc -Minfo=accel  -c	/glade/u/home/ilinck/clubb_release/compile/../src/CLUBB_core/index_mapping.F90
nvfortran -DNETCDF -DCLUBB_REAL_TYPE=8 -DCLUBB_GPU -DCUDA -DCOAMPS_MICRO -DNR_SP -DSILHS -Dradoffline -Dnooverlap -DCLUBB -I/glade/u/apps/casper/24.12/spack/opt/spack/netcdf/4.9.2/nvhpc/24.11/djgy/include -Mcache_align -O2  -I/glade/u/apps/casper/24.12/spack/opt/spack/netcdf/4.9.2/nvhpc/24.11/djgy/include -Mbackslash -Mstandard -Kieee -acc -Minfo=accel  -c	/glade/u/home/ilinck/clubb_release/compile/../src/CLUBB_core/sfc_varnce_module.F90
calc_sfc_varnce:
    199, Generating enter data create(vsp2_sfc(:),zeta(:),wp2_splat_sfc_correction(:),usp2_sfc(:),vm_sfc_sqd(:),um_sfc_sqd(:),ustar(:),uf(:),depth_pos_wpthlp(:),min_wp2_sfc_val(:))
    206, Generating update self(rtp2(:,:),rtpthlp(:,:),up2(:,:),thlp2(:,:),vp2(:,:),wp2(:,:))
    235, Generating implicit firstprivate(ngrdcol)
         Generating NVIDIA GPU code
        236, !$acc loop gang, vector(128) ! blockidx%x threadidx%x
    235, Generating default present(sfc_elevation(:ngrdcol),wpthlp(:ngrdcol,:),gr%zm(1:ngrdcol,:),depth_pos_wpthlp(:ngrdcol),gr)
    236, Generating implicit firstprivate(k)
    243, Accelerator restriction: induction variable live-out from loop: k
    244, Accelerator restriction: induction variable live-out from loop: k
    245, Accelerator restriction: induction variable live-out from loop: k
    507, Generating implicit firstprivate(ngrdcol)
         Generating NVIDIA GPU code
        508, !$acc loop gang, vector(128) ! blockidx%x threadidx%x
    507, Generating default present(depth_pos_wpthlp(:ngrdcol),upwp_sfc(:ngrdcol),uf(:ngrdcol),vpwp_sfc(:ngrdcol),wpthlp(:ngrdcol,:1))
    508, Generating implicit firstprivate(t0,l_vary_convect_depth,wstar,ustar2)
    534, Generating implicit firstprivate(ngrdcol)
         Generating NVIDIA GPU code
        535, !$acc loop gang, vector(128) ! blockidx%x threadidx%x
    534, Generating default present(a_const(:ngrdcol),wp2(:ngrdcol,:1),vp2(:ngrdcol,:1),up2(:ngrdcol,:1),uf(:ngrdcol),up2_sfc_coef(:ngrdcol))
    548, Generating implicit firstprivate(ngrdcol)
         Generating NVIDIA GPU code
        549, !$acc loop gang, vector(128) ! blockidx%x threadidx%x
    548, Generating default present(wpthlp(:ngrdcol,:1),wprtp_sfc(:ngrdcol),thlp2(:ngrdcol,:1),rtpthlp(:ngrdcol,:1),uf(:ngrdcol),a_const(:ngrdcol),rtp2(:ngrdcol,:1))
    557, Generating implicit firstprivate(ngrdcol)
         Generating NVIDIA GPU code
        558, !$acc loop gang, vector(128) ! blockidx%x threadidx%x
    557, Generating default present(wpthlp(:ngrdcol,:1),wprtp_sfc(:ngrdcol),thlp2(:ngrdcol,:1),rtpthlp(:ngrdcol,:1),uf(:ngrdcol),a_const(:ngrdcol),rtp2(:ngrdcol,:1))
    566, Generating implicit firstprivate(ngrdcol)
         Generating NVIDIA GPU code
        567, !$acc loop gang, vector(128) ! blockidx%x threadidx%x
    566, Generating default present(thlp2(:ngrdcol,:1),rtp2(:ngrdcol,:1))
    578, Generating implicit firstprivate(ngrdcol)
         Generating NVIDIA GPU code
        579, !$acc loop gang, vector(128) ! blockidx%x threadidx%x
    578, Generating default present(wpthlp(:ngrdcol,:1),wprtp_sfc(:ngrdcol),rtp2(:ngrdcol,:1),thlp2(:ngrdcol,:1),min_wp2_sfc_val(:ngrdcol))
    587, Generating implicit firstprivate(ngrdcol)
         Generating NVIDIA GPU code
        588, !$acc loop gang, vector(128) ! blockidx%x threadidx%x
    587, Generating default present(wp2_splat_sfc_correction(:ngrdcol),wp2(:ngrdcol,:1),vp2(:ngrdcol,:1),min_wp2_sfc_val(:ngrdcol),lhs_splat_wp2(:ngrdcol,:1),tau_zm(:ngrdcol,:1),up2(:ngrdcol,:1))
    608, Generating implicit firstprivate(sclr_dim,ngrdcol)
         Generating NVIDIA GPU code
        609, !$acc loop gang, vector(128) collapse(2) ! blockidx%x threadidx%x
        610,   ! blockidx%x threadidx%x collapsed
    608, Generating default present(sclr_idx,a_const(:ngrdcol),wprtp_sfc(:ngrdcol),sclrpthlp(:ngrdcol,:1,:sclr_dim),uf(:ngrdcol),sclrp2(:ngrdcol,:1,:sclr_dim),wpthlp(:ngrdcol,:1),wpsclrp_sfc(:ngrdcol,:sclr_dim),sclrprtp(:ngrdcol,:1,:sclr_dim))
    665, Generating implicit firstprivate(ngrdcol)
         Generating NVIDIA GPU code
        666, !$acc loop gang, vector(128) ! blockidx%x threadidx%x
    665, Generating default present(wp2(:ngrdcol,:1))
    671, Generating implicit firstprivate(ngrdcol)
         Generating NVIDIA GPU code
        672, !$acc loop gang, vector(128) ! blockidx%x threadidx%x
    671, Generating default present(rtpthlp(:ngrdcol,:1),gr,rtp2(:ngrdcol,:1),gr%zm(1:ngrdcol,1),sfc_elevation(:ngrdcol),up2(:ngrdcol,:1),thlp2(:ngrdcol,:1),wp2(:ngrdcol,:1),vp2(:ngrdcol,:1))
    690, Generating implicit firstprivate(sclr_dim,ngrdcol)
         Generating NVIDIA GPU code
        691, !$acc loop gang, vector(128) collapse(2) ! blockidx%x threadidx%x
        692,   ! blockidx%x threadidx%x collapsed
    690, Generating default present(gr%zm(1:ngrdcol,1),sclrp2(:ngrdcol,:1,:sclr_dim),sclrprtp(:ngrdcol,:1,:sclr_dim),gr,sfc_elevation(:ngrdcol),sclrpthlp(:ngrdcol,:1,:sclr_dim))
    707, Generating update self(rtp2(:,:),rtpthlp(:,:),up2(:,:),thlp2(:,:),wp2(:,:),vp2(:,:))
    738, Generating update self(wp2(:,:),wprtp_sfc(:),vp2(:,:),up2(:,:),rtp2(:,:),rtpthlp(:,:),upwp_sfc(:),thlp2(:,:),vpwp_sfc(:),wpthlp(:,:))
    741, Generating update self(sclrpthlp(:,:,:),sclrprtp(:,:,:),sclrp2(:,:,:))
    782, Generating exit data delete(vsp2_sfc(:),zeta(:),wp2_splat_sfc_correction(:),usp2_sfc(:),vm_sfc_sqd(:),um_sfc_sqd(:),ustar(:),uf(:),depth_pos_wpthlp(:),min_wp2_sfc_val(:))
nvfortran -DNETCDF -DCLUBB_REAL_TYPE=8 -DCLUBB_GPU -DCUDA -DCOAMPS_MICRO -DNR_SP -DSILHS -Dradoffline -Dnooverlap -DCLUBB -I/glade/u/apps/casper/24.12/spack/opt/spack/netcdf/4.9.2/nvhpc/24.11/djgy/include -Mcache_align -O2  -I/glade/u/apps/casper/24.12/spack/opt/spack/netcdf/4.9.2/nvhpc/24.11/djgy/include -Mbackslash -Mstandard -Kieee -acc -Minfo=accel  -c	/glade/u/home/ilinck/clubb_release/compile/../src/CLUBB_core/mixing_length.F90
compute_mixing_length:
    245, Generating enter data create(thv_par_1(:,:),thl_par_j_precalc(:,:),lv_coef(:,:),rt_par_j_precalc(:,:),cape_incr_1(:,:),s_par_1(:,:),rc_par_1(:,:),rsatl_par_1(:,:),tl_par_1(:,:),tke_i(:,:),rt_par_1(:,:),thl_par_1(:,:),dcape_dz_1(:,:),invrs_dzm_on_mu(:,:),exp_mu_dzm(:,:),grav_on_thvm(:,:),entrain_coef(:,:))
    250, Generating implicit firstprivate(ngrdcol)
         Generating NVIDIA GPU code
        251, !$acc loop gang, vector(128) ! blockidx%x threadidx%x
    250, Generating default present(mu(:ngrdcol))
    251, Generating implicit firstprivate(err_code)
    268, Generating implicit firstprivate(nz,ngrdcol)
         Generating NVIDIA GPU code
        269, !$acc loop gang, vector(128) collapse(2) ! blockidx%x threadidx%x
        270,   ! blockidx%x threadidx%x collapsed
    268, Generating default present(lscale_up(:ngrdcol,:nz),mu(:ngrdcol),entrain_coef(:ngrdcol,:nz),gr%invrs_dzm(1:ngrdcol,1:nz),thvm(:ngrdcol,:nz),thv_ds(:ngrdcol,:nz),grav_on_thvm(:ngrdcol,:nz),exp_mu_dzm(:ngrdcol,:nz),gr%dzm(1:ngrdcol,1:nz),exner(:ngrdcol,:nz),gr,lv_coef(:ngrdcol,:nz),invrs_dzm_on_mu(:ngrdcol,:nz),lscale_down(:ngrdcol,:nz))
    287, Generating implicit firstprivate(ngrdcol)
         Generating NVIDIA GPU code
        288, !$acc loop gang, vector(128) ! blockidx%x threadidx%x
    287, Generating default present(lscale_up(:ngrdcol,:1),lscale_down(:ngrdcol,:1))
    307, Generating implicit firstprivate(nz,ngrdcol)
         Generating NVIDIA GPU code
        308, !$acc loop gang, vector(128) collapse(2) ! blockidx%x threadidx%x
        309,   ! blockidx%x threadidx%x collapsed
    307, Generating default present(exp_mu_dzm(:ngrdcol,:nz-2),rt_par_j_precalc(:ngrdcol,2:nz-1),rtm(:ngrdcol,:nz-1),entrain_coef(:ngrdcol,:nz-2),thlm(:ngrdcol,:nz-1),thl_par_j_precalc(:ngrdcol,2:nz-1))
    329, Generating implicit firstprivate(ngrdcol,nz)
         Generating NVIDIA GPU code
        330, !$acc loop gang, vector(128) collapse(2) ! blockidx%x threadidx%x
        331,   ! blockidx%x threadidx%x collapsed
    329, Generating default present(exner(:ngrdcol,3:nz),rt_par_1(:ngrdcol,3:nz),tl_par_1(:ngrdcol,3:nz),thlm(:ngrdcol,2:nz),entrain_coef(:ngrdcol,2:nz-1),rtm(:ngrdcol,2:nz),thl_par_1(:ngrdcol,3:nz))
    356, Generating implicit firstprivate(nz,ngrdcol)
         Generating NVIDIA GPU code
        357, !$acc loop gang, vector(128) ! blockidx%x threadidx%x
        358, !$acc loop seq
        393, !$acc loop seq
    356, Generating default present(exp_mu_dzm(:ngrdcol,:),gr,cape_incr_1(:ngrdcol,3:nz),gr%zt(1:ngrdcol,:),thv_par_1(:ngrdcol,3:nz),thv_ds(:ngrdcol,:),thl_par_j_precalc(:ngrdcol,:),s_par_1(:ngrdcol,3:nz),lscale_up(:ngrdcol,2:nz-2),p_in_pa(:,:),rt_par_j_precalc(:ngrdcol,:),rc_par_1(:ngrdcol,3:nz),rsatl_par_1(:ngrdcol,3:nz),tl_par_1(:ngrdcol,3:nz),tke_i(:ngrdcol,2:nz-2),gr%dzm(1:ngrdcol,:),exner(:ngrdcol,:),thl_par_1(:ngrdcol,3:nz),rt_par_1(:ngrdcol,3:nz),dcape_dz_1(:ngrdcol,3:nz),lv_coef(:ngrdcol,:),thvm(:ngrdcol,:),grav_on_thvm(:ngrdcol,:),gr%invrs_dzm(1:ngrdcol,:))
    357, Scalar last value needed after loop for dcape_dz_j at line 739,746,759,757
         Generating implicit firstprivate(lscale_up_max_alt)
    358, Loop is parallelizable
         Generating implicit firstprivate(tl_par_j_sqd)
    393, Loop carried scalar dependence for dcape_dz_j at line 511
         Loop carried scalar dependence for lscale_up_max_alt at line 539,535
         Loop carried dependence of p_in_pa prevents parallelization
         Loop carried backward dependence of p_in_pa prevents vectorization
         Loop carried scalar dependence for dcape_dz_j at line 494,509,501
         Scalar last value needed after loop for dcape_dz_j at line 739,746,759,757
         Loop carried scalar dependence for lscale_up_max_alt at line 539
         Generating implicit firstprivate(tke,thl_par_j,rt_par_j,j,dcape_dz_j,dcape_dz_j_minus_1,invrs_dcape_diff)
         Loop carried scalar dependence for dcape_dz_j at line 511
         Loop carried scalar dependence for lscale_up_max_alt at line 535
         Loop carried backward dependence of p_in_pa prevents vectorization
         Loop carried scalar dependence for dcape_dz_j at line 494,501
    415, Loop carried scalar dependence for thl_par_j at line 426
         Scalar last value needed after loop for dcape_dz_j at line 739,746,759,757
         Loop carried scalar dependence for rt_par_j at line 433
         Loop carried scalar dependence for dcape_dz_j_minus_1 at line 467
         Loop carried scalar dependence for tke at line 478,470
         Generating implicit firstprivate(tl_par_j,thv_par_j,s_par_j,rc_par_j,rsatl_par_j,j,saturation_formula,cape_incr)
         Loop carried scalar dependence for thl_par_j at line 426
         Loop carried scalar dependence for rt_par_j at line 433
         Loop carried scalar dependence for dcape_dz_j_minus_1 at line 467
         Loop carried scalar dependence for tke at line 478,470
    426, Accelerator restriction: induction variable live-out from loop: j
    433, Accelerator restriction: induction variable live-out from loop: j
    440, Accelerator restriction: induction variable live-out from loop: j
    442, Accelerator restriction: induction variable live-out from loop: j
         Reference argument passing prevents parallelization: tl_par_j
    459, Accelerator restriction: induction variable live-out from loop: j
    463, Accelerator restriction: induction variable live-out from loop: j
    467, Accelerator restriction: induction variable live-out from loop: j
    479, Accelerator restriction: induction variable live-out from loop: j
    481, Accelerator restriction: induction variable live-out from loop: j
    556, Generating implicit firstprivate(nz,ngrdcol)
         Generating NVIDIA GPU code
        557, !$acc loop gang, vector(128) collapse(2) ! blockidx%x threadidx%x
        558,   ! blockidx%x threadidx%x collapsed
    556, Generating default present(exp_mu_dzm(:ngrdcol,2:nz-1),rt_par_j_precalc(:ngrdcol,2:nz-1),rtm(:ngrdcol,2:nz),entrain_coef(:ngrdcol,2:nz-1),thlm(:ngrdcol,2:nz),thl_par_j_precalc(:ngrdcol,2:nz-1))
    578, Generating implicit firstprivate(nz,ngrdcol)
         Generating NVIDIA GPU code
        579, !$acc loop gang, vector(128) collapse(2) ! blockidx%x threadidx%x
        580,   ! blockidx%x threadidx%x collapsed
    578, Generating default present(exner(:ngrdcol,2:nz-1),rt_par_1(:ngrdcol,2:nz-1),tl_par_1(:ngrdcol,2:nz-1),thlm(:ngrdcol,2:nz),entrain_coef(:ngrdcol,2:nz-1),rtm(:ngrdcol,2:nz),thl_par_1(:ngrdcol,2:nz-1))
    604, Generating implicit firstprivate(ngrdcol,nz)
         Generating NVIDIA GPU code
        605, !$acc loop gang, vector(128) ! blockidx%x threadidx%x
        606, !$acc loop seq
        640, !$acc loop seq
    604, Generating default present(exp_mu_dzm(:ngrdcol,:),gr,cape_incr_1(:ngrdcol,2:nz-1),gr%zt(1:ngrdcol,:),thv_par_1(:ngrdcol,2:nz-1),thv_ds(:ngrdcol,:),thl_par_j_precalc(:ngrdcol,:),s_par_1(:ngrdcol,2:nz-1),lscale_down(:ngrdcol,3:nz),p_in_pa(:,:),rt_par_j_precalc(:ngrdcol,:),rc_par_1(:ngrdcol,2:nz-1),rsatl_par_1(:ngrdcol,2:nz-1),tl_par_1(:ngrdcol,2:nz-1),tke_i(:ngrdcol,3:nz),gr%invrs_dzm(1:ngrdcol,:),gr%dzm(1:ngrdcol,:),thl_par_1(:ngrdcol,2:nz-1),exner(:ngrdcol,:),rt_par_1(:ngrdcol,2:nz-1),dcape_dz_1(:ngrdcol,2:nz-1),lv_coef(:ngrdcol,:),thvm(:ngrdcol,:),grav_on_thvm(:ngrdcol,:))
    605, Generating implicit firstprivate(lscale_down_min_alt)
    606, Loop is parallelizable
         Generating implicit firstprivate(tl_par_j_sqd)
    640, Loop carried scalar dependence for dcape_dz_j at line 759
         Loop carried scalar dependence for lscale_down_min_alt at line 783,782
         Loop carried dependence of p_in_pa prevents parallelization
         Loop carried backward dependence of p_in_pa prevents vectorization
         Loop carried scalar dependence for dcape_dz_j at line 739,746,757
         Loop carried scalar dependence for lscale_down_min_alt at line 783
         Generating implicit firstprivate(tke,thl_par_j,rt_par_j,j,dcape_dz_j,dcape_dz_j_plus_1,invrs_dcape_diff)
         Loop carried scalar dependence for dcape_dz_j at line 759
         Loop carried scalar dependence for lscale_down_min_alt at line 782
         Loop carried dependence of p_in_pa prevents parallelization
         Loop carried backward dependence of p_in_pa prevents vectorization
         Loop carried scalar dependence for dcape_dz_j at line 739,746,757
    662, Loop carried scalar dependence for thl_par_j at line 673
         Scalar last value needed after loop for dcape_dz_j_plus_1 at line 739
         Scalar last value needed after loop for tke at line 746
         Scalar last value needed after loop for dcape_dz_j_plus_1 at line 757
         Loop carried scalar dependence for rt_par_j at line 680
         Scalar last value needed after loop for dcape_dz_j at line 739,757,759
         Loop carried scalar dependence for dcape_dz_j_plus_1 at line 713
         Loop carried scalar dependence for tke at line 724,716
         Scalar last value needed after loop for dcape_dz_j at line 746
         Scalar last value needed after loop for tke at line 759
         Scalar last value needed after loop for dcape_dz_j_plus_1 at line 759
         Generating implicit firstprivate(tl_par_j,thv_par_j,s_par_j,rc_par_j,rsatl_par_j,j,saturation_formula,cape_incr)
         Loop carried scalar dependence for thl_par_j at line 673
         Scalar last value needed after loop for dcape_dz_j_plus_1 at line 739
         Scalar last value needed after loop for tke at line 746
         Scalar last value needed after loop for dcape_dz_j_plus_1 at line 757
         Loop carried scalar dependence for rt_par_j at line 680
         Scalar last value needed after loop for dcape_dz_j at line 739,757,759
         Loop carried scalar dependence for dcape_dz_j_plus_1 at line 713
         Loop carried scalar dependence for tke at line 724,716
         Scalar last value needed after loop for dcape_dz_j at line 746
         Scalar last value needed after loop for tke at line 759
         Scalar last value needed after loop for dcape_dz_j_plus_1 at line 759
    673, Accelerator restriction: induction variable live-out from loop: j
    680, Accelerator restriction: induction variable live-out from loop: j
    687, Accelerator restriction: induction variable live-out from loop: j
    689, Accelerator restriction: induction variable live-out from loop: j
         Reference argument passing prevents parallelization: tl_par_j
    706, Accelerator restriction: induction variable live-out from loop: j
    709, Accelerator restriction: induction variable live-out from loop: j
    713, Accelerator restriction: induction variable live-out from loop: j
    725, Accelerator restriction: induction variable live-out from loop: j
    727, Accelerator restriction: induction variable live-out from loop: j
    794, Generating implicit firstprivate(nz,ngrdcol)
         Generating NVIDIA GPU code
        795, !$acc loop gang, vector(128) ! blockidx%x threadidx%x
        796, !$acc loop seq
        829, !$acc loop seq
    794, Generating default present(gr,gr%zm(1:ngrdcol,1),lscale_up(:ngrdcol,2:nz),lscale_max(:ngrdcol),lscale(:ngrdcol,:),gr%zt(1:ngrdcol,2:nz),lscale_down(:ngrdcol,2:nz))
    796, Loop is parallelizable
         Generating implicit firstprivate(l_implemented,lminh,lmin)
    829, Loop is parallelizable
    837, Generating update self(thlm(:,:),lscale_up(:,:),em(:,:),p_in_pa(:,:),rtm(:,:),thvm(:,:),thv_ds(:,:),lscale(:,:),lscale_down(:,:),exner(:,:))
    868, Generating exit data delete(thv_par_1(:,:),thl_par_j_precalc(:,:),lv_coef(:,:),rt_par_j_precalc(:,:),cape_incr_1(:,:),s_par_1(:,:),rc_par_1(:,:),rsatl_par_1(:,:),tl_par_1(:,:),tke_i(:,:),rt_par_1(:,:),thl_par_1(:,:),dcape_dz_1(:,:),invrs_dzm_on_mu(:,:),exp_mu_dzm(:,:),grav_on_thvm(:,:),entrain_coef(:,:))
calc_lscale_directly:
   1018, Generating enter data create(mu_pert_2(:),mu_pert_neg_rt(:),mu_pert_1(:),lscale_pert_2(:,:),rtm_pert_2(:,:),rtm_pert_neg_rt(:,:),thlm_pert_2(:,:),thlm_pert_neg_rt(:,:),thlm_pert_pos_rt(:,:),rtm_pert_1(:,:),mu_pert_pos_rt(:),thlm_pert_1(:,:),sign_rtpthlp_zt(:,:),lscale_pert_1(:,:),rtm_pert_pos_rt(:,:))
   1193, Generating implicit firstprivate(nz,ngrdcol)
         Generating NVIDIA GPU code
       1194, !$acc loop gang, vector(128) collapse(2) ! blockidx%x threadidx%x
       1195,   ! blockidx%x threadidx%x collapsed
   1193, Generating default present(lscale_pert_2(:ngrdcol,:nz),lscale_pert_1(:ngrdcol,:nz))
   1204, Generating update self(lscale_pert_2(:,:),lscale_pert_1(:,:))
   1259, Generating exit data delete(mu_pert_2(:),mu_pert_neg_rt(:),mu_pert_1(:),lscale_pert_2(:,:),rtm_pert_2(:,:),rtm_pert_neg_rt(:,:),thlm_pert_2(:,:),thlm_pert_pos_rt(:,:),thlm_pert_neg_rt(:,:),rtm_pert_1(:,:),mu_pert_pos_rt(:),thlm_pert_1(:,:),sign_rtpthlp_zt(:,:),lscale_pert_1(:,:),rtm_pert_pos_rt(:,:))
diagnose_lscale_from_tau:
   1504, Generating enter data create(smooth_thlm(:,:),ddzt_um(:,:),ice_supersat_frac_zm(:,:),h_invrs_tau_wpxp_n2(:,:),brunt_freq_pos(:,:),norm_ddzt_umvm(:,:),invrs_tau_shear_smooth(:,:),ddzt_umvm_sqd(:,:),bvf_thresh(:,:),tmp_calc_ngrdcol(:),ddzt_vm(:,:),brunt_vaisala_freq_sqd_smth(:,:),smooth_norm_ddzt_umvm(:,:),brunt_vaisala_freq_clipped(:,:),brunt_freq_out_cloud(:,:),ustar(:))
   1511, Generating enter data create(tmp_calc_min_max(:,:),tmp_calc_max(:,:),tmp_calc(:,:),tau_zt_unclipped(:,:),ddzt_umvm_sqd_clipped(:,:),ri_zm_clipped(:,:),tau_zm_unclipped(:,:),ri_zm_smooth(:,:),em_clipped(:,:))
   1516, Generating implicit firstprivate(ngrdcol)
         Generating NVIDIA GPU code
       1517, !$acc loop gang, vector(128) ! blockidx%x threadidx%x
   1516, Generating default present(sfc_elevation(:ngrdcol),gr%zm(1:ngrdcol,1),clubb_params(:ngrdcol,102),gr)
   1517, Generating implicit firstprivate(err_code)
   1545, Generating implicit firstprivate(ngrdcol)
         Generating NVIDIA GPU code
       1546, !$acc loop gang, vector(128) ! blockidx%x threadidx%x
   1545, Generating default present(upwp_sfc(:ngrdcol),vpwp_sfc(:ngrdcol),tmp_calc_ngrdcol(:ngrdcol))
   1559, Generating implicit firstprivate(ngrdcol)
         Generating NVIDIA GPU code
       1560, !$acc loop gang, vector(128) ! blockidx%x threadidx%x
   1559, Generating default present(ustar(:ngrdcol),tmp_calc_ngrdcol(:ngrdcol))
   1560, Generating implicit firstprivate(ufmin)
   1567, Generating implicit firstprivate(nz,ngrdcol)
         Generating NVIDIA GPU code
       1568, !$acc loop gang, vector(128) collapse(2) ! blockidx%x threadidx%x
       1569,   ! blockidx%x threadidx%x collapsed
   1567, Generating default present(invrs_tau_bkgnd(:ngrdcol,:nz),clubb_params(:ngrdcol,80))
   1569, Generating implicit firstprivate(tau_const)
   1578, Generating implicit firstprivate(ngrdcol,nz)
         Generating NVIDIA GPU code
       1579, !$acc loop gang, vector(128) collapse(2) ! blockidx%x threadidx%x
       1580,   ! blockidx%x threadidx%x collapsed
   1578, Generating default present(ddzt_vm(:ngrdcol,:nz),norm_ddzt_umvm(:ngrdcol,:nz),ddzt_um(:ngrdcol,:nz),ddzt_umvm_sqd(:ngrdcol,:nz))
   1589, Generating implicit firstprivate(nz,ngrdcol)
         Generating NVIDIA GPU code
       1590, !$acc loop gang, vector(128) collapse(2) ! blockidx%x threadidx%x
       1591,   ! blockidx%x threadidx%x collapsed
   1589, Generating default present(clubb_params(:ngrdcol,82),smooth_norm_ddzt_umvm(:ngrdcol,:nz),invrs_tau_shear_smooth(:ngrdcol,:nz))
   1601, Generating implicit firstprivate(nz,ngrdcol)
         Generating NVIDIA GPU code
       1602, !$acc loop gang, vector(128) collapse(2) ! blockidx%x threadidx%x
       1603,   ! blockidx%x threadidx%x collapsed
   1601, Generating default present(gr%zm(1:ngrdcol,1:nz),invrs_tau_sfc(:ngrdcol,:nz),clubb_params(:ngrdcol,81:),gr,ustar(:ngrdcol),sfc_elevation(:ngrdcol))
   1612, Generating implicit firstprivate(nz,ngrdcol)
         Generating NVIDIA GPU code
       1613, !$acc loop gang, vector(128) collapse(2) ! blockidx%x threadidx%x
       1614,   ! blockidx%x threadidx%x collapsed
   1612, Generating default present(invrs_tau_bkgnd(:ngrdcol,:nz),invrs_tau_no_n2_zm(:ngrdcol,:nz),invrs_tau_sfc(:ngrdcol,:nz),invrs_tau_shear(:ngrdcol,:nz))
   1649, Generating implicit firstprivate(ngrdcol,nz)
         Generating NVIDIA GPU code
       1650, !$acc loop gang, vector(128) collapse(2) ! blockidx%x threadidx%x
       1651,   ! blockidx%x threadidx%x collapsed
   1649, Generating default present(brunt_vaisala_freq_sqd_mixed(:ngrdcol,:nz),brunt_vaisala_freq_clipped(:ngrdcol,:nz))
   1666, Generating update self(brunt_vaisala_freq_sqd_smth(:,:))
   1676, Generating implicit firstprivate(nz,ngrdcol)
         Generating NVIDIA GPU code
       1677, !$acc loop gang, vector(128) collapse(2) ! blockidx%x threadidx%x
       1678,   ! blockidx%x threadidx%x collapsed
   1676, Generating default present(ri_zm_clipped(:ngrdcol,:nz),ddzt_umvm_sqd(:ngrdcol,:nz),brunt_vaisala_freq_sqd_smth(:ngrdcol,:nz))
   1707, Generating implicit firstprivate(nz,ngrdcol)
         Generating NVIDIA GPU code
       1708, !$acc loop gang, vector(128) collapse(2) ! blockidx%x threadidx%x
       1709,   ! blockidx%x threadidx%x collapsed
   1707, Generating default present(ri_zm(:ngrdcol,:nz),ddzt_umvm_sqd(:ngrdcol,:nz),brunt_vaisala_freq_sqd_smth(:ngrdcol,:nz))
   1736, Generating implicit firstprivate(nz,ngrdcol)
         Generating NVIDIA GPU code
       1737, !$acc loop gang, vector(128) collapse(2) ! blockidx%x threadidx%x
       1738,   ! blockidx%x threadidx%x collapsed
   1736, Generating default present(brunt_vaisala_freq_sqd_smth(:ngrdcol,:nz),brunt_freq_pos(:ngrdcol,:nz))
   1775, Generating implicit firstprivate(nz,ngrdcol)
         Generating NVIDIA GPU code
       1776, !$acc loop gang, vector(128) collapse(2) ! blockidx%x threadidx%x
       1777,   ! blockidx%x threadidx%x collapsed
   1775, Generating default present(ice_supersat_frac_zm(:ngrdcol,:nz),brunt_freq_pos(:ngrdcol,:nz),brunt_freq_out_cloud(:ngrdcol,:nz))
   1788, Generating implicit firstprivate(nz,ngrdcol)
         Generating NVIDIA GPU code
       1789, !$acc loop gang, vector(128) collapse(2) ! blockidx%x threadidx%x
       1790,   ! blockidx%x threadidx%x collapsed
   1788, Generating default present(clubb_params(:ngrdcol,92),gr%zm(1:ngrdcol,1:nz),gr,brunt_freq_out_cloud(:ngrdcol,:nz))
   1801, Generating update self(brunt_freq_pos(:,:),brunt_freq_out_cloud(:,:))
   1814, Generating implicit firstprivate(nz,ngrdcol)
         Generating NVIDIA GPU code
       1815, !$acc loop gang, vector(128) collapse(2) ! blockidx%x threadidx%x
       1816,   ! blockidx%x threadidx%x collapsed
   1814, Generating default present(invrs_tau_zm(:ngrdcol,:nz),invrs_tau_wp2_zm(:ngrdcol,:nz),invrs_tau_shear(:ngrdcol,:nz),invrs_tau_n2_iso(:ngrdcol,:nz),invrs_tau_bkgnd(:ngrdcol,:nz),clubb_params(:ngrdcol,83:84),invrs_tau_no_n2_zm(:ngrdcol,:nz),brunt_freq_out_cloud(:ngrdcol,:nz),brunt_freq_pos(:ngrdcol,:nz))
   1816, Generating implicit firstprivate(c_invrs_tau_n2_wp2,c_invrs_tau_n2)
   1836, Generating implicit firstprivate(nz,ngrdcol)
         Generating NVIDIA GPU code
       1837, !$acc loop gang, vector(128) collapse(2) ! blockidx%x threadidx%x
       1838,   ! blockidx%x threadidx%x collapsed
   1836, Generating default present(invrs_tau_zm(:ngrdcol,:nz))
   1844, Generating implicit firstprivate(nz,ngrdcol)
         Generating NVIDIA GPU code
       1845, !$acc loop gang, vector(128) collapse(2) ! blockidx%x threadidx%x
       1846,   ! blockidx%x threadidx%x collapsed
   1844, Generating default present(invrs_tau_no_n2_zm(:ngrdcol,:nz),gr%zm(1:ngrdcol,1:nz),sfc_elevation(:ngrdcol),invrs_tau_xp2_zm(:ngrdcol,:nz),em(:ngrdcol,:nz),gr,brunt_freq_pos(:ngrdcol,:nz),clubb_params(:ngrdcol,81:))
   1886, Generating implicit firstprivate(nz,ngrdcol)
         Generating NVIDIA GPU code
       1887, !$acc loop gang, vector(128) collapse(2) ! blockidx%x threadidx%x
       1888,   ! blockidx%x threadidx%x collapsed
   1886, Generating default present(brunt_vaisala_freq_sqd_smth(:ngrdcol,:nz),invrs_tau_xp2_zm(:ngrdcol,:nz),ddzt_umvm_sqd(:ngrdcol,:nz))
   1900, Generating implicit firstprivate(nz,ngrdcol)
         Generating NVIDIA GPU code
       1901, !$acc loop gang, vector(128) collapse(2) ! blockidx%x threadidx%x
       1902,   ! blockidx%x threadidx%x collapsed
   1900, Generating default present(clubb_params(:ngrdcol,86),invrs_tau_zm(:ngrdcol,:nz),invrs_tau_wpxp_zm(:ngrdcol,:nz),brunt_freq_out_cloud(:ngrdcol,:nz))
   1911, Generating implicit firstprivate(nz,ngrdcol)
         Generating NVIDIA GPU code
       1912, !$acc loop gang, vector(128) collapse(2) ! blockidx%x threadidx%x
       1913,   ! blockidx%x threadidx%x collapsed
   1911, Generating default present(invrs_tau_xp2_zm(:ngrdcol,:nz),invrs_tau_no_n2_zm(:ngrdcol,:nz),brunt_freq_out_cloud(:ngrdcol,:nz),clubb_params(:ngrdcol,83:85),brunt_freq_pos(:ngrdcol,:nz))
   1934, Generating implicit firstprivate(ngrdcol,nz)
         Generating NVIDIA GPU code
       1935, !$acc loop gang, vector(128) collapse(2) ! blockidx%x threadidx%x
       1936,   ! blockidx%x threadidx%x collapsed
   1934, Generating default present(invrs_tau_wpxp_zm(:ngrdcol,:nz),invrs_tau_no_n2_zm(:ngrdcol,:nz),brunt_freq_out_cloud(:ngrdcol,:nz),clubb_params(:ngrdcol,83:86),brunt_freq_pos(:ngrdcol,:nz))
   1948, Generating implicit firstprivate(nz,ngrdcol)
         Generating NVIDIA GPU code
       1949, !$acc loop gang, vector(128) collapse(2) ! blockidx%x threadidx%x
       1950,   ! blockidx%x threadidx%x collapsed
   1948, Generating default present(brunt_vaisala_freq_sqd_smth(:ngrdcol,:nz),clubb_params(:ngrdcol,89),bvf_thresh(:ngrdcol,:nz))
   1961, Generating implicit firstprivate(nz,ngrdcol)
         Generating NVIDIA GPU code
       1962, !$acc loop gang, vector(128) collapse(2) ! blockidx%x threadidx%x
       1963,   ! blockidx%x threadidx%x collapsed
   1961, Generating default present(brunt_vaisala_freq_sqd_smth(:ngrdcol,:nz),h_invrs_tau_wpxp_n2(:ngrdcol,:nz),clubb_params(:ngrdcol,89))
   2007, Generating implicit firstprivate(nz,ngrdcol)
         Generating NVIDIA GPU code
       2008, !$acc loop gang, vector(128) collapse(2) ! blockidx%x threadidx%x
       2009,   ! blockidx%x threadidx%x collapsed
   2007, Generating default present(h_invrs_tau_wpxp_n2(:ngrdcol,:nz),gr%zm(1:ngrdcol,1:nz),ri_zm(:ngrdcol,:nz),invrs_tau_wpxp_zm(:ngrdcol,:nz),clubb_params(:ngrdcol,88:101),gr)
   2022, Generating implicit firstprivate(nz,ngrdcol)
         Generating NVIDIA GPU code
       2023, !$acc loop gang, vector(128) collapse(2) ! blockidx%x threadidx%x
       2024,   ! blockidx%x threadidx%x collapsed
   2022, Generating default present(invrs_tau_wp3_zm(:ngrdcol,:nz),invrs_tau_wp2_zm(:ngrdcol,:nz),clubb_params(:ngrdcol,87),brunt_freq_out_cloud(:ngrdcol,:nz))
   2048, Generating implicit firstprivate(nz,ngrdcol)
         Generating NVIDIA GPU code
       2049, !$acc loop gang, vector(128) collapse(2) ! blockidx%x threadidx%x
       2050,   ! blockidx%x threadidx%x collapsed
   2048, Generating default present(sqrt_em_zt(:ngrdcol,:nz),tau_max_zt(:ngrdcol,:nz),tau_max_zm(:ngrdcol,:nz),lscale_max(:ngrdcol),em(:ngrdcol,:nz))
   2078, Generating implicit firstprivate(nz,ngrdcol)
         Generating NVIDIA GPU code
       2079, !$acc loop gang, vector(128) collapse(2) ! blockidx%x threadidx%x
       2080,   ! blockidx%x threadidx%x collapsed
   2078, Generating default present(tau_zm(:ngrdcol,:nz),tau_max_zm(:ngrdcol,:nz),invrs_tau_zm(:ngrdcol,:nz))
   2088, Generating implicit firstprivate(nz,ngrdcol)
         Generating NVIDIA GPU code
       2089, !$acc loop gang, vector(128) collapse(2) ! blockidx%x threadidx%x
       2090,   ! blockidx%x threadidx%x collapsed
   2088, Generating default present(tau_zt(:ngrdcol,:nz),tau_max_zt(:ngrdcol,:nz))
   2101, Generating implicit firstprivate(nz,ngrdcol)
         Generating NVIDIA GPU code
       2102, !$acc loop gang, vector(128) collapse(2) ! blockidx%x threadidx%x
       2103,   ! blockidx%x threadidx%x collapsed
   2101, Generating default present(lscale(:ngrdcol,:nz),lscale_down(:ngrdcol,:nz),tau_zt(:ngrdcol,:nz),sqrt_em_zt(:ngrdcol,:nz),lscale_up(:ngrdcol,:nz))
   2116, Generating exit data delete(smooth_thlm(:,:),ddzt_um(:,:),ice_supersat_frac_zm(:,:),h_invrs_tau_wpxp_n2(:,:),brunt_freq_pos(:,:),norm_ddzt_umvm(:,:),invrs_tau_shear_smooth(:,:),ddzt_umvm_sqd(:,:),bvf_thresh(:,:),tmp_calc_ngrdcol(:),ddzt_vm(:,:),brunt_vaisala_freq_sqd_smth(:,:),smooth_norm_ddzt_umvm(:,:),brunt_vaisala_freq_clipped(:,:),brunt_freq_out_cloud(:,:),ustar(:))
   2123, Generating exit data delete(tmp_calc_min_max(:,:),tmp_calc_max(:,:),tmp_calc(:,:),tau_zt_unclipped(:,:),ddzt_umvm_sqd_clipped(:,:),ri_zm_clipped(:,:),tau_zm_unclipped(:,:),ri_zm_smooth(:,:),em_clipped(:,:))
nvfortran -DNETCDF -DCLUBB_REAL_TYPE=8 -DCLUBB_GPU -DCUDA -DCOAMPS_MICRO -DNR_SP -DSILHS -Dradoffline -Dnooverlap -DCLUBB -I/glade/u/apps/casper/24.12/spack/opt/spack/netcdf/4.9.2/nvhpc/24.11/djgy/include -Mcache_align -O2  -I/glade/u/apps/casper/24.12/spack/opt/spack/netcdf/4.9.2/nvhpc/24.11/djgy/include -Mbackslash -Mstandard -Kieee -acc -Minfo=accel  -c	/glade/u/home/ilinck/clubb_release/compile/../src/CLUBB_core/advance_xp3_module.F90
nvfortran -DNETCDF -DCLUBB_REAL_TYPE=8 -DCLUBB_GPU -DCUDA -DCOAMPS_MICRO -DNR_SP -DSILHS -Dradoffline -Dnooverlap -DCLUBB -I/glade/u/apps/casper/24.12/spack/opt/spack/netcdf/4.9.2/nvhpc/24.11/djgy/include -Mcache_align -O2  -I/glade/u/apps/casper/24.12/spack/opt/spack/netcdf/4.9.2/nvhpc/24.11/djgy/include -Mbackslash -Mstandard -Kieee -acc -Minfo=accel  -c	/glade/u/home/ilinck/clubb_release/compile/../src/CLUBB_core/calc_pressure.F90
calculate_thvm:
    236, Generating copyin(rtm(:,:),rcm(:,:),exner(:,:),thlm(:,:)) [if not already present]
         Generating copyout(thvm(:,:)) [if not already present]
         Generating copyin(thv_ds_zt(:,:)) [if not already present]
    240, Generating implicit firstprivate(nz,ngrdcol)
         Generating NVIDIA GPU code
        241, !$acc loop gang, vector(128) collapse(2) ! blockidx%x threadidx%x
        242,   ! blockidx%x threadidx%x collapsed
nvfortran -DNETCDF -DCLUBB_REAL_TYPE=8 -DCLUBB_GPU -DCUDA -DCOAMPS_MICRO -DNR_SP -DSILHS -Dradoffline -Dnooverlap -DCLUBB -I/glade/u/apps/casper/24.12/spack/opt/spack/netcdf/4.9.2/nvhpc/24.11/djgy/include -Mcache_align -O2  -I/glade/u/apps/casper/24.12/spack/opt/spack/netcdf/4.9.2/nvhpc/24.11/djgy/include -Mbackslash -Mstandard -Kieee -acc -Minfo=accel  -c	/glade/u/home/ilinck/clubb_release/compile/../src/CLUBB_core/Skx_module.F90
skx_func:
     73, Generating create(skx_denom_tol(:)) [if not already present]
         Generating copyin(xp2(:,:),xp3(:,:)) [if not already present]
         Generating copyout(skx(:,:)) [if not already present]
         Generating copyin(clubb_params(:,:)) [if not already present]
     77, Generating implicit firstprivate(ngrdcol)
         Generating NVIDIA GPU code
         78, !$acc loop gang, vector(128) ! blockidx%x threadidx%x
     78, Generating implicit firstprivate(x_tol)
     86, Generating implicit firstprivate(nz,ngrdcol)
         Generating NVIDIA GPU code
         87, !$acc loop gang, vector(128) collapse(2) ! blockidx%x threadidx%x
         88,   ! blockidx%x threadidx%x collapsed
lg_2005_ansatz:
    172, Generating implicit firstprivate(ngrdcol,nz)
         Generating NVIDIA GPU code
        173, !$acc loop gang, vector(128) collapse(2) ! blockidx%x threadidx%x
        174,   ! blockidx%x threadidx%x collapsed
    172, Generating default present(skw(:ngrdcol,:nz),sigma_sqd_w(:ngrdcol,:nz),beta(:ngrdcol),skx(:ngrdcol,:nz),wpxp(:ngrdcol,:nz),xp2(:ngrdcol,:nz),wp2(:ngrdcol,:nz))
    174, Generating implicit firstprivate(x_tol,nrmlzd_skw,nrmlzd_corr_wx)
xp3_lg_2005_ansatz:
    251, Generating copyin(sigma_sqd_w_zt(:,:),wp2_zt(:,:)) [if not already present]
         Generating create(skx_zt(:,:)) [if not already present]
         Generating copyin(wpxp_zt(:,:)) [if not already present]
         Generating create(skx_denom_tol(:)) [if not already present]
         Generating copyin(skw_zt(:,:),xp2_zt(:,:)) [if not already present]
         Generating copyout(xp3(:,:)) [if not already present]
    260, Generating implicit firstprivate(ngrdcol)
         Generating NVIDIA GPU code
        261, !$acc loop gang, vector(128) ! blockidx%x threadidx%x
    260, Generating default present(clubb_params(:ngrdcol,73))
    261, Generating implicit firstprivate(x_tol)
    268, Generating implicit firstprivate(nz,ngrdcol)
         Generating NVIDIA GPU code
        269, !$acc loop gang, vector(128) collapse(2) ! blockidx%x threadidx%x
        270,   ! blockidx%x threadidx%x collapsed
nvfortran -DNETCDF -DCLUBB_REAL_TYPE=8 -DCLUBB_GPU -DCUDA -DCOAMPS_MICRO -DNR_SP -DSILHS -Dradoffline -Dnooverlap -DCLUBB -I/glade/u/apps/casper/24.12/spack/opt/spack/netcdf/4.9.2/nvhpc/24.11/djgy/include -Mcache_align -O2  -I/glade/u/apps/casper/24.12/spack/opt/spack/netcdf/4.9.2/nvhpc/24.11/djgy/include -Mbackslash -Mstandard -Kieee -acc -Minfo=accel  -c	/glade/u/home/ilinck/clubb_release/compile/../src/CLUBB_core/output_netcdf.F90
nvfortran -DNETCDF -DCLUBB_REAL_TYPE=8 -DCLUBB_GPU -DCUDA -DCOAMPS_MICRO -DNR_SP -DSILHS -Dradoffline -Dnooverlap -DCLUBB -I/glade/u/apps/casper/24.12/spack/opt/spack/netcdf/4.9.2/nvhpc/24.11/djgy/include -Mcache_align -O2  -I/glade/u/apps/casper/24.12/spack/opt/spack/netcdf/4.9.2/nvhpc/24.11/djgy/include -Mbackslash -Mstandard -Kieee -acc -Minfo=accel  -c	/glade/u/home/ilinck/clubb_release/compile/../src/CLUBB_core/adg1_adg2_3d_luhar_pdf.F90
adg1_pdf_driver:
    152, Generating enter data create(w_1_n(:,:),w_2_n(:,:))
    209, Generating exit data delete(w_2_n(:,:),w_1_n(:,:))
adg1_w_closure:
    663, Generating implicit firstprivate(ngrdcol,nz)
         Generating NVIDIA GPU code
        664, !$acc loop gang, vector(128) collapse(2) ! blockidx%x threadidx%x
        665,   ! blockidx%x threadidx%x collapsed
    663, Generating default present(wp2(:ngrdcol,:nz),wm(:ngrdcol,:nz),sigma_sqd_w(:ngrdcol,:nz),mixt_frac(:ngrdcol,:nz),w_1(:ngrdcol,:nz),w_2(:ngrdcol,:nz),skw(:ngrdcol,:nz),w_2_n(:ngrdcol,:nz),varnce_w_2(:ngrdcol,:nz),w_1_n(:ngrdcol,:nz),sqrt_wp2(:ngrdcol,:nz),varnce_w_1(:ngrdcol,:nz))
    665, Generating implicit firstprivate(mixt_frac_max_mag)
adg1_adg2_responder_params:
   1118, Generating implicit firstprivate(ngrdcol,nz)
         Generating NVIDIA GPU code
       1119, !$acc loop gang, vector(128) collapse(2) ! blockidx%x threadidx%x
       1120,   ! blockidx%x threadidx%x collapsed
   1118, Generating default present(wp2(:ngrdcol,:nz),w_1_n(:ngrdcol,:nz),sigma_sqd_w(:ngrdcol,:nz),varnce_x_2(:ngrdcol,:nz),mixt_frac(:ngrdcol,:nz),alpha_x(:ngrdcol,:nz),beta(:ngrdcol),w_2_n(:ngrdcol,:nz),xm(:ngrdcol,:nz),xp2(:ngrdcol,:nz),x_2(:ngrdcol,:nz),wpxp(:ngrdcol,:nz),x_1(:ngrdcol,:nz),sqrt_wp2(:ngrdcol,:nz),varnce_x_1(:ngrdcol,:nz))
   1120, Generating implicit firstprivate(x_tol,width_factor_1)
nvfortran -DNETCDF -DCLUBB_REAL_TYPE=8 -DCLUBB_GPU -DCUDA -DCOAMPS_MICRO -DNR_SP -DSILHS -Dradoffline -Dnooverlap -DCLUBB -I/glade/u/apps/casper/24.12/spack/opt/spack/netcdf/4.9.2/nvhpc/24.11/djgy/include -Mcache_align -O2  -I/glade/u/apps/casper/24.12/spack/opt/spack/netcdf/4.9.2/nvhpc/24.11/djgy/include -Mbackslash -Mstandard -Kieee -acc -Minfo=accel  -c	/glade/u/home/ilinck/clubb_release/compile/../src/CLUBB_core/mono_flux_limiter.F90
monotonic_turbulent_flux_limit:
    450, Generating enter data create(xm_enter_mfl(:,:),min_x_allowable_lev(:,:),l_adjustment_needed(:),wpxp_mfl_max(:,:),rhs_mfl_xm(:,:),lhs_mfl_xm(:,:,:),max_x_allowable_lev(:,:),max_x_allowable(:,:),min_x_allowable(:,:),wpxp_mfl_min(:,:),xm_mfl(:,:),wpxp_net_adjust(:,:),xp2_zt(:,:),xm_without_ta(:,:))
    480, Generating update self(wpxp(:,:),xm(:,:))
    491, Generating update self(xm_old(:,:),xm(:,:),wpxp(:,:))
    505, Generating update self(xm(:,:),xm_old(:,:),wpxp(:,:))
    521, Generating implicit firstprivate(nz,ngrdcol)
         Generating NVIDIA GPU code
        522, !$acc loop gang, vector(128) collapse(2) ! blockidx%x threadidx%x
        523,   ! blockidx%x threadidx%x collapsed
    521, Generating default present(xm_enter_mfl(:ngrdcol,:nz),xm(:ngrdcol,:nz),wpxp_net_adjust(:ngrdcol,:nz))
    542, Generating implicit firstprivate(nz,ngrdcol)
         Generating NVIDIA GPU code
        543, !$acc loop gang, vector(128) collapse(2) ! blockidx%x threadidx%x
        544,   ! blockidx%x threadidx%x collapsed
    542, Generating default present(xp2_zt(:ngrdcol,:nz))
    544, Generating implicit firstprivate(xp2_threshold,max_xp2)
    554, Generating implicit firstprivate(nz,ngrdcol)
         Generating NVIDIA GPU code
        555, !$acc loop gang, vector(128) collapse(2) ! blockidx%x threadidx%x
        556,   ! blockidx%x threadidx%x collapsed
    554, Generating default present(xp2_zt(:ngrdcol,2:nz),xm_without_ta(:ngrdcol,2:nz),min_x_allowable_lev(:ngrdcol,2:nz),xm_forcing(:ngrdcol,2:nz),xm_old(:ngrdcol,2:nz),max_x_allowable_lev(:ngrdcol,2:nz))
    556, Generating implicit firstprivate(xm_tol,solve_type,dt,max_dev)
    612, Generating implicit firstprivate(ngrdcol)
         Generating NVIDIA GPU code
        613, !$acc loop gang, vector(128) ! blockidx%x threadidx%x
    612, Generating default present(min_x_allowable_lev(:ngrdcol,:2),xm_without_ta(:ngrdcol,:1),xm(:ngrdcol,:1),max_x_allowable_lev(:ngrdcol,:2))
    628, Generating implicit firstprivate(nz,ngrdcol)
         Generating NVIDIA GPU code
        629, !$acc loop gang, vector(128) collapse(2) ! blockidx%x threadidx%x
        630,   ! blockidx%x threadidx%x collapsed
        638, !$acc loop seq
             Generating implicit reduction(min:min_tmp)
             Generating implicit reduction(max:max_tmp)
    628, Generating default present(low_lev_effect(:ngrdcol,2:nz-1),max_x_allowable_lev(:ngrdcol,:),min_x_allowable_lev(:ngrdcol,:),min_x_allowable(:ngrdcol,2:nz-1),max_x_allowable(:ngrdcol,2:nz-1),high_lev_effect(:ngrdcol,2:nz-1))
    630, Generating implicit firstprivate(j,min_tmp,max_tmp,low_lev,high_lev)
    638, Loop is parallelizable
    650, Generating implicit firstprivate(nz,ngrdcol)
         Generating NVIDIA GPU code
        651, !$acc loop gang, vector(128) ! blockidx%x threadidx%x
        652, !$acc loop seq
    650, Generating default present(wpxp_mfl_max(:ngrdcol,2:nz-1),invrs_rho_ds_zm(:ngrdcol,2:nz-1),min_x_allowable(:ngrdcol,2:nz-1),rho_ds_zm(:ngrdcol,:nz-2),gr%invrs_dzt(1:ngrdcol,2:nz-1),gr,max_x_allowable(:ngrdcol,2:nz-1),xm_without_ta(:ngrdcol,2:nz-1),wpxp_net_adjust(:ngrdcol,2:nz-1),rho_ds_zt(:ngrdcol,2:nz-1),wpxp(:ngrdcol,:nz-1),wpxp_mfl_min(:ngrdcol,2:nz-1))
    652, Loop carried dependence of wpxp prevents parallelization
         Loop carried backward dependence of wpxp prevents vectorization
         Generating implicit firstprivate(solve_type,l_mono_flux_lim_spikefix,dt)
         Loop carried dependence of wpxp prevents parallelization
    772, Generating implicit firstprivate(ngrdcol)
         Generating NVIDIA GPU code
        773, !$acc loop gang, vector(128) ! blockidx%x threadidx%x
    772, Generating default present(max_x_allowable(:ngrdcol,:),wpxp_mfl_min(:ngrdcol,:),wpxp_mfl_max(:ngrdcol,:),min_x_allowable(:ngrdcol,:))
    773, Generating implicit firstprivate(nz)
    789, Generating update self(min_x_allowable(:,:),wpxp_mfl_max(:,:),max_x_allowable(:,:),xm_without_ta(:,:),wpxp_mfl_min(:,:))
    810, Generating update self(min_x_allowable(:,:),wpxp_mfl_max(:,:),max_x_allowable(:,:),xm_without_ta(:,:),wpxp_mfl_min(:,:))
    834, Generating implicit firstprivate(ngrdcol)
         Generating NVIDIA GPU code
        835, !$acc loop gang, vector(128) ! blockidx%x threadidx%x
    834, Generating default present(l_adjustment_needed(:ngrdcol))
    840, Generating implicit firstprivate(nz,ngrdcol)
         Generating NVIDIA GPU code
        842, !$acc loop gang, vector(128) collapse(2) ! blockidx%x threadidx%x
             Generating reduction(.or.:l_any_adjustment_needed)
        843,   ! blockidx%x threadidx%x collapsed
    840, Generating default present(wpxp_net_adjust(:ngrdcol,:nz),l_adjustment_needed(:ngrdcol))
         Generating implicit copy(l_any_adjustment_needed) [if not already present]
    878, Generating implicit firstprivate(nz,ngrdcol)
         Generating NVIDIA GPU code
        879, !$acc loop gang, vector(128) collapse(2) ! blockidx%x threadidx%x
        880,   ! blockidx%x threadidx%x collapsed
    878, Generating default present(xm_mfl(:ngrdcol,:nz),xm(:ngrdcol,:nz),l_adjustment_needed(:ngrdcol))
    937, Generating implicit firstprivate(ngrdcol,nz)
         Generating NVIDIA GPU code
        938, !$acc loop gang, vector(128) ! blockidx%x threadidx%x
        947, !$acc loop seq
             Generating implicit reduction(+:rho_ds_zt$r)
        972, !$acc loop seq
    937, Generating default present(xm_enter_mfl(:ngrdcol,nz),xm(:ngrdcol,:),rho_ds_zt(:ngrdcol,2:nz),gr,gr%dzt(1:ngrdcol,2:nz-1),gr%zm(1:ngrdcol,nz-1:nz))
    938, Generating implicit firstprivate(xm_density_weighted,xm_adj_coef,xm_vert_integral,xm_tol,dz)
    947, Loop is parallelizable
    972, Loop is parallelizable
   1000, Generating update self(xm(:,:),wpxp(:,:))
   1029, Generating exit data delete(xm_enter_mfl(:,:),min_x_allowable_lev(:,:),l_adjustment_needed(:),wpxp_mfl_max(:,:),rhs_mfl_xm(:,:),lhs_mfl_xm(:,:,:),max_x_allowable_lev(:,:),max_x_allowable(:,:),min_x_allowable(:,:),wpxp_mfl_min(:,:),xm_mfl(:,:),wpxp_net_adjust(:,:),xp2_zt(:,:),xm_without_ta(:,:))
mfl_xm_lhs:
   1121, Generating implicit firstprivate(nz,ngrdcol)
         Generating NVIDIA GPU code
       1122, !$acc loop gang, vector(128) collapse(3) ! blockidx%x threadidx%x
       1123,   ! blockidx%x threadidx%x collapsed
       1124,   ! blockidx%x threadidx%x collapsed
   1121, Generating default present(lhs(:,:ngrdcol,:nz))
   1132, Generating implicit firstprivate(nz,ngrdcol)
         Generating NVIDIA GPU code
       1133, !$acc loop gang, vector(128) collapse(2) ! blockidx%x threadidx%x
       1134,   ! blockidx%x threadidx%x collapsed
   1132, Generating default present(lhs(2,:ngrdcol,2:nz))
   1134, Generating implicit firstprivate(dt)
   1144, Generating implicit firstprivate(nz,ngrdcol)
         Generating NVIDIA GPU code
       1145, !$acc loop gang, vector(128) collapse(2) ! blockidx%x threadidx%x
       1146,   ! blockidx%x threadidx%x collapsed
       1147, !$acc loop seq
   1144, Generating default present(lhs(:,:ngrdcol,:1))
   1147, Loop is parallelizable
mfl_xm_rhs:
   1208, Generating implicit firstprivate(ngrdcol,nz)
         Generating NVIDIA GPU code
       1209, !$acc loop gang, vector(128) collapse(2) ! blockidx%x threadidx%x
       1210,   ! blockidx%x threadidx%x collapsed
   1208, Generating default present(wpxp(:ngrdcol,:nz),invrs_dzt(:ngrdcol,2:nz),invrs_rho_ds_zt(:ngrdcol,2:nz),rhs(:ngrdcol,2:nz),rho_ds_zm(:ngrdcol,:nz),xm_old(:ngrdcol,2:nz),xm_forcing(:ngrdcol,2:nz))
   1210, Generating implicit firstprivate(dt)
   1245, Generating implicit firstprivate(ngrdcol)
         Generating NVIDIA GPU code
       1246, !$acc loop gang, vector(128) ! blockidx%x threadidx%x
   1245, Generating default present(rhs(:ngrdcol,:1),xm_old(:ngrdcol,:1))
mfl_xm_solve:
   1344, Generating implicit firstprivate(ngrdcol)
         Generating NVIDIA GPU code
       1345, !$acc loop gang, vector(128) ! blockidx%x threadidx%x
   1344, Generating default present(xm(:ngrdcol,:2))
calc_turb_adv_range:
   1455, Generating enter data create(w_min(:,:),vert_vel_up(:,:),vert_vel_down(:,:))
   1560, Generating implicit firstprivate(nz,ngrdcol)
         Generating NVIDIA GPU code
       1561, !$acc loop gang, vector(128) collapse(2) ! blockidx%x threadidx%x
       1562,   ! blockidx%x threadidx%x collapsed
   1560, Generating default present(w_min(:ngrdcol,:nz),gr%dzm(1:ngrdcol,1:nz),gr)
   1562, Generating implicit firstprivate(invrs_dt)
   1580, Generating implicit firstprivate(ngrdcol,nz)
         Generating NVIDIA GPU code
       1581, !$acc loop gang, vector(128) collapse(2) ! blockidx%x threadidx%x
       1582,   ! blockidx%x threadidx%x collapsed
   1580, Generating default present(gr,gr%dzm(1:ngrdcol,:),low_lev_effect(:ngrdcol,3:nz-2),vert_vel_up(:ngrdcol,:))
   1582, Generating implicit firstprivate(j,dt_all_grid_levs)
   1593, Loop carried reuse of low_lev_effect prevents parallelization
         Loop carried scalar dependence for dt_all_grid_levs at line 1607
         Generating implicit firstprivate(dt_one_grid_lev,dt)
         Loop carried reuse of low_lev_effect prevents parallelization
   1595, Accelerator restriction: induction variable live-out from loop: j
   1598, Accelerator restriction: induction variable live-out from loop: j
   1602, Accelerator restriction: induction variable live-out from loop: j
   1630, Accelerator restriction: induction variable live-out from loop: j
   1641, Generating implicit firstprivate(ngrdcol,nz)
         Generating NVIDIA GPU code
       1642, !$acc loop gang, vector(128) collapse(2) ! blockidx%x threadidx%x
       1643,   ! blockidx%x threadidx%x collapsed
   1641, Generating default present(gr,gr%dzm(1:ngrdcol,:),vert_vel_down(:ngrdcol,:),high_lev_effect(:ngrdcol,3:nz-2))
   1643, Generating implicit firstprivate(j,dt_all_grid_levs)
   1650, Loop carried reuse of high_lev_effect prevents parallelization
         Loop carried scalar dependence for dt_all_grid_levs at line 1667
         Generating implicit firstprivate(dt_one_grid_lev,dt)
         Loop carried reuse of high_lev_effect prevents parallelization
   1652, Accelerator restriction: induction variable live-out from loop: j
   1655, Accelerator restriction: induction variable live-out from loop: j
   1663, Accelerator restriction: induction variable live-out from loop: j
   1690, Accelerator restriction: induction variable live-out from loop: j
   1702, Generating implicit firstprivate(ngrdcol)
         Generating NVIDIA GPU code
       1703, !$acc loop gang, vector(128) ! blockidx%x threadidx%x
   1702, Generating default present(low_lev_effect(:ngrdcol,:),high_lev_effect(:ngrdcol,:))
   1703, Generating implicit firstprivate(nz)
   1715, Generating exit data delete(w_min(:,:),vert_vel_up(:,:),vert_vel_down(:,:))
mean_vert_vel_up_down:
   1974, Generating enter data create(mean_w_up_1st(:,:),mean_w_up_2nd(:,:),mean_w_down_2nd(:,:),mean_w_down_1st(:,:))
   1987, Generating implicit firstprivate(ngrdcol,nz)
         Generating NVIDIA GPU code
       1988, !$acc loop gang, vector(128) collapse(2) ! blockidx%x threadidx%x
       1989,   ! blockidx%x threadidx%x collapsed
   1987, Generating default present(mean_w_down(:ngrdcol,:nz),mean_w_down_2nd(:ngrdcol,:nz),mixt_frac_zm(:ngrdcol,:nz),mean_w_down_1st(:ngrdcol,:nz))
   1997, Generating implicit firstprivate(ngrdcol,nz)
         Generating NVIDIA GPU code
       1998, !$acc loop gang, vector(128) collapse(2) ! blockidx%x threadidx%x
       1999,   ! blockidx%x threadidx%x collapsed
   1997, Generating default present(mean_w_up(:ngrdcol,:nz),mean_w_up_1st(:ngrdcol,:nz),mixt_frac_zm(:ngrdcol,:nz),mean_w_up_2nd(:ngrdcol,:nz))
   2007, Generating update self(mean_w_up(:,:),mean_w_down(:,:))
   2017, Generating exit data delete(mean_w_up_2nd(:,:),mean_w_up_1st(:,:),mean_w_down_2nd(:,:),mean_w_down_1st(:,:))
calc_mean_w_up_down_component:
   2102, Generating implicit firstprivate(ngrdcol,nz)
         Generating NVIDIA GPU code
       2103, !$acc loop gang, vector(128) collapse(2) ! blockidx%x threadidx%x
       2104,   ! blockidx%x threadidx%x collapsed
   2102, Generating default present(w_min(:ngrdcol,2:nz-1),w_i_zm(:ngrdcol,2:nz-1),varnce_w_i(:ngrdcol,2:nz-1),mean_w_up_i(:ngrdcol,2:nz-1),mean_w_down_i(:ngrdcol,2:nz-1))
   2104, Generating implicit firstprivate(exp_cache,w_ref,sigma_w_i,erf_cache)
   2148, Generating implicit firstprivate(ngrdcol)
         Generating NVIDIA GPU code
       2149, !$acc loop gang, vector(128) ! blockidx%x threadidx%x
   2148, Generating default present(mean_w_up_i(:ngrdcol,:),mean_w_down_i(:ngrdcol,:))
   2149, Generating implicit firstprivate(nz)
nvfortran -DNETCDF -DCLUBB_REAL_TYPE=8 -DCLUBB_GPU -DCUDA -DCOAMPS_MICRO -DNR_SP -DSILHS -Dradoffline -Dnooverlap -DCLUBB -I/glade/u/apps/casper/24.12/spack/opt/spack/netcdf/4.9.2/nvhpc/24.11/djgy/include -Mcache_align -O2  -I/glade/u/apps/casper/24.12/spack/opt/spack/netcdf/4.9.2/nvhpc/24.11/djgy/include -Mbackslash -Mstandard -Kieee -acc -Minfo=accel  -c	/glade/u/home/ilinck/clubb_release/compile/../src/CLUBB_core/clip_explicit.F90
clip_covars_denom:
    161, Generating enter data create(upwp_chnge(:,:),wprtp_chnge(:,:),vpwp_chnge(:,:),wpthlp_chnge(:,:))
    162, Generating enter data create(wpsclrp_chnge(:,:,:))
    419, Generating exit data delete(upwp_chnge(:,:),wprtp_chnge(:,:),vpwp_chnge(:,:),wpthlp_chnge(:,:))
    420, Generating exit data delete(wpsclrp_chnge(:,:,:))
clip_covar:
    576, Generating update self(xpyp(:,:))
    609, Generating implicit firstprivate(ngrdcol,nz)
         Generating NVIDIA GPU code
        610, !$acc loop gang, vector(128) collapse(2) ! blockidx%x threadidx%x
        611,   ! blockidx%x threadidx%x collapsed
    609, Generating default present(xp2(:ngrdcol,2:nz-1),yp2(:ngrdcol,2:nz-1),xpyp_chnge(:ngrdcol,2:nz-1),xpyp(:ngrdcol,2:nz-1))
    611, Generating implicit firstprivate(xpyp_bound,max_mag_corr)
    639, Generating implicit firstprivate(ngrdcol)
         Generating NVIDIA GPU code
        640, !$acc loop gang, vector(128) ! blockidx%x threadidx%x
    639, Generating default present(xpyp_chnge(:ngrdcol,:))
    640, Generating implicit firstprivate(nz)
    648, Generating update self(xpyp(:,:))
clip_variance:
    944, Generating copy(xp2(:,:)) [if not already present]
         Generating copyin(threshold(:,:)) [if not already present]
    964, Generating update self(xp2(:,:))
    982, Generating implicit firstprivate(nz,ngrdcol)
         Generating NVIDIA GPU code
        983, !$acc loop gang, vector(128) collapse(2) ! blockidx%x threadidx%x
        984,   ! blockidx%x threadidx%x collapsed
    993, Generating update self(xp2(:,:))
clip_skewness:
   1108, Generating copyin(gr,gr%zt(:,:),sfc_elevation(:)) [if not already present]
         Generating copy(wp3(:,:)) [if not already present]
         Generating copyin(wp2_zt(:,:)) [if not already present]
   1114, Generating update self(wp3(:,:))
   1129, Generating update self(wp3(:,:))
clip_skewness_core:
   1199, Generating enter data create(zagl_thresh(:,:),wp3_lim_sqd(:,:),wp2_zt_cubed(:,:),h_zagl(:,:))
   1218, Generating implicit firstprivate(nz,ngrdcol)
         Generating NVIDIA GPU code
       1219, !$acc loop gang, vector(128) collapse(2) ! blockidx%x threadidx%x
       1220,   ! blockidx%x threadidx%x collapsed
   1218, Generating default present(wp2_zt_cubed(:ngrdcol,:nz),wp2_zt(:ngrdcol,:nz))
   1229, Generating implicit firstprivate(nz,ngrdcol)
         Generating NVIDIA GPU code
       1230, !$acc loop gang, vector(128) collapse(2) ! blockidx%x threadidx%x
       1231,   ! blockidx%x threadidx%x collapsed
   1229, Generating default present(zagl_thresh(:ngrdcol,:nz),sfc_elevation(:ngrdcol),gr%zt(1:ngrdcol,1:nz),gr)
   1240, Generating implicit firstprivate(nz,ngrdcol)
         Generating NVIDIA GPU code
       1241, !$acc loop gang, vector(128) collapse(2) ! blockidx%x threadidx%x
       1242,   ! blockidx%x threadidx%x collapsed
   1240, Generating default present(wp3_lim_sqd(:ngrdcol,:nz),wp2_zt_cubed(:ngrdcol,:nz),skw_max_mag(:ngrdcol),h_zagl(:ngrdcol,:nz))
   1253, Generating implicit firstprivate(nz,ngrdcol)
         Generating NVIDIA GPU code
       1254, !$acc loop gang, vector(128) collapse(2) ! blockidx%x threadidx%x
       1255,   ! blockidx%x threadidx%x collapsed
   1253, Generating default present(gr%zt(1:ngrdcol,1:nz),gr,skw_max_mag(:ngrdcol),sfc_elevation(:ngrdcol),wp3_lim_sqd(:ngrdcol,:nz),wp2_zt_cubed(:ngrdcol,:nz))
   1273, Generating implicit firstprivate(nz,ngrdcol)
         Generating NVIDIA GPU code
       1274, !$acc loop gang, vector(128) collapse(2) ! blockidx%x threadidx%x
       1275,   ! blockidx%x threadidx%x collapsed
   1273, Generating default present(wp3_lim_sqd(:ngrdcol,:nz),wp3(:ngrdcol,:nz))
   1286, Generating implicit firstprivate(nz,ngrdcol)
         Generating NVIDIA GPU code
       1287, !$acc loop gang, vector(128) collapse(2) ! blockidx%x threadidx%x
       1288,   ! blockidx%x threadidx%x collapsed
   1286, Generating default present(wp3(:ngrdcol,:nz))
   1296, Generating exit data delete(zagl_thresh(:,:),wp3_lim_sqd(:,:),wp2_zt_cubed(:,:),h_zagl(:,:))
nvfortran -DNETCDF -DCLUBB_REAL_TYPE=8 -DCLUBB_GPU -DCUDA -DCOAMPS_MICRO -DNR_SP -DSILHS -Dradoffline -Dnooverlap -DCLUBB -I/glade/u/apps/casper/24.12/spack/opt/spack/netcdf/4.9.2/nvhpc/24.11/djgy/include -Mcache_align -O2  -I/glade/u/apps/casper/24.12/spack/opt/spack/netcdf/4.9.2/nvhpc/24.11/djgy/include -Mbackslash -Mstandard -Kieee -acc -Minfo=accel  -c	/glade/u/home/ilinck/clubb_release/compile/../src/CLUBB_core/fill_holes.F90
fill_holes_vertical:
    128, Generating implicit firstprivate(ngrdcol,nz)
         Generating NVIDIA GPU code
        130, !$acc loop gang, vector(128) collapse(2) ! blockidx%x threadidx%x
             Generating reduction(.or.:l_field_below_threshold)
        131,   ! blockidx%x threadidx%x collapsed
    128, Generating default present(field(:ngrdcol,:nz))
         Generating implicit copy(l_field_below_threshold) [if not already present]
    131, Generating implicit firstprivate(threshold)
    144, Generating enter data create(invrs_denom_integral(:,:),denom_integral_global(:),mass_fraction_global(:),numer_integral_global(:),rho_ds_dz(:,:),field_avg_global(:),field_clipped(:,:))
    147, Generating implicit firstprivate(ngrdcol,nz)
         Generating NVIDIA GPU code
        148, !$acc loop gang, vector(128) collapse(2) ! blockidx%x threadidx%x
        149,   ! blockidx%x threadidx%x collapsed
    147, Generating default present(rho_ds_dz(:ngrdcol,:nz),rho_ds(:ngrdcol,:nz),dz(:ngrdcol,:nz))
    159, Generating implicit firstprivate(ngrdcol,upper_hf_level)
         Generating NVIDIA GPU code
        160, !$acc loop gang, vector(128) collapse(2) ! blockidx%x threadidx%x
        161,   ! blockidx%x threadidx%x collapsed
        170, !$acc loop seq
             Generating implicit reduction(+:rho_k_sum)
    159, Generating default present(rho_ds_dz(:ngrdcol,2:upper_hf_level),invrs_denom_integral(:ngrdcol,4:upper_hf_level-2))
    161, Generating implicit firstprivate(rho_k_sum,j)
    170, Loop is parallelizable
    179, Generating implicit firstprivate(ngrdcol,upper_hf_level)
         Generating NVIDIA GPU code
        180, !$acc loop gang, vector(128) ! blockidx%x threadidx%x
        189, !$acc loop seq
        198, !$acc loop seq
             Generating implicit reduction(+:field$r1)
        204, !$acc loop seq
        208, !$acc loop seq
        214, !$acc loop seq
             Generating implicit reduction(+:rho_ds_dz$r)
        225, !$acc loop seq
    179, Generating default present(field(:ngrdcol,:),field_clipped(:ngrdcol,:),rho_ds_dz(:ngrdcol,:),invrs_denom_integral(:ngrdcol,4:upper_hf_level-2))
    189, Loop carried dependence of field,field_clipped prevents parallelization
         Loop carried backward dependence of field_clipped,field prevents vectorization
         Generating implicit firstprivate(k_end,field_clipped_avg,threshold,mass_fraction,field_avg,k_start)
         Loop carried dependence of field_clipped prevents parallelization
         Loop carried backward dependence of field_clipped prevents vectorization
    198, Loop is parallelizable
    204, Loop is parallelizable
    208, Loop is parallelizable
    214, Loop is parallelizable
    225, Loop is parallelizable
    238, Generating implicit firstprivate(nz,ngrdcol)
         Generating NVIDIA GPU code
        239, !$acc loop gang, vector(128) collapse(2) ! blockidx%x threadidx%x
             Generating reduction(.or.:l_field_below_threshold)
        240,   ! blockidx%x threadidx%x collapsed
    238, Generating default present(field(:ngrdcol,:nz))
         Generating implicit copy(l_field_below_threshold) [if not already present]
    240, Generating implicit firstprivate(threshold)
    250, Generating exit data delete(invrs_denom_integral(:,:),denom_integral_global(:),mass_fraction_global(:),rho_ds_dz(:,:),numer_integral_global(:),field_avg_global(:),field_clipped(:,:))
    262, Generating implicit firstprivate(ngrdcol)
         Generating NVIDIA GPU code
        263, !$acc loop gang, vector(128) ! blockidx%x threadidx%x
    262, Generating default present(numer_integral_global(:ngrdcol),denom_integral_global(:ngrdcol))
    269, Generating implicit firstprivate(ngrdcol,upper_hf_level)
         Generating NVIDIA GPU code
        270, !$acc loop gang, vector(128) ! blockidx%x threadidx%x
        271, !$acc loop seq
    269, Generating default present(field(:ngrdcol,2:upper_hf_level),rho_ds_dz(:ngrdcol,2:upper_hf_level),numer_integral_global(:ngrdcol),denom_integral_global(:ngrdcol))
    271, Complex loop carried dependence of numer_integral_global prevents parallelization
         Loop carried dependence of numer_integral_global prevents parallelization
         Loop carried backward dependence of numer_integral_global prevents vectorization
         Complex loop carried dependence of denom_integral_global prevents parallelization
         Loop carried dependence of denom_integral_global prevents parallelization
         Loop carried backward dependence of denom_integral_global prevents vectorization
    280, Generating implicit firstprivate(ngrdcol,upper_hf_level)
         Generating NVIDIA GPU code
        281, !$acc loop gang, vector(128) ! blockidx%x threadidx%x
        290, !$acc loop seq
        294, !$acc loop seq
    280, Generating default present(field_avg_global(:ngrdcol),denom_integral_global(:ngrdcol),field(:ngrdcol,2:upper_hf_level),numer_integral_global(:ngrdcol),field_clipped(:ngrdcol,2:upper_hf_level))
    281, Generating implicit firstprivate(threshold)
    290, Loop is parallelizable
    294, Loop is parallelizable
    301, Generating implicit firstprivate(upper_hf_level,ngrdcol)
         Generating NVIDIA GPU code
        302, !$acc loop gang, vector(128) ! blockidx%x threadidx%x
        304, !$acc loop seq
    301, Generating default present(field_clipped(:ngrdcol,2:upper_hf_level),rho_ds_dz(:ngrdcol,2:upper_hf_level),numer_integral_global(:ngrdcol))
    304, Complex loop carried dependence of numer_integral_global prevents parallelization
         Loop carried reuse of numer_integral_global prevents parallelization
    310, Generating implicit firstprivate(ngrdcol,upper_hf_level)
         Generating NVIDIA GPU code
        311, !$acc loop gang, vector(128) ! blockidx%x threadidx%x
        330, !$acc loop seq
    310, Generating default present(denom_integral_global(:ngrdcol),field_clipped(:ngrdcol,2:upper_hf_level),field(:ngrdcol,2:upper_hf_level),field_avg_global(:ngrdcol),numer_integral_global(:ngrdcol),mass_fraction_global(:ngrdcol))
    311, Generating implicit firstprivate(threshold,field_clipped_avg)
    330, Loop is parallelizable
    339, Generating exit data delete(invrs_denom_integral(:,:),denom_integral_global(:),mass_fraction_global(:),rho_ds_dz(:,:),numer_integral_global(:),field_avg_global(:),field_clipped(:,:))
fill_holes_driver:
    844, Generating copyin(gr,rho_ds_zt(:)) [if not already present]
         Generating copy(hydromet(:,i)) [if not already present]
         Generating copyin(gr%dzt(:,:)) [if not already present]
nvfortran -DNETCDF -DCLUBB_REAL_TYPE=8 -DCLUBB_GPU -DCUDA -DCOAMPS_MICRO -DNR_SP -DSILHS -Dradoffline -Dnooverlap -DCLUBB -I/glade/u/apps/casper/24.12/spack/opt/spack/netcdf/4.9.2/nvhpc/24.11/djgy/include -Mcache_align -O2  -I/glade/u/apps/casper/24.12/spack/opt/spack/netcdf/4.9.2/nvhpc/24.11/djgy/include -Mbackslash -Mstandard -Kieee -acc -Minfo=accel  -c	/glade/u/home/ilinck/clubb_release/compile/../src/CLUBB_core/stats_clubb_utilities.F90
nvfortran -DNETCDF -DCLUBB_REAL_TYPE=8 -DCLUBB_GPU -DCUDA -DCOAMPS_MICRO -DNR_SP -DSILHS -Dradoffline -Dnooverlap -DCLUBB -I/glade/u/apps/casper/24.12/spack/opt/spack/netcdf/4.9.2/nvhpc/24.11/djgy/include -Mcache_align -O2  -I/glade/u/apps/casper/24.12/spack/opt/spack/netcdf/4.9.2/nvhpc/24.11/djgy/include -Mbackslash -Mstandard -Kieee -acc -Minfo=accel  -c	/glade/u/home/ilinck/clubb_release/compile/../src/CLUBB_core/pdf_closure_module.F90
nvfortran -DNETCDF -DCLUBB_REAL_TYPE=8 -DCLUBB_GPU -DCUDA -DCOAMPS_MICRO -DNR_SP -DSILHS -Dradoffline -Dnooverlap -DCLUBB -I/glade/u/apps/casper/24.12/spack/opt/spack/netcdf/4.9.2/nvhpc/24.11/djgy/include -Mcache_align -O2  -I/glade/u/apps/casper/24.12/spack/opt/spack/netcdf/4.9.2/nvhpc/24.11/djgy/include -Mbackslash -Mstandard -Kieee -acc -Minfo=accel  -c	/glade/u/home/ilinck/clubb_release/compile/../src/CLUBB_core/setup_clubb_pdf_params.F90
pdf_closure:
    440, Generating enter data create(rsatl_1(:,:),rc_2_ice(:,:),rc_1_ice(:,:),corr_v_w_2(:,:),vprcp_contrib_comp_1(:,:),varnce_v_2(:,:),uprcp_contrib_comp_1(:,:),u_2(:,:),thlprcp_contrib_comp_1(:,:),sqrt_wp2(:,:),rtprcp_contrib_comp_1(:,:),rsatl_2(:,:),wp2rcp_contrib_comp_1(:,:),vprcp_contrib_comp_2(:,:),wprcp_contrib_comp_1(:,:),wp2rcp_contrib_comp_2(:,:),sku(:,:),skthl(:,:),rtprcp_contrib_comp_2(:,:),skrt(:,:),skv(:,:),tl1(:,:),thlprcp_contrib_comp_2(:,:),corr_v_w_1(:,:),corr_u_w_2(:,:),corr_u_w_1(:,:),alpha_v(:,:),alpha_u(:,:),varnce_v_1(:,:),varnce_u_2(:,:),v_1(:,:),uprcp_contrib_comp_2(:,:),varnce_u_1(:,:),v_2(:,:),u_1(:,:),tl2(:,:),wprcp_contrib_comp_2(:,:))
    452, Generating enter data create(sclr2(:,:,:),corr_w_sclr_1(:,:,:),corr_sclr_thl_2(:,:,:),corr_sclr_rt_1(:,:,:),alpha_sclr(:,:,:),corr_sclr_thl_1(:,:,:),corr_sclr_rt_2(:,:,:),varnce_sclr2(:,:,:),varnce_sclr1(:,:,:),sksclr(:,:,:),sclr1(:,:,:),corr_w_sclr_2(:,:,:))
    521, Generating implicit firstprivate(ngrdcol,nz)
         Generating NVIDIA GPU code
        522, !$acc loop gang, vector(128) collapse(2) ! blockidx%x threadidx%x
        523,   ! blockidx%x threadidx%x collapsed
    521, Generating default present(sqrt_wp2(:ngrdcol,:nz),wp2(:ngrdcol,:nz))
    685, Generating implicit firstprivate(nz,ngrdcol)
         Generating NVIDIA GPU code
        686, !$acc loop gang, vector(128) collapse(2) ! blockidx%x threadidx%x
        687,   ! blockidx%x threadidx%x collapsed
    685, Generating default present(corr_v_w_1(:ngrdcol,:nz),corr_u_w_2(:ngrdcol,:nz),corr_u_w_1(:ngrdcol,:nz),corr_v_w_2(:ngrdcol,:nz),pdf_params%corr_w_thl_2(1:ngrdcol,1:nz),pdf_params%corr_w_thl_1(1:ngrdcol,1:nz),pdf_params%corr_w_rt_2(1:ngrdcol,1:nz),pdf_params%corr_w_rt_1(1:ngrdcol,1:nz),pdf_params)
    754, Generating implicit firstprivate(ngrdcol,sclr_dim,nz)
         Generating NVIDIA GPU code
        755, !$acc loop gang, vector(128) collapse(2) ! blockidx%x threadidx%x
        756,   ! blockidx%x threadidx%x collapsed
        757, !$acc loop seq
    754, Generating default present(corr_w_sclr_2(:ngrdcol,:nz,:sclr_dim),corr_w_sclr_1(:ngrdcol,:nz,:sclr_dim))
    757, Loop is parallelizable
    948, Generating implicit firstprivate(nz,ngrdcol)
         Generating NVIDIA GPU code
        949, !$acc loop gang, vector(128) collapse(2) ! blockidx%x threadidx%x
        950,   ! blockidx%x threadidx%x collapsed
    948, Generating default present(tl2(:ngrdcol,:nz),tl1(:ngrdcol,:nz),exner(:ngrdcol,:nz),pdf_params%thl_1(1:ngrdcol,1:nz),pdf_params%thl_2(1:ngrdcol,1:nz),pdf_params)
   1013, Generating implicit firstprivate(nz,ngrdcol)
         Generating NVIDIA GPU code
       1014, !$acc loop gang, vector(128) collapse(2) ! blockidx%x threadidx%x
       1015,   ! blockidx%x threadidx%x collapsed
   1013, Generating default present(pdf_params%rsatl_1(1:ngrdcol,1:nz),rsatl_1(:ngrdcol,:nz),rsatl_2(:ngrdcol,:nz),pdf_params,pdf_params%rsatl_2(1:ngrdcol,1:nz))
   1079, Generating implicit firstprivate(nz,ngrdcol)
         Generating NVIDIA GPU code
       1080, !$acc loop gang, vector(128) collapse(2) ! blockidx%x threadidx%x
       1081,   ! blockidx%x threadidx%x collapsed
   1079, Generating default present(ice_supersat_frac(:ngrdcol,:nz),pdf_params,pdf_params%mixt_frac(1:ngrdcol,1:nz),pdf_params%ice_supersat_frac_2(1:ngrdcol,1:nz),pdf_params%ice_supersat_frac_1(1:ngrdcol,1:nz))
   1112, Generating implicit firstprivate(nz,ngrdcol)
         Generating NVIDIA GPU code
       1113, !$acc loop gang, vector(128) collapse(2) ! blockidx%x threadidx%x
       1114,   ! blockidx%x threadidx%x collapsed
   1112, Generating default present(rcm(:ngrdcol,:nz),pdf_params%rc_2(1:ngrdcol,1:nz),cloud_frac(:ngrdcol,:nz),pdf_params%mixt_frac(1:ngrdcol,1:nz),pdf_params%rc_1(1:ngrdcol,1:nz),pdf_params,pdf_params%cloud_frac_1(1:ngrdcol,1:nz),pdf_params%cloud_frac_2(1:ngrdcol,1:nz))
   1129, Generating implicit firstprivate(nz,ngrdcol)
         Generating NVIDIA GPU code
       1130, !$acc loop gang, vector(128) collapse(2) ! blockidx%x threadidx%x
       1131,   ! blockidx%x threadidx%x collapsed
   1129, Generating default present(pdf_params%corr_w_eta_2(1:ngrdcol,1:nz),pdf_params%corr_w_eta_1(1:ngrdcol,1:nz),pdf_params%corr_w_chi_2(1:ngrdcol,1:nz),pdf_params%corr_w_chi_1(1:ngrdcol,1:nz),pdf_params)
   1219, Generating implicit firstprivate(ngrdcol,nz)
         Generating NVIDIA GPU code
       1220, !$acc loop gang, vector(128) collapse(2) ! blockidx%x threadidx%x
       1221,   ! blockidx%x threadidx%x collapsed
   1219, Generating default present(uprcp_contrib_comp_2(:ngrdcol,:nz),vprcp(:ngrdcol,:nz),vprcp_contrib_comp_1(:ngrdcol,:nz),thv_ds(:ngrdcol,:nz),uprcp(:ngrdcol,:nz),uprcp_contrib_comp_1(:ngrdcol,:nz),rtprcp_contrib_comp_2(:ngrdcol,:nz),thlprcp(:ngrdcol,:nz),thlprcp_contrib_comp_1(:ngrdcol,:nz),rc_coef(:ngrdcol,:nz),rtprcp(:ngrdcol,:nz),rtprcp_contrib_comp_1(:ngrdcol,:nz),vprcp_contrib_comp_2(:ngrdcol,:nz),wp2rcp(:ngrdcol,:nz),wp2rcp_contrib_comp_1(:ngrdcol,:nz),wp2rcp_contrib_comp_2(:ngrdcol,:nz),wprcp(:ngrdcol,:nz),wprcp_contrib_comp_1(:ngrdcol,:nz),wprcp_contrib_comp_2(:ngrdcol,:nz),exner(:ngrdcol,:nz),pdf_params,pdf_params%mixt_frac(1:ngrdcol,1:nz),thlprcp_contrib_comp_2(:ngrdcol,:nz))
   1248, Generating implicit firstprivate(ngrdcol,nz)
         Generating NVIDIA GPU code
       1249, !$acc loop gang, vector(128) collapse(2) ! blockidx%x threadidx%x
       1250,   ! blockidx%x threadidx%x collapsed
   1248, Generating default present(thlprcp(:ngrdcol,:nz),rtpthvp(:ngrdcol,:nz),thlp2(:ngrdcol,:nz),rtpthlp(:ngrdcol,:nz),rtprcp(:ngrdcol,:nz),rc_coef(:ngrdcol,:nz),rtp2(:ngrdcol,:nz),wp2thlp(:ngrdcol,:nz),wp2rtp(:ngrdcol,:nz),wp2rcp(:ngrdcol,:nz),thv_ds(:ngrdcol,:nz),wpthvp(:ngrdcol,:nz),wpthlp(:ngrdcol,:nz),wprtp(:ngrdcol,:nz),thlpthvp(:ngrdcol,:nz),wprcp(:ngrdcol,:nz),wp2thvp(:ngrdcol,:nz))
   1286, Generating implicit firstprivate(ngrdcol,sclr_dim,nz)
         Generating NVIDIA GPU code
       1287, !$acc loop gang, vector(128) collapse(3) ! blockidx%x threadidx%x
       1288,   ! blockidx%x threadidx%x collapsed
       1289,   ! blockidx%x threadidx%x collapsed
   1286, Generating default present(corr_sclr_thl_2(:ngrdcol,:nz,:sclr_dim),pdf_params%cloud_frac_1(1:ngrdcol,1:nz),varnce_sclr2(:ngrdcol,:nz,:sclr_dim),varnce_sclr1(:ngrdcol,:nz,:sclr_dim),pdf_params%varnce_rt_1(1:ngrdcol,1:nz),pdf_params%crt_1(1:ngrdcol,1:nz),pdf_params%cthl_2(1:ngrdcol,1:nz),corr_sclr_rt_1(:ngrdcol,:nz,:sclr_dim),pdf_params,thv_ds(:ngrdcol,:nz),pdf_params%rc_2(1:ngrdcol,1:nz),pdf_params%cloud_frac_2(1:ngrdcol,1:nz),pdf_params%rc_1(1:ngrdcol,1:nz),sclr1(:ngrdcol,:nz,:sclr_dim),sclr2(:ngrdcol,:nz,:sclr_dim),pdf_params%mixt_frac(1:ngrdcol,1:nz),rc_coef(:ngrdcol,:nz),pdf_params%varnce_rt_2(1:ngrdcol,1:nz),pdf_params%crt_2(1:ngrdcol,1:nz),corr_sclr_rt_2(:ngrdcol,:nz,:sclr_dim),pdf_params%varnce_thl_1(1:ngrdcol,1:nz),pdf_params%cthl_1(1:ngrdcol,1:nz),corr_sclr_thl_1(:ngrdcol,:nz,:sclr_dim),sclrm(:ngrdcol,:nz,:sclr_dim),pdf_params%varnce_thl_2(1:ngrdcol,1:nz),sclrpthvp(:ngrdcol,:nz,:sclr_dim),sclrprcp(:ngrdcol,:nz,:sclr_dim),sclrprtp(:ngrdcol,:nz,:sclr_dim),sclrpthlp(:ngrdcol,:nz,:sclr_dim))
   1326, Generating implicit firstprivate(nz,ngrdcol)
         Generating NVIDIA GPU code
       1327, !$acc loop gang, vector(128) collapse(2) ! blockidx%x threadidx%x
       1328,   ! blockidx%x threadidx%x collapsed
   1326, Generating default present(rcp2(:ngrdcol,:nz),rcm(:ngrdcol,:nz),pdf_params%stdev_chi_2(1:ngrdcol,1:nz),pdf_params,pdf_params%mixt_frac(1:ngrdcol,1:nz),pdf_params%rc_2(1:ngrdcol,1:nz),pdf_params%chi_2(1:ngrdcol,1:nz),pdf_params%chi_1(1:ngrdcol,1:nz),pdf_params%rc_1(1:ngrdcol,1:nz),pdf_params%stdev_chi_1(1:ngrdcol,1:nz),pdf_params%cloud_frac_1(1:ngrdcol,1:nz),pdf_params%cloud_frac_2(1:ngrdcol,1:nz))
   1359, Generating implicit firstprivate(nz,ngrdcol)
         Generating NVIDIA GPU code
       1360, !$acc loop gang, vector(128) collapse(2) ! blockidx%x threadidx%x
       1361,   ! blockidx%x threadidx%x collapsed
   1359, Generating default present(w_up_in_cloud(:ngrdcol,:nz),w_down_in_cloud(:ngrdcol,:nz))
   1405, Generating update self(pdf_params%ice_supersat_frac_1(:,:),pdf_params%cthl_2(:,:),pdf_params%ice_supersat_frac_2(:,:),pdf_params%cloud_frac_1(:,:),pdf_params%chi_2(:,:),pdf_params%rc_1(:,:),pdf_params%mixt_frac(:,:),pdf_params%rsatl_1(:,:),pdf_params%rc_2(:,:),pdf_params%corr_chi_eta_1(:,:),pdf_params%cloud_frac_2(:,:),pdf_params%corr_w_eta_1(:,:),pdf_params%corr_w_chi_2(:,:),pdf_params%corr_w_chi_1(:,:),pdf_params%corr_rt_thl_2(:,:),pdf_params%covar_chi_eta_1(:,:),pdf_params%corr_w_thl_2(:,:),pdf_params%stdev_eta_1(:,:),pdf_params%stdev_chi_2(:,:),pdf_params%stdev_chi_1(:,:),pdf_params%rt_2(:,:),pdf_params%chi_1(:,:),pdf_params%alpha_thl(:,:),pdf_params%cthl_1(:,:),pdf_params%crt_2(:,:),pdf_params%crt_1(:,:),pdf_params%covar_chi_eta_2(:,:),cloud_frac(:,:),pdf_params%alpha_rt(:,:),pdf_params%corr_rt_thl_1(:,:),pdf_params%corr_chi_eta_2(:,:),pdf_params%corr_w_thl_1(:,:),pdf_params%corr_w_rt_2(:,:),pdf_params%corr_w_rt_1(:,:),pdf_params%corr_w_eta_2(:,:),pdf_params%varnce_thl_1(:,:),pdf_params%varnce_rt_2(:,:),pdf_params%thl_1(:,:),pdf_params%stdev_eta_2(:,:),pdf_params%varnce_rt_1(:,:),pdf_params%thl_2(:,:),pdf_params%rt_1(:,:),pdf_params%rsatl_2(:,:),pdf_params%varnce_w_1(:,:),pdf_params%varnce_thl_2(:,:),pdf_params%w_1(:,:),pdf_params%varnce_w_2(:,:),wprtp2(:,:),rcm(:,:),rtpthvp(:,:),rcp2(:,:),thlpthvp(:,:),wp4(:,:),thlprcp(:,:),rtprcp(:,:),wp2thlp(:,:),wpthlp2(:,:),pdf_params%w_2(:,:),wp2rtp(:,:),wprtpthlp(:,:),wp2rcp(:,:),wprcp(:,:),wp2thvp(:,:),wpthvp(:,:))
   1432, Generating update self(sclrpthvp(:,:,:),wpsclrpthlp(:,:,:),wpsclrprtp(:,:,:),wpsclrp2(:,:,:),wp2sclrp(:,:,:),sclrprcp(:,:,:))
   1457, Generating update self(exner(:,:),rtp2(:,:),wprtp(:,:),thlm(:,:),sigma_sqd_w(:,:),wp3(:,:),rtm(:,:),p_in_pa(:,:),rtpthlp(:,:),wp2(:,:),wm(:,:),thv_ds(:,:),thlp2(:,:),ice_supersat_frac(:,:),wpthlp(:,:))
   1460, Generating update self(sclrprtp(:,:,:),sclrp2(:,:,:),sclrm(:,:,:),wpsclrp(:,:,:),sclrpthlp(:,:,:))
   1752, Generating exit data delete(rsatl_1(:,:),rc_2_ice(:,:),rc_1_ice(:,:),corr_v_w_2(:,:),vprcp_contrib_comp_1(:,:),varnce_v_2(:,:),uprcp_contrib_comp_1(:,:),u_2(:,:),thlprcp_contrib_comp_1(:,:),sqrt_wp2(:,:),rtprcp_contrib_comp_1(:,:),rsatl_2(:,:),wp2rcp_contrib_comp_1(:,:),vprcp_contrib_comp_2(:,:),wprcp_contrib_comp_1(:,:),wp2rcp_contrib_comp_2(:,:),sku(:,:),skthl(:,:),rtprcp_contrib_comp_2(:,:),skrt(:,:),skv(:,:),tl1(:,:),thlprcp_contrib_comp_2(:,:),corr_v_w_1(:,:),corr_u_w_2(:,:),corr_u_w_1(:,:),alpha_v(:,:),alpha_u(:,:),varnce_v_1(:,:),varnce_u_2(:,:),v_1(:,:),uprcp_contrib_comp_2(:,:),varnce_u_1(:,:),v_2(:,:),u_1(:,:),tl2(:,:),wprcp_contrib_comp_2(:,:))
   1764, Generating exit data delete(sclr2(:,:,:),corr_w_sclr_1(:,:,:),corr_sclr_thl_2(:,:,:),corr_sclr_rt_1(:,:,:),alpha_sclr(:,:,:),corr_sclr_thl_1(:,:,:),corr_sclr_rt_2(:,:,:),varnce_sclr2(:,:,:),varnce_sclr1(:,:,:),sksclr(:,:,:),sclr1(:,:,:),corr_w_sclr_2(:,:,:))
transform_pdf_chi_eta_component:
   1840, Generating implicit firstprivate(ngrdcol,nz)
         Generating NVIDIA GPU code
       1841, !$acc loop gang, vector(128) collapse(2) ! blockidx%x threadidx%x
       1842,   ! blockidx%x threadidx%x collapsed
   1840, Generating default present(crt(:ngrdcol,:nz),cthl(:ngrdcol,:nz),chi(:ngrdcol,:nz),rsatl(:ngrdcol,:nz),exner(:ngrdcol,:nz),rt(:ngrdcol,:nz),tl(:ngrdcol,:nz))
   1842, Generating implicit firstprivate(invrs_beta_rsatl_p1,beta)
   1867, Generating implicit firstprivate(nz,ngrdcol)
         Generating NVIDIA GPU code
       1868, !$acc loop gang, vector(128) collapse(2) ! blockidx%x threadidx%x
       1869,   ! blockidx%x threadidx%x collapsed
   1867, Generating default present(stdev_chi(:ngrdcol,:nz),cthl(:ngrdcol,:nz),corr_chi_eta(:ngrdcol,:nz),corr_rt_thl(:ngrdcol,:nz),crt(:ngrdcol,:nz),varnce_thl(:ngrdcol,:nz),varnce_rt(:ngrdcol,:nz),covar_chi_eta(:ngrdcol,:nz),stdev_eta(:ngrdcol,:nz))
   1869, Generating implicit firstprivate(varnce_eta,varnce_thl_term,varnce_rt_term,corr_rt_thl_term,varnce_chi)
calc_wp4_pdf:
   1977, Generating implicit firstprivate(ngrdcol,nz)
         Generating NVIDIA GPU code
       1978, !$acc loop gang, vector(128) collapse(2) ! blockidx%x threadidx%x
       1979,   ! blockidx%x threadidx%x collapsed
   1977, Generating default present(wp4(:ngrdcol,:nz),wm(:ngrdcol,:nz),mixt_frac(:ngrdcol,:nz),varnce_w_2(:ngrdcol,:nz),varnce_w_1(:ngrdcol,:nz),w_2(:ngrdcol,:nz),w_1(:ngrdcol,:nz))
calc_wp2xp2_pdf:
   2082, Generating implicit firstprivate(nz,ngrdcol)
         Generating NVIDIA GPU code
       2083, !$acc loop gang, vector(128) collapse(2) ! blockidx%x threadidx%x
       2084,   ! blockidx%x threadidx%x collapsed
   2082, Generating default present(wm(:ngrdcol,:nz),varnce_x_2(:ngrdcol,:nz),wp2xp2(:ngrdcol,:nz),varnce_w_2(:ngrdcol,:nz),mixt_frac(:ngrdcol,:nz),corr_w_x_2(:ngrdcol,:nz),w_2(:ngrdcol,:nz),w_1(:ngrdcol,:nz),xm(:ngrdcol,:nz),x_2(:ngrdcol,:nz),x_1(:ngrdcol,:nz),corr_w_x_1(:ngrdcol,:nz),varnce_x_1(:ngrdcol,:nz),varnce_w_1(:ngrdcol,:nz))
calc_wp2xp_pdf:
   2189, Generating implicit firstprivate(ngrdcol,nz)
         Generating NVIDIA GPU code
       2190, !$acc loop gang, vector(128) collapse(2) ! blockidx%x threadidx%x
       2191,   ! blockidx%x threadidx%x collapsed
   2189, Generating default present(wm(:ngrdcol,:nz),wp2xp(:ngrdcol,:nz),varnce_x_2(:ngrdcol,:nz),mixt_frac(:ngrdcol,:nz),varnce_w_2(:ngrdcol,:nz),corr_w_x_2(:ngrdcol,:nz),xm(:ngrdcol,:nz),x_2(:ngrdcol,:nz),x_1(:ngrdcol,:nz),w_2(:ngrdcol,:nz),w_1(:ngrdcol,:nz),corr_w_x_1(:ngrdcol,:nz),varnce_w_1(:ngrdcol,:nz),varnce_x_1(:ngrdcol,:nz))
calc_wpxp2_pdf:
   2289, Generating implicit firstprivate(nz,ngrdcol)
         Generating NVIDIA GPU code
       2290, !$acc loop gang, vector(128) collapse(2) ! blockidx%x threadidx%x
       2291,   ! blockidx%x threadidx%x collapsed
   2289, Generating default present(wm(:ngrdcol,:nz),varnce_x_2(:ngrdcol,:nz),wpxp2(:ngrdcol,:nz),varnce_w_2(:ngrdcol,:nz),mixt_frac(:ngrdcol,:nz),corr_w_x_2(:ngrdcol,:nz),w_2(:ngrdcol,:nz),w_1(:ngrdcol,:nz),xm(:ngrdcol,:nz),x_2(:ngrdcol,:nz),x_1(:ngrdcol,:nz),corr_w_x_1(:ngrdcol,:nz),varnce_x_1(:ngrdcol,:nz),varnce_w_1(:ngrdcol,:nz))
calc_wpxpyp_pdf:
   2419, Generating implicit firstprivate(nz,ngrdcol)
         Generating NVIDIA GPU code
       2420, !$acc loop gang, vector(128) collapse(2) ! blockidx%x threadidx%x
       2421,   ! blockidx%x threadidx%x collapsed
   2419, Generating default present(wm(:ngrdcol,:nz),varnce_y_2(:ngrdcol,:nz),corr_w_y_2(:ngrdcol,:nz),wpxpyp(:ngrdcol,:nz),corr_w_x_2(:ngrdcol,:nz),varnce_x_2(:ngrdcol,:nz),xm(:ngrdcol,:nz),varnce_w_2(:ngrdcol,:nz),mixt_frac(:ngrdcol,:nz),corr_x_y_2(:ngrdcol,:nz),w_2(:ngrdcol,:nz),w_1(:ngrdcol,:nz),corr_x_y_1(:ngrdcol,:nz),x_2(:ngrdcol,:nz),x_1(:ngrdcol,:nz),corr_w_y_1(:ngrdcol,:nz),varnce_y_1(:ngrdcol,:nz),ym(:ngrdcol,:nz),y_2(:ngrdcol,:nz),y_1(:ngrdcol,:nz),corr_w_x_1(:ngrdcol,:nz),varnce_x_1(:ngrdcol,:nz),varnce_w_1(:ngrdcol,:nz))
calc_liquid_cloud_frac_component:
   2539, Generating implicit firstprivate(ngrdcol,nz)
         Generating NVIDIA GPU code
       2540, !$acc loop gang, vector(128) collapse(2) ! blockidx%x threadidx%x
       2541,   ! blockidx%x threadidx%x collapsed
   2539, Generating default present(rc(:ngrdcol,:nz),stdev_chi(:ngrdcol,:nz),cloud_frac(:ngrdcol,:nz),mean_chi(:ngrdcol,:nz))
   2541, Generating implicit firstprivate(zeta)
calc_ice_cloud_frac_component:
   2666, Generating implicit firstprivate(ngrdcol,nz)
         Generating NVIDIA GPU code
       2668, !$acc loop gang, vector(128) collapse(2) ! blockidx%x threadidx%x
             Generating reduction(.or.:l_any_below_freezing)
       2669,   ! blockidx%x threadidx%x collapsed
   2666, Generating default present(tl(:ngrdcol,:nz),rc_in(:ngrdcol,:nz),cloud_frac(:ngrdcol,:nz),rc(:ngrdcol,:nz),ice_supersat_frac(:ngrdcol,:nz))
         Generating implicit copy(l_any_below_freezing) [if not already present]
   2686, Generating create(rsat_ice(:,:)) [if not already present]
   2691, Generating implicit firstprivate(nz,ngrdcol)
         Generating NVIDIA GPU code
       2692, !$acc loop gang, vector(128) collapse(2) ! blockidx%x threadidx%x
       2693,   ! blockidx%x threadidx%x collapsed
   2691, Generating default present(mean_chi(:ngrdcol,:nz),crt(:ngrdcol,:nz),rc(:ngrdcol,:nz),ice_supersat_frac(:ngrdcol,:nz),rsatl(:ngrdcol,:nz),tl(:ngrdcol,:nz),stdev_chi(:ngrdcol,:nz))
   2693, Generating implicit firstprivate(zeta,chi_at_ice_sat)
calc_xprcp_component:
   3178, Generating implicit firstprivate(ngrdcol,nz)
         Generating NVIDIA GPU code
       3179, !$acc loop gang, vector(128) collapse(2) ! blockidx%x threadidx%x
       3180,   ! blockidx%x threadidx%x collapsed
   3178, Generating default present(vm(:ngrdcol,:nz),varnce_w_i(:ngrdcol,:nz),uprcp_contrib_comp_i(:ngrdcol,:nz),um(:ngrdcol,:nz),u_i(:ngrdcol,:nz),thlprcp_contrib_comp_i(:ngrdcol,:nz),thlm(:ngrdcol,:nz),thl_i(:ngrdcol,:nz),stdev_eta_i(:ngrdcol,:nz),crt_i(:ngrdcol,:nz),rtm(:ngrdcol,:nz),rt_i(:ngrdcol,:nz),rcm(:ngrdcol,:nz),corr_chi_eta_i(:ngrdcol,:nz),cloud_frac_i(:ngrdcol,:nz),stdev_chi_i(:ngrdcol,:nz),rtprcp_contrib_comp_i(:ngrdcol,:nz),wm(:ngrdcol,:nz),v_i(:ngrdcol,:nz),wprcp_contrib_comp_i(:ngrdcol,:nz),wp2rcp_contrib_comp_i(:ngrdcol,:nz),w_i(:ngrdcol,:nz),vprcp_contrib_comp_i(:ngrdcol,:nz),rc_i(:ngrdcol,:nz),cthl_i(:ngrdcol,:nz))
calc_w_up_in_cloud:
   3314, Generating implicit firstprivate(nz,ngrdcol)
         Generating NVIDIA GPU code
       3315, !$acc loop gang, vector(128) collapse(2) ! blockidx%x threadidx%x
       3316,   ! blockidx%x threadidx%x collapsed
   3314, Generating default present(w_2(:ngrdcol,:nz),w_up_in_cloud(:ngrdcol,:nz),w_down_in_cloud(:ngrdcol,:nz),cloud_frac_2(:ngrdcol,:nz),cloudy_downdraft_frac(:ngrdcol,:nz),cloudy_updraft_frac(:ngrdcol,:nz),cloud_frac_1(:ngrdcol,:nz),w_1(:ngrdcol,:nz),varnce_w_2(:ngrdcol,:nz),varnce_w_1(:ngrdcol,:nz),mixt_frac(:ngrdcol,:nz))
   3316, Generating implicit firstprivate(ratio_w_2,stdev_w_1,w_down_2,stdev_w_2,updraft_frac_2,exp_neg_ratio_w_2_sqd,downdraft_frac_2,erf_ratio_w_2,w_up_2,w_up_1,updraft_frac_1,w_down_1,downdraft_frac_1,ratio_w_1,erf_ratio_w_1,exp_neg_ratio_w_1_sqd)
nvfortran -DNETCDF -DCLUBB_REAL_TYPE=8 -DCLUBB_GPU -DCUDA -DCOAMPS_MICRO -DNR_SP -DSILHS -Dradoffline -Dnooverlap -DCLUBB -I/glade/u/apps/casper/24.12/spack/opt/spack/netcdf/4.9.2/nvhpc/24.11/djgy/include -Mcache_align -O2  -I/glade/u/apps/casper/24.12/spack/opt/spack/netcdf/4.9.2/nvhpc/24.11/djgy/include -Mbackslash -Mstandard -Kieee -acc -Minfo=accel  -c	/glade/u/home/ilinck/clubb_release/compile/../src/CLUBB_core/advance_xm_wpxp_module.F90
advance_xm_wpxp:
    481, Generating enter data create(lhs_pr1_wprtp(:,:),lhs_ma_zt(:,:,:),kw6(:,:),lhs_ta_wpvp(:,:,:),lhs_ta_xm(:,:,:),rhs_ta_wpup(:,:),rhs_ta_wpthlp(:,:),rhs_ta_wprtp(:,:),low_lev_effect(:,:),lhs_ta_wpup(:,:,:),lhs_ta_wpthlp(:,:,:),lhs_ta_wprtp(:,:,:),lhs_pr1_wpthlp(:,:),lhs_diff_zt(:,:,:),lhs_ma_zm(:,:,:),lhs_diff_zm(:,:,:),lhs_ac_pr2(:,:),vm_old(:,:),upwp_old(:,:),um_old(:,:),thlm_old(:,:),wprtp_old(:,:),rtm_old(:,:),vpwp_old(:,:),rhs_ta_wpvp(:,:),c7_skw_fnc(:,:),lhs_tp(:,:,:),high_lev_effect(:,:),c6thl_skw_fnc(:,:),c6rt_skw_fnc(:,:),c6_term(:,:),wpthlp_old(:,:))
    490, Generating enter data create(lhs_ta_wpsclrp(:,:,:,:),lhs_pr1_wpsclrp(:,:),sclrm_old(:,:,:),wpsclrp_old(:,:,:),rhs_ta_wpsclrp(:,:,:))
    527, Generating implicit firstprivate(ngrdcol,nz)
         Generating NVIDIA GPU code
        528, !$acc loop gang, vector(128) collapse(2) ! blockidx%x threadidx%x
        529,   ! blockidx%x threadidx%x collapsed
    527, Generating default present(wpthlp(:ngrdcol,:nz),wpthlp_old(:ngrdcol,:nz),wprtp_old(:ngrdcol,:nz),thlm(:ngrdcol,:nz),rtm_old(:ngrdcol,:nz),wprtp(:ngrdcol,:nz),thlm_old(:ngrdcol,:nz),rtm(:ngrdcol,:nz))
    539, Generating implicit firstprivate(ngrdcol,sclr_dim,nz)
         Generating NVIDIA GPU code
        540, !$acc loop gang, vector(128) collapse(3) ! blockidx%x threadidx%x
        541,   ! blockidx%x threadidx%x collapsed
        542,   ! blockidx%x threadidx%x collapsed
    539, Generating default present(sclrm(:ngrdcol,:nz,:sclr_dim),sclrm_old(:ngrdcol,:nz,:sclr_dim),wpsclrp_old(:ngrdcol,:nz,:sclr_dim),wpsclrp(:ngrdcol,:nz,:sclr_dim))
    552, Generating implicit firstprivate(nz,ngrdcol)
         Generating NVIDIA GPU code
        553, !$acc loop gang, vector(128) collapse(2) ! blockidx%x threadidx%x
        554,   ! blockidx%x threadidx%x collapsed
    552, Generating default present(vpwp_old(:ngrdcol,:nz),vpwp(:ngrdcol,:nz),vm_old(:ngrdcol,:nz),vm(:ngrdcol,:nz),upwp_old(:ngrdcol,:nz),upwp(:ngrdcol,:nz),um_old(:ngrdcol,:nz),um(:ngrdcol,:nz))
    568, Generating implicit firstprivate(nz,ngrdcol)
         Generating NVIDIA GPU code
        569, !$acc loop gang, vector(128) collapse(2) ! blockidx%x threadidx%x
        570,   ! blockidx%x threadidx%x collapsed
    568, Generating default present(c6rt_skw_fnc(:ngrdcol,:nz),skw_zm(:ngrdcol,:nz),clubb_params(:ngrdcol,10:12))
    570, Generating implicit firstprivate(c6rt,c6rtc,c6rtb)
    589, Generating implicit firstprivate(nz,ngrdcol)
         Generating NVIDIA GPU code
        590, !$acc loop gang, vector(128) collapse(2) ! blockidx%x threadidx%x
        591,   ! blockidx%x threadidx%x collapsed
    589, Generating default present(c6thl_skw_fnc(:ngrdcol,:nz),skw_zm(:ngrdcol,:nz),clubb_params(:ngrdcol,13:15))
    591, Generating implicit firstprivate(c6thl,c6thlc,c6thlb)
    622, Generating implicit firstprivate(ngrdcol,nz)
         Generating NVIDIA GPU code
        623, !$acc loop gang, vector(128) collapse(2) ! blockidx%x threadidx%x
        624,   ! blockidx%x threadidx%x collapsed
    622, Generating default present(c6rt_skw_fnc(:ngrdcol,:nz),c6thl_skw_fnc(:ngrdcol,:nz),clubb_params(:ngrdcol,10:13))
    636, Generating implicit firstprivate(nz,ngrdcol)
         Generating NVIDIA GPU code
        637, !$acc loop gang, vector(128) collapse(2) ! blockidx%x threadidx%x
        638,   ! blockidx%x threadidx%x collapsed
    636, Generating default present(cx_fnc_richardson(:ngrdcol,:nz),c7_skw_fnc(:ngrdcol,:nz))
    646, Generating implicit firstprivate(nz,ngrdcol)
         Generating NVIDIA GPU code
        647, !$acc loop gang, vector(128) collapse(2) ! blockidx%x threadidx%x
        648,   ! blockidx%x threadidx%x collapsed
    646, Generating default present(c7_skw_fnc(:ngrdcol,:nz),skw_zm(:ngrdcol,:nz),clubb_params(:ngrdcol,16:18))
    648, Generating implicit firstprivate(c7,c7c,c7b)
    678, Generating update self(c6rt_skw_fnc(:,:),c6thl_skw_fnc(:,:),c7_skw_fnc(:,:))
    693, Generating implicit firstprivate(nz,ngrdcol)
         Generating NVIDIA GPU code
        694, !$acc loop gang, vector(128) collapse(2) ! blockidx%x threadidx%x
             Generating reduction(.or.:err_code)
        695,   ! blockidx%x threadidx%x collapsed
    693, Generating default present(c7_skw_fnc(:ngrdcol,:nz))
         Generating implicit copy(err_code) [if not already present]
    713, Generating implicit firstprivate(nz,ngrdcol)
         Generating NVIDIA GPU code
        714, !$acc loop gang, vector(128) collapse(2) ! blockidx%x threadidx%x
        715,   ! blockidx%x threadidx%x collapsed
    713, Generating default present(kw6(:ngrdcol,:nz),kh_zt(:ngrdcol,:nz),clubb_params(:ngrdcol,42))
    738, Generating implicit firstprivate(nz,ngrdcol)
         Generating NVIDIA GPU code
        739, !$acc loop gang, vector(128) collapse(2) ! blockidx%x threadidx%x
        740,   ! blockidx%x threadidx%x collapsed
    738, Generating default present(c6_term(:ngrdcol,:nz),invrs_tau_c6_zm(:ngrdcol,:nz),c6rt_skw_fnc(:ngrdcol,:nz))
    747, Generating update self(c6_term(:,:))
    865, Generating implicit firstprivate(nz,ngrdcol)
         Generating NVIDIA GPU code
        866, !$acc loop gang, vector(128) collapse(2) ! blockidx%x threadidx%x
        867,   ! blockidx%x threadidx%x collapsed
    865, Generating default present(wprtp(:ngrdcol,:nz),thlm_old(:ngrdcol,:nz),wpthlp_old(:ngrdcol,:nz),wpthlp(:ngrdcol,:nz),wprtp_old(:ngrdcol,:nz),rtm(:ngrdcol,:nz),thlm(:ngrdcol,:nz),rtm_old(:ngrdcol,:nz))
    877, Generating implicit firstprivate(ngrdcol,sclr_dim,nz)
         Generating NVIDIA GPU code
        878, !$acc loop gang, vector(128) collapse(3) ! blockidx%x threadidx%x
        879,   ! blockidx%x threadidx%x collapsed
        880,   ! blockidx%x threadidx%x collapsed
    877, Generating default present(sclrm(:ngrdcol,:nz,:sclr_dim),sclrm_old(:ngrdcol,:nz,:sclr_dim),wpsclrp_old(:ngrdcol,:nz,:sclr_dim),wpsclrp(:ngrdcol,:nz,:sclr_dim))
    890, Generating implicit firstprivate(nz,ngrdcol)
         Generating NVIDIA GPU code
        891, !$acc loop gang, vector(128) collapse(2) ! blockidx%x threadidx%x
        892,   ! blockidx%x threadidx%x collapsed
    890, Generating default present(vpwp_old(:ngrdcol,:nz),vpwp(:ngrdcol,:nz),vm_old(:ngrdcol,:nz),upwp(:ngrdcol,:nz),um_old(:ngrdcol,:nz),vm(:ngrdcol,:nz),upwp_old(:ngrdcol,:nz),um(:ngrdcol,:nz))
    907, Generating update self(vpwp(:,:),vm_forcing(:,:),upwp(:,:),um_forcing(:,:),wpsclrp(:,:,:),sclrm_forcing(:,:,:),wpthlp_forcing(:,:),thlm_forcing(:,:),wprtp_forcing(:,:),rtm_forcing(:,:),vprcp(:,:),vg(:,:),uprcp(:,:),ug(:,:),wprtp_old(:,:),rtpthvp(:,:),wpsclrp_old(:,:,:),skw_zm(:,:),wp3_on_wp2_zt(:,:),rho_ds_zt(:,:),p_in_pa(:,:),vp2(:,:),up2(:,:),vm_ref(:,:),um_ref(:,:),vm_old(:,:),um_old(:,:),exner(:,:),wpthvp(:,:),wpthlp_old(:,:),varnce_w_2_zm(:,:),thvm(:,:),vm(:,:),um(:,:),thv_ds_zm(:,:),mixt_frac_zm(:,:),rc_coef_zm(:,:),em(:,:),sclrm_old(:,:,:),sclrm(:,:,:),sclrp2(:,:,:),wp2rtp(:,:),cx_fnc_richardson(:,:),lscale_zm(:,:),varnce_w_1_zm(:,:),upwp_old(:,:),w_1_zm(:,:),vpwp_old(:,:),thlm_ref(:,:),rtm_ref(:,:),thlpthvp(:,:),invrs_rho_ds_zm(:,:),fcor(:),rho_ds_zm(:,:),rcm(:,:),thlm_old(:,:),wpthlp(:,:),thlm(:,:),thlp2(:,:),wp2sclrp(:,:,:),rtm_old(:,:),wprtp(:,:),rtm(:,:),rtp2(:,:),wp2(:,:),sigma_sqd_w(:,:),invrs_rho_ds_zt(:,:),invrs_tau_c6_zm(:,:),kh_zm(:,:),wp3_on_wp2(:,:),wp2thlp(:,:),kh_zt(:,:),wm_zt(:,:),wm_zm(:,:),w_2_zm(:,:),sclrpthvp(:,:,:))
    954, Generating update self(rtm_ref(:,:),rtm(:,:))
    979, Generating update device(rtm(:,:))
    985, Generating update self(thlm_ref(:,:),thlm(:,:))
   1010, Generating update device(thlm(:,:))
   1018, Generating update self(vm_ref(:,:),vm(:,:),um(:,:),um_ref(:,:))
   1056, Generating update device(vm(:,:),um(:,:))
   1065, Generating update self(vm(:,:),um(:,:))
   1078, Generating implicit firstprivate(nz,ngrdcol)
         Generating NVIDIA GPU code
       1079, !$acc loop gang, vector(128) collapse(2) ! blockidx%x threadidx%x
       1080,   ! blockidx%x threadidx%x collapsed
   1078, Generating default present(vm_ref(:ngrdcol,:nz),vm(:ngrdcol,:nz),um_ref(:ngrdcol,:nz),um(:ngrdcol,:nz))
   1080, Generating implicit firstprivate(ts_nudge,dt)
   1089, Generating update self(vm(:,:),um(:,:))
   1105, Generating update self(vm_ref(:,:),um_ref(:,:))
   1122, Generating implicit firstprivate(ngrdcol)
         Generating NVIDIA GPU code
       1123, !$acc loop gang, vector(128) ! blockidx%x threadidx%x
   1122, Generating default present(thlm(:ngrdcol,:2),rtm(:ngrdcol,:2))
   1130, Generating implicit firstprivate(sclr_dim,ngrdcol)
         Generating NVIDIA GPU code
       1131, !$acc loop gang, vector(128) collapse(2) ! blockidx%x threadidx%x
       1132,   ! blockidx%x threadidx%x collapsed
   1130, Generating default present(sclrm(:ngrdcol,:2,:sclr_dim))
   1140, Generating implicit firstprivate(ngrdcol)
         Generating NVIDIA GPU code
       1141, !$acc loop gang, vector(128) ! blockidx%x threadidx%x
   1140, Generating default present(um_pert(:ngrdcol,:2),vm_pert(:ngrdcol,:2),vm(:ngrdcol,:2),um(:ngrdcol,:2))
   1141, Generating implicit firstprivate(l_perturbed_wind)
   1152, Generating exit data delete(lhs_pr1_wprtp(:,:),lhs_ma_zt(:,:,:),kw6(:,:),lhs_ta_wpvp(:,:,:),lhs_ta_xm(:,:,:),rhs_ta_wpup(:,:),rhs_ta_wpthlp(:,:),rhs_ta_wprtp(:,:),low_lev_effect(:,:),lhs_ta_wpup(:,:,:),lhs_ta_wpthlp(:,:,:),lhs_ta_wprtp(:,:,:),lhs_pr1_wpthlp(:,:),lhs_diff_zt(:,:,:),lhs_ma_zm(:,:,:),lhs_diff_zm(:,:,:),lhs_ac_pr2(:,:),vm_old(:,:),upwp_old(:,:),um_old(:,:),thlm_old(:,:),wprtp_old(:,:),rtm_old(:,:),vpwp_old(:,:),rhs_ta_wpvp(:,:),c7_skw_fnc(:,:),lhs_tp(:,:,:),high_lev_effect(:,:),c6thl_skw_fnc(:,:),c6rt_skw_fnc(:,:),c6_term(:,:),wpthlp_old(:,:))
   1161, Generating exit data delete(lhs_ta_wpsclrp(:,:,:,:),lhs_pr1_wpsclrp(:,:),wpsclrp_old(:,:,:),sclrm_old(:,:,:),rhs_ta_wpsclrp(:,:,:))
xm_wpxp_lhs:
   1327, Generating implicit firstprivate(ngrdcol)
         Generating NVIDIA GPU code
       1328, !$acc loop gang, vector(128) ! blockidx%x threadidx%x
   1327, Generating default present(lhs(:,:ngrdcol,:1))
   1338, Generating implicit firstprivate(ngrdcol)
         Generating NVIDIA GPU code
       1339, !$acc loop gang, vector(128) ! blockidx%x threadidx%x
   1338, Generating default present(lhs(:,:ngrdcol,2))
   1349, Generating implicit firstprivate(ngrdcol,nz)
         Generating NVIDIA GPU code
       1350, !$acc loop gang, vector(128) collapse(2) ! blockidx%x threadidx%x
       1351,   ! blockidx%x threadidx%x collapsed
   1349, Generating default present(lhs(:,:ngrdcol,:),lhs_ma_zm(:,:ngrdcol,2:nz),lhs_tp(:,:ngrdcol,2:nz),lhs_ta_xm(:,:ngrdcol,2:nz),lhs_diff_zm(:,:ngrdcol,2:nz),lhs_ac_pr2(:ngrdcol,2:nz),lhs_pr1(:ngrdcol,2:nz),lhs_ta_wpxp(:,:ngrdcol,2:nz))
   1351, Generating implicit firstprivate(k_xm,k_wpxp,invrs_dt)
   1389, Generating implicit firstprivate(ngrdcol)
         Generating NVIDIA GPU code
       1390, !$acc loop gang, vector(128) ! blockidx%x threadidx%x
   1389, Generating default present(lhs(:,:ngrdcol,nz*2))
   1390, Generating implicit firstprivate(nz)
   1401, Generating implicit firstprivate(nz,ngrdcol)
         Generating NVIDIA GPU code
       1402, !$acc loop gang, vector(128) collapse(2) ! blockidx%x threadidx%x
       1403,   ! blockidx%x threadidx%x collapsed
   1401, Generating default present(lhs(3,:ngrdcol,:))
   1403, Generating implicit firstprivate(k_wpxp,invrs_dt)
   1413, Generating implicit firstprivate(nz,ngrdcol)
         Generating NVIDIA GPU code
       1414, !$acc loop gang, vector(128) collapse(2) ! blockidx%x threadidx%x
       1415,   ! blockidx%x threadidx%x collapsed
   1413, Generating default present(lhs_diff_zt(:,:ngrdcol,2:nz),lhs(:,:ngrdcol,:))
   1415, Generating implicit firstprivate(k_xm)
   1427, Generating implicit firstprivate(nz,ngrdcol)
         Generating NVIDIA GPU code
       1428, !$acc loop gang, vector(128) collapse(2) ! blockidx%x threadidx%x
       1429,   ! blockidx%x threadidx%x collapsed
   1427, Generating default present(lhs_ma_zt(:,:ngrdcol,2:nz),lhs(:,:ngrdcol,:))
   1429, Generating implicit firstprivate(k_xm)
calc_xm_wpxp_lhs_terms:
   1587, Generating enter data create(kw6_zm(:,:),zeros_array(:),kh_n2_zm(:,:),k_zm(:,:),k_zt(:,:))
   1635, Generating implicit firstprivate(nz,ngrdcol)
         Generating NVIDIA GPU code
       1636, !$acc loop gang, vector(128) collapse(2) ! blockidx%x threadidx%x
       1637,   ! blockidx%x threadidx%x collapsed
   1635, Generating default present(kh_zm(:ngrdcol,:nz),kh_n2_zm(:ngrdcol,:nz))
   1644, Generating implicit firstprivate(nz,ngrdcol)
         Generating NVIDIA GPU code
       1645, !$acc loop gang, vector(128) collapse(2) ! blockidx%x threadidx%x
       1646,   ! blockidx%x threadidx%x collapsed
   1644, Generating default present(kh_n2_zm(:ngrdcol,:nz),kh_zm(:ngrdcol,:nz))
   1653, Generating implicit firstprivate(nz,ngrdcol)
         Generating NVIDIA GPU code
       1654, !$acc loop gang, vector(128) collapse(2) ! blockidx%x threadidx%x
       1655,   ! blockidx%x threadidx%x collapsed
   1653, Generating default present(kh_n2_zm(:ngrdcol,:nz),k_zm(:ngrdcol,:nz))
   1663, Generating implicit firstprivate(ngrdcol)
         Generating NVIDIA GPU code
       1664, !$acc loop gang, vector(128) ! blockidx%x threadidx%x
   1663, Generating default present(zeros_array(:ngrdcol))
   1683, Generating exit data delete(zeros_array(:),kw6_zm(:,:),kh_n2_zm(:,:),k_zm(:,:),k_zt(:,:))
xm_wpxp_rhs:
   1829, Generating enter data create(rhs_bp_pr3(:,:))
   1838, Generating implicit firstprivate(ngrdcol)
         Generating NVIDIA GPU code
       1839, !$acc loop gang, vector(128) ! blockidx%x threadidx%x
   1838, Generating default present(wpxp(:ngrdcol,:1),xm(:ngrdcol,:1),rhs(:ngrdcol,:2))
   1849, Generating implicit firstprivate(ngrdcol,nz)
         Generating NVIDIA GPU code
       1850, !$acc loop gang, vector(128) collapse(2) ! blockidx%x threadidx%x
       1851,   ! blockidx%x threadidx%x collapsed
   1849, Generating default present(rhs(:ngrdcol,:),wpxp(:ngrdcol,:nz),rhs_bp_pr3(:ngrdcol,2:nz-1),lhs_pr1(:ngrdcol,2:nz-1),rhs_ta(:ngrdcol,2:nz-1),lhs_ta_wpxp(:,:ngrdcol,2:nz-1),wpxp_forcing(:ngrdcol,2:nz-1),xm_forcing(:ngrdcol,2:nz-1),xm(:ngrdcol,2:nz-1))
   1851, Generating implicit firstprivate(k_xm,k_wpxp,invrs_dt)
   1874, Generating implicit firstprivate(ngrdcol)
         Generating NVIDIA GPU code
       1875, !$acc loop gang, vector(128) ! blockidx%x threadidx%x
   1874, Generating default present(xm_forcing(:ngrdcol,nz),xm(:ngrdcol,nz),rhs(:ngrdcol,nz*2-1:nz*2))
   1875, Generating implicit firstprivate(nz,invrs_dt)
   1886, Generating implicit firstprivate(nz,ngrdcol)
         Generating NVIDIA GPU code
       1887, !$acc loop gang, vector(128) collapse(2) ! blockidx%x threadidx%x
       1888,   ! blockidx%x threadidx%x collapsed
   1886, Generating default present(wpxp(:ngrdcol,2:nz-1),rhs(:ngrdcol,:))
   1888, Generating implicit firstprivate(k_wpxp,invrs_dt)
   1899, Generating update self(lhs_ta_wpxp(:,:,:),rhs(:,:),c7_skw_fnc(:,:),rhs_ta(:,:),xpthvp(:,:),xm_forcing(:,:),wpxp(:,:),xm(:,:),thv_ds_zm(:,:),wpxp_forcing(:,:),lhs_pr1(:,:))
   2028, Generating exit data delete(rhs_bp_pr3(:,:))
calc_xm_wpxp_ta_terms:
   2215, Generating enter data create(a1(:,:),sgn_t_vel_wprtp(:,:),coef_wp2thlp_implicit_zm(:,:),term_wp2thlp_explicit(:,:),coef_wp2thlp_implicit(:,:),term_wp2rtp_explicit_zm(:,:),coef_wp2rtp_implicit_zm(:,:),term_wp2rtp_explicit(:,:),coef_wp2rtp_implicit(:,:),sgn_t_vel_wpthlp(:,:),a1_zt(:,:),term_wp2thlp_explicit_zm(:,:))
   2221, Generating enter data create(term_wp2sclrp_explicit_zm(:,:),term_wp2sclrp_explicit(:,:),sgn_t_vel_wpsclrp(:,:))
   2244, Generating implicit firstprivate(ngrdcol,nz)
         Generating NVIDIA GPU code
       2245, !$acc loop gang, vector(128) collapse(3) ! blockidx%x threadidx%x
       2246,   ! blockidx%x threadidx%x collapsed
       2247,   ! blockidx%x threadidx%x collapsed
   2244, Generating default present(lhs_ta_wpthlp(:,:ngrdcol,:nz),lhs_ta_wprtp(:,:ngrdcol,:nz))
   2256, Generating implicit firstprivate(ngrdcol,nz,sclr_dim)
         Generating NVIDIA GPU code
       2257, !$acc loop gang, vector(128) collapse(4) ! blockidx%x threadidx%x
       2258,   ! blockidx%x threadidx%x collapsed
       2259,   ! blockidx%x threadidx%x collapsed
       2260,   ! blockidx%x threadidx%x collapsed
   2256, Generating default present(lhs_ta_wpsclrp(:,:ngrdcol,:nz,sclr_dim))
   2269, Generating implicit firstprivate(nz,ngrdcol)
         Generating NVIDIA GPU code
       2270, !$acc loop gang, vector(128) collapse(2) ! blockidx%x threadidx%x
       2271,   ! blockidx%x threadidx%x collapsed
   2269, Generating default present(term_wp2rtp_explicit(:ngrdcol,:nz),wp2thlp(:ngrdcol,:nz),wp2rtp(:ngrdcol,:nz),term_wp2thlp_explicit(:ngrdcol,:nz))
   2298, Generating implicit firstprivate(nz,ngrdcol)
         Generating NVIDIA GPU code
       2299, !$acc loop gang, vector(128) collapse(2) ! blockidx%x threadidx%x
       2300,   ! blockidx%x threadidx%x collapsed
   2298, Generating default present(wp2sclrp(:ngrdcol,:nz,sclr),term_wp2sclrp_explicit(:ngrdcol,:nz))
   2332, Generating implicit firstprivate(nz,ngrdcol)
         Generating NVIDIA GPU code
       2333, !$acc loop gang, vector(128) collapse(2) ! blockidx%x threadidx%x
       2334,   ! blockidx%x threadidx%x collapsed
   2332, Generating default present(sigma_sqd_w(:ngrdcol,:nz),a1(:ngrdcol,:nz))
   2344, Generating implicit firstprivate(nz,ngrdcol)
         Generating NVIDIA GPU code
       2345, !$acc loop gang, vector(128) collapse(2) ! blockidx%x threadidx%x
       2346,   ! blockidx%x threadidx%x collapsed
   2344, Generating default present(coef_wp2rtp_implicit(:ngrdcol,:nz),a1_zt(:ngrdcol,:nz),wp3_on_wp2_zt(:ngrdcol,:nz),coef_wp2thlp_implicit(:ngrdcol,:nz))
   2367, Generating implicit firstprivate(nz,ngrdcol)
         Generating NVIDIA GPU code
       2368, !$acc loop gang, vector(128) collapse(2) ! blockidx%x threadidx%x
       2369,   ! blockidx%x threadidx%x collapsed
   2367, Generating default present(coef_wp2rtp_implicit(:ngrdcol,:nz),a1_zt(:ngrdcol,:nz),wp3_on_wp2_zt(:ngrdcol,:nz),coef_wp2thlp_implicit(:ngrdcol,:nz))
   2385, Generating implicit firstprivate(nz,ngrdcol)
         Generating NVIDIA GPU code
       2386, !$acc loop gang, vector(128) collapse(3) ! blockidx%x threadidx%x
       2387,   ! blockidx%x threadidx%x collapsed
       2388,   ! blockidx%x threadidx%x collapsed
   2385, Generating default present(lhs_ta_wpthlp(:,:ngrdcol,:nz),lhs_ta_wprtp(:,:ngrdcol,:nz))
   2396, Generating implicit firstprivate(ngrdcol,sclr_dim,nz)
         Generating NVIDIA GPU code
       2397, !$acc loop gang, vector(128) collapse(4) ! blockidx%x threadidx%x
       2398,   ! blockidx%x threadidx%x collapsed
       2399,   ! blockidx%x threadidx%x collapsed
       2400,   ! blockidx%x threadidx%x collapsed
   2396, Generating default present(lhs_ta_wpsclrp(:,:ngrdcol,:nz,:sclr_dim),lhs_ta_wprtp(:,:ngrdcol,:nz))
   2410, Generating implicit firstprivate(nz,ngrdcol)
         Generating NVIDIA GPU code
       2411, !$acc loop gang, vector(128) collapse(2) ! blockidx%x threadidx%x
       2412,   ! blockidx%x threadidx%x collapsed
   2410, Generating default present(term_wp2thlp_explicit(:ngrdcol,:nz),term_wp2rtp_explicit(:ngrdcol,:nz))
   2422, Generating implicit firstprivate(nz,ngrdcol)
         Generating NVIDIA GPU code
       2423, !$acc loop gang, vector(128) collapse(2) ! blockidx%x threadidx%x
       2424,   ! blockidx%x threadidx%x collapsed
   2422, Generating default present(rhs_ta_wpthlp(:ngrdcol,:nz),rhs_ta_wprtp(:ngrdcol,:nz))
   2432, Generating implicit firstprivate(ngrdcol,sclr_dim,nz)
         Generating NVIDIA GPU code
       2433, !$acc loop gang, vector(128) collapse(3) ! blockidx%x threadidx%x
       2434,   ! blockidx%x threadidx%x collapsed
       2435,   ! blockidx%x threadidx%x collapsed
   2432, Generating default present(rhs_ta_wpsclrp(:ngrdcol,:nz,:sclr_dim))
   2447, Generating implicit firstprivate(nz,ngrdcol)
         Generating NVIDIA GPU code
       2448, !$acc loop gang, vector(128) collapse(3) ! blockidx%x threadidx%x
       2449,   ! blockidx%x threadidx%x collapsed
       2450,   ! blockidx%x threadidx%x collapsed
   2447, Generating default present(lhs_ta_wprtp(:,:ngrdcol,:nz),lhs_ta_wpvp(:,:ngrdcol,:nz),lhs_ta_wpup(:,:ngrdcol,:nz))
   2460, Generating implicit firstprivate(nz,ngrdcol)
         Generating NVIDIA GPU code
       2461, !$acc loop gang, vector(128) collapse(2) ! blockidx%x threadidx%x
       2462,   ! blockidx%x threadidx%x collapsed
   2460, Generating default present(rhs_ta_wpvp(:ngrdcol,:nz),rhs_ta_wpup(:ngrdcol,:nz))
   2594, Generating update self(term_wp2thlp_explicit(:,:),term_wp2rtp_explicit(:,:),coef_wp2rtp_implicit(:,:),coef_wp2thlp_implicit(:,:))
   2613, Generating exit data delete(a1(:,:),sgn_t_vel_wprtp(:,:),coef_wp2thlp_implicit_zm(:,:),term_wp2thlp_explicit(:,:),coef_wp2thlp_implicit(:,:),term_wp2rtp_explicit_zm(:,:),coef_wp2rtp_implicit_zm(:,:),term_wp2rtp_explicit(:,:),coef_wp2rtp_implicit(:,:),sgn_t_vel_wpthlp(:,:),a1_zt(:,:),term_wp2thlp_explicit_zm(:,:))
   2619, Generating exit data delete(term_wp2sclrp_explicit_zm(:,:),term_wp2sclrp_explicit(:,:),sgn_t_vel_wpsclrp(:,:))
solve_xm_wpxp_with_single_lhs:
   2940, Generating enter data create(ddzt_vm(:,:),ddzt_um(:,:),ddzt_um_pert(:,:),vpwp_forcing_pert(:,:),old_solution(:,:,:),lhs(:,:,:),rhs_save(:,:,:),rhs(:,:,:),rcond(:),vprtp(:,:),uprtp(:,:),vpthlp(:,:),upthlp(:,:),vpthvp(:,:),upthvp(:,:),vpwp_forcing(:,:),upwp_forcing(:,:),solution(:,:,:),vm_tndcy(:,:),um_tndcy(:,:),vprtp_pert(:,:),uprtp_pert(:,:),vpthlp_pert(:,:),upthlp_pert(:,:),vpthvp_pert(:,:),upthvp_pert(:,:),upwp_forcing_pert(:,:),tau_c6_zm(:,:),ddzt_vm_pert(:,:),zeros_vector(:,:))
   2947, Generating enter data create(wpsclrp_forcing(:,:,:))
   2951, Generating implicit firstprivate(ngrdcol,nz)
         Generating NVIDIA GPU code
       2952, !$acc loop gang, vector(128) collapse(2) ! blockidx%x threadidx%x
       2953,   ! blockidx%x threadidx%x collapsed
   2951, Generating default present(zeros_vector(:ngrdcol,:nz))
   3004, Generating implicit firstprivate(ngrdcol,nz)
         Generating NVIDIA GPU code
       3005, !$acc loop gang, vector(128) collapse(2) ! blockidx%x threadidx%x
       3006,   ! blockidx%x threadidx%x collapsed
   3004, Generating default present(wpsclrp_forcing(:ngrdcol,:nz,j))
   3006, Generating implicit firstprivate(j)
   3034, Generating implicit firstprivate(ngrdcol,nz)
         Generating NVIDIA GPU code
       3035, !$acc loop gang, vector(128) collapse(2) ! blockidx%x threadidx%x
       3036,   ! blockidx%x threadidx%x collapsed
   3034, Generating default present(vm_tndcy(:ngrdcol,:nz),vm_forcing(:ngrdcol,:nz),vm(:ngrdcol,:nz),ug(:ngrdcol,:nz),fcor(:ngrdcol),um_forcing(:ngrdcol,:nz),vg(:ngrdcol,:nz),um_tndcy(:ngrdcol,:nz),um(:ngrdcol,:nz))
   3045, Generating update self(ug(:,:),vg(:,:),fcor(:),um_forcing(:,:),vm_forcing(:,:),vm(:,:),um(:,:))
   3082, Generating implicit firstprivate(nz,ngrdcol)
         Generating NVIDIA GPU code
       3083, !$acc loop gang, vector(128) collapse(2) ! blockidx%x threadidx%x
       3084,   ! blockidx%x threadidx%x collapsed
   3082, Generating default present(vm_tndcy(:ngrdcol,:nz),um_tndcy(:ngrdcol,:nz))
   3097, Generating implicit firstprivate(nz,ngrdcol)
         Generating NVIDIA GPU code
       3098, !$acc loop gang, vector(128) collapse(2) ! blockidx%x threadidx%x
       3099,   ! blockidx%x threadidx%x collapsed
   3097, Generating default present(upwp_forcing(:ngrdcol,:nz),ddzt_um(:ngrdcol,:nz),ddzt_vm(:ngrdcol,:nz),wp2(:ngrdcol,:nz),vpwp_forcing(:ngrdcol,:nz),c_uu_shr(:ngrdcol))
   3111, Generating implicit firstprivate(nz,ngrdcol)
         Generating NVIDIA GPU code
       3112, !$acc loop gang, vector(128) collapse(2) ! blockidx%x threadidx%x
       3113,   ! blockidx%x threadidx%x collapsed
   3111, Generating default present(upwp_forcing_pert(:ngrdcol,:nz),ddzt_um_pert(:ngrdcol,:nz),ddzt_vm_pert(:ngrdcol,:nz),c_uu_shr(:ngrdcol),wp2(:ngrdcol,:nz),vpwp_forcing_pert(:ngrdcol,:nz))
   3124, Generating update self(ddzt_um(:,:),c_uu_shr(:),wp2(:,:),ddzt_vm(:,:))
   3135, Generating implicit firstprivate(nz,ngrdcol)
         Generating NVIDIA GPU code
       3136, !$acc loop gang, vector(128) collapse(2) ! blockidx%x threadidx%x
       3137,   ! blockidx%x threadidx%x collapsed
   3135, Generating default present(invrs_tau_c6_zm(:ngrdcol,:nz),tau_max_zm(:ngrdcol,:nz),tau_c6_zm(:ngrdcol,:nz))
   3186, Generating implicit firstprivate(ngrdcol,nz)
         Generating NVIDIA GPU code
       3187, !$acc loop gang, vector(128) collapse(2) ! blockidx%x threadidx%x
       3188,   ! blockidx%x threadidx%x collapsed
   3186, Generating default present(vpthvp(:ngrdcol,:nz),vpthlp(:ngrdcol,:nz),vprtp(:ngrdcol,:nz),vprcp(:ngrdcol,:nz),upthvp(:ngrdcol,:nz),upthlp(:ngrdcol,:nz),uprtp(:ngrdcol,:nz),rc_coef_zm(:ngrdcol,:nz),uprcp(:ngrdcol,:nz),thv_ds_zm(:ngrdcol,:nz))
   3200, Generating implicit firstprivate(nz,ngrdcol)
         Generating NVIDIA GPU code
       3201, !$acc loop gang, vector(128) collapse(2) ! blockidx%x threadidx%x
       3202,   ! blockidx%x threadidx%x collapsed
   3200, Generating default present(vpthvp_pert(:ngrdcol,:nz),vpthlp_pert(:ngrdcol,:nz),vprtp_pert(:ngrdcol,:nz),vprcp(:ngrdcol,:nz),upthvp_pert(:ngrdcol,:nz),upthlp_pert(:ngrdcol,:nz),uprtp_pert(:ngrdcol,:nz),uprcp(:ngrdcol,:nz),rc_coef_zm(:ngrdcol,:nz),thv_ds_zm(:ngrdcol,:nz))
   3217, Generating update self(vpthvp(:,:),vpthlp(:,:),upthlp(:,:),upthvp(:,:),vprtp(:,:),uprtp(:,:))
   3275, Generating implicit firstprivate(nz,nrhs,ngrdcol)
         Generating NVIDIA GPU code
       3276, !$acc loop gang, vector(128) collapse(3) ! blockidx%x threadidx%x
       3277,   ! blockidx%x threadidx%x collapsed
       3278,   ! blockidx%x threadidx%x collapsed
   3275, Generating default present(rhs_save(:ngrdcol,:nz*2,:nrhs),rhs(:ngrdcol,:nz*2,:nrhs))
   3288, Generating implicit firstprivate(nz,ngrdcol)
         Generating NVIDIA GPU code
       3289, !$acc loop gang, vector(128) collapse(2) ! blockidx%x threadidx%x
       3290,   ! blockidx%x threadidx%x collapsed
   3288, Generating default present(wpthlp(:ngrdcol,:nz),wprtp(:ngrdcol,:nz),rtm(:ngrdcol,:nz),thlm(:ngrdcol,:nz),old_solution(:ngrdcol,:nz*2,:2))
   3299, Generating implicit firstprivate(ngrdcol,sclr_dim,nz)
         Generating NVIDIA GPU code
       3300, !$acc loop gang, vector(128) collapse(3) ! blockidx%x threadidx%x
       3301,   ! blockidx%x threadidx%x collapsed
       3302,   ! blockidx%x threadidx%x collapsed
   3299, Generating default present(old_solution(:ngrdcol,:nz*2,3:sclr_dim+2),wpsclrp(:ngrdcol,:nz,:sclr_dim),sclrm(:ngrdcol,:nz,:sclr_dim))
   3311, Generating implicit firstprivate(nz,ngrdcol)
         Generating NVIDIA GPU code
       3312, !$acc loop gang, vector(128) collapse(2) ! blockidx%x threadidx%x
       3313,   ! blockidx%x threadidx%x collapsed
   3311, Generating default present(vpwp(:ngrdcol,:nz),vm(:ngrdcol,:nz),upwp(:ngrdcol,:nz),um(:ngrdcol,:nz),old_solution(:ngrdcol,:nz*2,sclr_dim+3:sclr_dim+4))
   3313, Generating implicit firstprivate(sclr_dim)
   3344, Generating update self(rhs_save(:,:,:),lhs(:,:,:),gr%zt(:,:),gr%zm(:,:))
   3644, Generating exit data delete(ddzt_vm(:,:),ddzt_um(:,:),ddzt_um_pert(:,:),vpwp_forcing_pert(:,:),old_solution(:,:,:),lhs(:,:,:),rhs_save(:,:,:),rhs(:,:,:),rcond(:),vprtp(:,:),uprtp(:,:),vpthlp(:,:),upthlp(:,:),vpthvp(:,:),upthvp(:,:),vpwp_forcing(:,:),upwp_forcing(:,:),solution(:,:,:),vm_tndcy(:,:),um_tndcy(:,:),vprtp_pert(:,:),uprtp_pert(:,:),vpthlp_pert(:,:),upthlp_pert(:,:),vpthvp_pert(:,:),upthvp_pert(:,:),upwp_forcing_pert(:,:),tau_c6_zm(:,:),ddzt_vm_pert(:,:),zeros_vector(:,:))
   3651, Generating exit data delete(wpsclrp_forcing(:,:,:))
xm_wpxp_clipping_and_stats:
   4553, Generating enter data create(xp2_relaxed(:,:),xm_pd(:,:),xm_old(:,:),wpxp_chnge(:,:),wpxp_pd(:,:))
   4649, Generating implicit firstprivate(ngrdcol,nz)
         Generating NVIDIA GPU code
       4650, !$acc loop gang, vector(128) collapse(2) ! blockidx%x threadidx%x
       4651,   ! blockidx%x threadidx%x collapsed
   4649, Generating default present(solution(:ngrdcol,:),xm_old(:ngrdcol,:nz),xm(:ngrdcol,:nz),wpxp(:ngrdcol,:nz))
   4651, Generating implicit firstprivate(k_wpxp,k_xm)
   4668, Generating update self(wm_zt(:,:),wpxp(:,:),xm(:,:),lhs_ma_zt(:,:,:),lhs_ta_wpxp(:,:,:),lhs_ta_xm(:,:,:),lhs_pr1(:,:),lhs_diff_zm(:,:,:),lhs_ma_zm(:,:,:),c7_skw_fnc(:,:),lhs_tp(:,:,:),rcond(:))
   4842, Generating update self(xm(:,:))
   4861, Generating update self(xm(:,:))
   4893, Generating implicit firstprivate(ngrdcol)
         Generating NVIDIA GPU code
       4894, !$acc loop gang, vector(128) ! blockidx%x threadidx%x
   4893, Generating default present(xm(:ngrdcol,:))
   4894, Generating implicit firstprivate(xm_tol)
   4895, Generating implicit firstprivate(xm_threshold)
   4904, Generating update self(xm(:,:))
   4929, Generating implicit firstprivate(nz,ngrdcol)
         Generating NVIDIA GPU code
       4930, !$acc loop gang, vector(128) collapse(2) ! blockidx%x threadidx%x
       4931,   ! blockidx%x threadidx%x collapsed
   4929, Generating default present(xp2_relaxed(:ngrdcol,:nz),xp2(:ngrdcol,:nz))
   4939, Generating implicit firstprivate(nz,ngrdcol)
         Generating NVIDIA GPU code
       4940, !$acc loop gang, vector(128) collapse(2) ! blockidx%x threadidx%x
       4941,   ! blockidx%x threadidx%x collapsed
   4939, Generating default present(xp2_relaxed(:ngrdcol,:nz),xp2(:ngrdcol,:nz))
   4949, Generating implicit firstprivate(nz,ngrdcol)
         Generating NVIDIA GPU code
       4950, !$acc loop gang, vector(128) collapse(2) ! blockidx%x threadidx%x
       4951,   ! blockidx%x threadidx%x collapsed
   4949, Generating default present(xp2_relaxed(:ngrdcol,:nz),xp2(:ngrdcol,:nz))
   4961, Generating implicit firstprivate(nz,ngrdcol)
         Generating NVIDIA GPU code
       4962, !$acc loop gang, vector(128) collapse(2) ! blockidx%x threadidx%x
       4963,   ! blockidx%x threadidx%x collapsed
   4961, Generating default present(xp2_relaxed(:ngrdcol,:nz),xp2(:ngrdcol,:nz))
   5039, Generating exit data delete(xp2_relaxed(:,:),xm_pd(:,:),xm_old(:,:),wpxp_chnge(:,:),wpxp_pd(:,:))
xm_term_ta_lhs:
   5130, Generating implicit firstprivate(ngrdcol)
         Generating NVIDIA GPU code
       5131, !$acc loop gang, vector(128) ! blockidx%x threadidx%x
   5130, Generating default present(lhs_ta_xm(:,:ngrdcol,:1))
   5138, Generating implicit firstprivate(nz,ngrdcol)
         Generating NVIDIA GPU code
       5139, !$acc loop gang, vector(128) collapse(2) ! blockidx%x threadidx%x
       5140,   ! blockidx%x threadidx%x collapsed
   5138, Generating default present(invrs_rho_ds_zt(:ngrdcol,2:nz),gr%invrs_dzt(1:ngrdcol,2:nz),gr,rho_ds_zm(:ngrdcol,:nz),lhs_ta_xm(:,:ngrdcol,2:nz))
wpxp_term_tp_lhs:
   5236, Generating implicit firstprivate(ngrdcol)
         Generating NVIDIA GPU code
       5237, !$acc loop gang, vector(128) ! blockidx%x threadidx%x
   5236, Generating default present(lhs_tp(:,:ngrdcol,:1))
   5244, Generating implicit firstprivate(nz,ngrdcol)
         Generating NVIDIA GPU code
       5245, !$acc loop gang, vector(128) collapse(2) ! blockidx%x threadidx%x
       5246,   ! blockidx%x threadidx%x collapsed
   5244, Generating default present(gr%invrs_dzm(1:ngrdcol,2:nz-1),wp2(:ngrdcol,2:nz-1),lhs_tp(:,:ngrdcol,2:nz-1),gr)
   5259, Generating implicit firstprivate(ngrdcol)
         Generating NVIDIA GPU code
       5260, !$acc loop gang, vector(128) ! blockidx%x threadidx%x
   5259, Generating default present(lhs_tp(:,:ngrdcol,nz))
   5260, Generating implicit firstprivate(nz)
wpxp_terms_ac_pr2_lhs:
   5351, Generating copyout(lhs_ac_pr2(:,:)) [if not already present]
         Generating copyin(wm_zt(:,:),c7_skw_fnc(:,:),invrs_dzm(:,:)) [if not already present]
   5355, Generating implicit firstprivate(ngrdcol)
         Generating NVIDIA GPU code
       5356, !$acc loop gang, vector(128) ! blockidx%x threadidx%x
   5362, Generating implicit firstprivate(nz,ngrdcol)
         Generating NVIDIA GPU code
       5363, !$acc loop gang, vector(128) collapse(2) ! blockidx%x threadidx%x
       5364,   ! blockidx%x threadidx%x collapsed
   5373, Generating implicit firstprivate(ngrdcol)
         Generating NVIDIA GPU code
       5374, !$acc loop gang, vector(128) ! blockidx%x threadidx%x
   5374, Generating implicit firstprivate(nz)
wpxp_term_pr1_lhs:
   5452, Generating implicit firstprivate(nz,ngrdcol)
         Generating NVIDIA GPU code
       5453, !$acc loop gang, vector(128) collapse(2) ! blockidx%x threadidx%x
       5454,   ! blockidx%x threadidx%x collapsed
   5452, Generating default present(lhs_pr1_wprtp(:ngrdcol,2:nz-1),lhs_pr1_wpthlp(:ngrdcol,2:nz-1),c6rt_skw_fnc(:ngrdcol,2:nz-1),invrs_tau_c6_zm(:ngrdcol,2:nz-1),c6thl_skw_fnc(:ngrdcol,2:nz-1))
   5466, Generating implicit firstprivate(ngrdcol)
         Generating NVIDIA GPU code
       5467, !$acc loop gang, vector(128) ! blockidx%x threadidx%x
   5466, Generating default present(lhs_pr1_wpthlp(:ngrdcol,:),lhs_pr1_wprtp(:ngrdcol,:))
   5467, Generating implicit firstprivate(nz)
   5486, Generating implicit firstprivate(ngrdcol,nz)
         Generating NVIDIA GPU code
       5487, !$acc loop gang, vector(128) collapse(2) ! blockidx%x threadidx%x
       5488,   ! blockidx%x threadidx%x collapsed
   5486, Generating default present(lhs_pr1_wpsclrp(:ngrdcol,2:nz-1),invrs_tau_c6_zm(:ngrdcol,2:nz-1),c7_skw_fnc(:ngrdcol,2:nz-1))
   5497, Generating implicit firstprivate(ngrdcol)
         Generating NVIDIA GPU code
       5498, !$acc loop gang, vector(128) ! blockidx%x threadidx%x
   5497, Generating default present(lhs_pr1_wpsclrp(:ngrdcol,:))
   5498, Generating implicit firstprivate(nz)
wpxp_terms_bp_pr3_rhs:
   5569, Generating copyout(rhs_bp_pr3(:,:)) [if not already present]
         Generating copyin(thv_ds_zm(:,:),xpthvp(:,:),c7_skw_fnc(:,:)) [if not already present]
   5573, Generating implicit firstprivate(ngrdcol)
         Generating NVIDIA GPU code
       5574, !$acc loop gang, vector(128) ! blockidx%x threadidx%x
   5579, Generating implicit firstprivate(nz,ngrdcol)
         Generating NVIDIA GPU code
       5580, !$acc loop gang, vector(128) collapse(2) ! blockidx%x threadidx%x
       5581,   ! blockidx%x threadidx%x collapsed
   5587, Generating implicit firstprivate(ngrdcol)
         Generating NVIDIA GPU code
       5588, !$acc loop gang, vector(128) ! blockidx%x threadidx%x
   5588, Generating implicit firstprivate(nz)
xm_correction_wpxp_cl:
   5772, Generating enter data create(l_any_clipping_needed,xm_tndcy_wpxp_cl(:,:),l_clipping_needed(:))
   5776, Generating implicit firstprivate(ngrdcol,nz)
         Generating NVIDIA GPU code
       5777, !$acc loop gang, vector(128) collapse(2) ! blockidx%x threadidx%x
       5778,   ! blockidx%x threadidx%x collapsed
   5776, Generating default present(l_clipping_needed(:ngrdcol),wpxp_chnge(:ngrdcol,:nz))
   5778, Generating implicit firstprivate(l_any_clipping_needed)
   5787, Generating update self(l_any_clipping_needed)
   5805, Generating implicit firstprivate(nz,ngrdcol)
         Generating NVIDIA GPU code
       5806, !$acc loop gang, vector(128) collapse(2) ! blockidx%x threadidx%x
       5807,   ! blockidx%x threadidx%x collapsed
   5805, Generating default present(l_clipping_needed(:ngrdcol),xm_tndcy_wpxp_cl(:ngrdcol,2:nz),xm(:ngrdcol,2:nz),wpxp_chnge(:ngrdcol,:nz),invrs_dzt(:ngrdcol,2:nz))
   5807, Generating implicit firstprivate(dt)
   5818, Generating update self(xm_tndcy_wpxp_cl(:,:))
   5828, Generating exit data delete(l_any_clipping_needed,xm_tndcy_wpxp_cl(:,:),l_clipping_needed(:))
damp_coefficient:
   5876, Generating implicit firstprivate(nz,ngrdcol)
         Generating NVIDIA GPU code
       5877, !$acc loop gang, vector(128) collapse(2) ! blockidx%x threadidx%x
       5878,   ! blockidx%x threadidx%x collapsed
   5876, Generating default present(coefficient(:ngrdcol),damped_value(:ngrdcol,:nz),gr,gr%zm(1:ngrdcol,1:nz),threshold(:ngrdcol),max_coeff_value(:ngrdcol),lscale_zm(:ngrdcol,:nz),altitude_threshold(:ngrdcol),cx_skw_fnc(:ngrdcol,:nz))
diagnose_upxp:
   5952, Generating enter data create(ddzt_xm(:,:),ddzt_ym(:,:))
   5957, Generating implicit firstprivate(nz,ngrdcol)
         Generating NVIDIA GPU code
       5958, !$acc loop gang, vector(128) collapse(2) ! blockidx%x threadidx%x
       5959,   ! blockidx%x threadidx%x collapsed
   5957, Generating default present(ypxp(:ngrdcol,2:nz-1),ypwp(:ngrdcol,2:nz-1),ddzt_ym(:ngrdcol,2:nz-1),c6x_skw_fnc(:ngrdcol,2:nz-1),tau_c6_zm(:ngrdcol,2:nz-1),ddzt_xm(:ngrdcol,2:nz-1),wpxp(:ngrdcol,2:nz-1),c7_skw_fnc(:ngrdcol,2:nz-1))
   5969, Generating implicit firstprivate(ngrdcol)
         Generating NVIDIA GPU code
       5970, !$acc loop gang, vector(128) ! blockidx%x threadidx%x
   5969, Generating default present(ypxp(:ngrdcol,:))
   5970, Generating implicit firstprivate(nz)
   5976, Generating exit data delete(ddzt_ym(:,:),ddzt_xm(:,:))
nvfortran -DNETCDF -DCLUBB_REAL_TYPE=8 -DCLUBB_GPU -DCUDA -DCOAMPS_MICRO -DNR_SP -DSILHS -Dradoffline -Dnooverlap -DCLUBB -I/glade/u/apps/casper/24.12/spack/opt/spack/netcdf/4.9.2/nvhpc/24.11/djgy/include -Mcache_align -O2  -I/glade/u/apps/casper/24.12/spack/opt/spack/netcdf/4.9.2/nvhpc/24.11/djgy/include -Mbackslash -Mstandard -Kieee -acc -Minfo=accel  -c	/glade/u/home/ilinck/clubb_release/compile/../src/CLUBB_core/advance_xp2_xpyp_module.F90
advance_xp2_xpyp:
    419, Generating enter data create(lhs_dp1(:,:),lhs_dp1_c14(:,:),rhs_ta_wpvp2(:,:),lhs_diff_uv(:,:,:),lhs_dp1_c4(:,:),lhs_diff(:,:,:),lhs(:,:,:),rhs_ta_wpup2(:,:),rhs_ta_wpthlp2(:,:),rhs_ta_wprtp2(:,:),rhs_ta_wprtpthlp(:,:),lhs_ta_wpvp2(:,:,:),lhs_ta_wpup2(:,:,:),lhs_ta_wpthlp2(:,:,:),lhs_ta_wprtp2(:,:,:),lhs_ta_wprtpthlp(:,:,:),lhs_ma(:,:,:),rtp2_old(:,:),kw9(:,:),kw2(:,:),kw2_zm(:,:),c4_1d(:,:),uv_rhs(:,:,:),up2_old(:,:),kw9_zm(:,:),thlp2_old(:,:),c2thl_1d(:,:),c2rt_1d(:,:),c2sclr_1d(:,:),c14_1d(:,:),c2rtthl_1d(:,:),uv_solution(:,:,:),threshold_array(:,:),rtpthlp_chnge(:,:),rtpthlp_old(:,:),rtm_zm(:,:),vp2_old(:,:))
    429, Generating enter data create(sclrprtp_old(:,:,:),rhs_ta_wpsclrp2(:,:,:),lhs_ta_wpthlpsclrp(:,:,:,:),rhs_ta_wprtpsclrp(:,:,:),lhs_ta_wpsclrp2(:,:,:,:),lhs_ta_wprtpsclrp(:,:,:,:),sclrp2_old(:,:,:),sclrpthlp_chnge(:,:,:),sclrpthlp_old(:,:,:),sclrprtp_chnge(:,:,:),rhs_ta_wpthlpsclrp(:,:,:))
    437, Generating implicit firstprivate(ngrdcol)
         Generating NVIDIA GPU code
        438, !$acc loop gang, vector(128) ! blockidx%x threadidx%x
             Generating reduction(.or.:err_code)
    437, Generating default present(clubb_params(:ngrdcol,8:9))
         Generating implicit copy(err_code) [if not already present]
    464, Generating implicit firstprivate(nz,ngrdcol)
         Generating NVIDIA GPU code
        465, !$acc loop gang, vector(128) collapse(2) ! blockidx%x threadidx%x
        466,   ! blockidx%x threadidx%x collapsed
    464, Generating default present(c2thl_1d(:ngrdcol,:nz),clubb_params(:ngrdcol,4:6),cloud_frac(:ngrdcol,:nz),c2rtthl_1d(:ngrdcol,:nz),c2rt_1d(:ngrdcol,:nz))
    482, Generating implicit firstprivate(nz,ngrdcol)
         Generating NVIDIA GPU code
        483, !$acc loop gang, vector(128) collapse(2) ! blockidx%x threadidx%x
        484,   ! blockidx%x threadidx%x collapsed
    482, Generating default present(c2rt_1d(:ngrdcol,:nz),c2rtthl_1d(:ngrdcol,:nz),c2thl_1d(:ngrdcol,:nz),clubb_params(:ngrdcol,4:6))
    493, Generating implicit firstprivate(nz,ngrdcol)
         Generating NVIDIA GPU code
        494, !$acc loop gang, vector(128) collapse(2) ! blockidx%x threadidx%x
        495,   ! blockidx%x threadidx%x collapsed
    493, Generating default present(c2sclr_1d(:ngrdcol,:nz),c14_1d(:ngrdcol,:nz),clubb_params(:ngrdcol,4:27),c4_1d(:ngrdcol,:nz))
    512, Generating implicit firstprivate(ngrdcol,nz)
         Generating NVIDIA GPU code
        513, !$acc loop gang, vector(128) collapse(2) ! blockidx%x threadidx%x
        514,   ! blockidx%x threadidx%x collapsed
    512, Generating default present(kw9(:ngrdcol,:nz),kw2(:ngrdcol,:nz),kh_zt(:ngrdcol,:nz),clubb_params(:ngrdcol,40:46))
    534, Generating implicit firstprivate(nz,ngrdcol)
         Generating NVIDIA GPU code
        535, !$acc loop gang, vector(128) collapse(2) ! blockidx%x threadidx%x
        536,   ! blockidx%x threadidx%x collapsed
    534, Generating default present(rtpthlp(:ngrdcol,:nz),rtp2_old(:ngrdcol,:nz),rtp2(:ngrdcol,:nz),thlp2_old(:ngrdcol,:nz),thlp2(:ngrdcol,:nz),rtpthlp_old(:ngrdcol,:nz))
    545, Generating implicit firstprivate(ngrdcol,sclr_dim,nz)
         Generating NVIDIA GPU code
        546, !$acc loop gang, vector(128) collapse(3) ! blockidx%x threadidx%x
        547,   ! blockidx%x threadidx%x collapsed
        548,   ! blockidx%x threadidx%x collapsed
    545, Generating default present(sclrp2(:ngrdcol,:nz,:sclr_dim),sclrp2_old(:ngrdcol,:nz,:sclr_dim),sclrprtp(:ngrdcol,:nz,:sclr_dim),sclrprtp_old(:ngrdcol,:nz,:sclr_dim),sclrpthlp_old(:ngrdcol,:nz,:sclr_dim),sclrpthlp(:ngrdcol,:nz,:sclr_dim))
    597, Generating implicit firstprivate(ngrdcol)
         Generating NVIDIA GPU code
        598, !$acc loop gang, vector(128) ! blockidx%x threadidx%x
             Generating reduction(.and.:l_single_solve_possible)
    597, Generating default present(clubb_params(:ngrdcol,4:6))
         Generating implicit copy(l_single_solve_possible) [if not already present]
    598, Generating implicit firstprivate(c2thl,c2rtthl,c2rt)
    670, Generating implicit firstprivate(nz,ngrdcol)
         Generating NVIDIA GPU code
        671, !$acc loop gang, vector(128) collapse(2) ! blockidx%x threadidx%x
        672,   ! blockidx%x threadidx%x collapsed
    670, Generating default present(vp2_old(:ngrdcol,:nz),vp2(:ngrdcol,:nz),up2_old(:ngrdcol,:nz),up2(:ngrdcol,:nz))
    690, Generating implicit firstprivate(nz,ngrdcol)
         Generating NVIDIA GPU code
        691, !$acc loop gang, vector(128) collapse(2) ! blockidx%x threadidx%x
        692,   ! blockidx%x threadidx%x collapsed
    690, Generating default present(lhs_dp1_c4(:ngrdcol,2:nz-1),lhs_dp1_c14(:ngrdcol,2:nz-1),lhs_dp1(:ngrdcol,2:nz-1))
    834, Generating implicit firstprivate(nz,ngrdcol)
         Generating NVIDIA GPU code
        835, !$acc loop gang, vector(128) collapse(2) ! blockidx%x threadidx%x
        836,   ! blockidx%x threadidx%x collapsed
    834, Generating default present(vp2(:ngrdcol,:nz),uv_solution(:ngrdcol,:nz,:),up2(:ngrdcol,:nz))
    844, Generating implicit firstprivate(nz,ngrdcol)
         Generating NVIDIA GPU code
        845, !$acc loop gang, vector(128) collapse(2) ! blockidx%x threadidx%x
        846,   ! blockidx%x threadidx%x collapsed
    844, Generating default present(vp2_old(:ngrdcol,:nz),vp2(:ngrdcol,:nz),up2_old(:ngrdcol,:nz),up2(:ngrdcol,:nz))
    856, Generating update self(lhs_diff_uv(:,:,:),lhs_dp1_c14(:,:),vp2(:,:),up2(:,:),lhs_dp1_c4(:,:),lhs_ma(:,:,:),lhs_ta_wpup2(:,:,:))
    933, Generating implicit firstprivate(nz,ngrdcol)
         Generating NVIDIA GPU code
        934, !$acc loop gang, vector(128) collapse(2) ! blockidx%x threadidx%x
        935,   ! blockidx%x threadidx%x collapsed
    933, Generating default present(threshold_array(:ngrdcol,:nz),wprtp(:ngrdcol,:nz),wp2(:ngrdcol,:nz))
    951, Generating implicit firstprivate(nz,ngrdcol)
         Generating NVIDIA GPU code
        952, !$acc loop gang, vector(128) collapse(2) ! blockidx%x threadidx%x
        953,   ! blockidx%x threadidx%x collapsed
    951, Generating default present(threshold_array(:ngrdcol,:nz))
    976, Generating update self(rtp2(:,:))
    986, Generating implicit firstprivate(nz,ngrdcol)
         Generating NVIDIA GPU code
        987, !$acc loop gang, vector(128) collapse(2) ! blockidx%x threadidx%x
        988,   ! blockidx%x threadidx%x collapsed
    986, Generating default present(clubb_params(:ngrdcol,93),rtp2(:ngrdcol,:nz),rtm_zm(:ngrdcol,:nz))
    988, Generating implicit firstprivate(threshold)
    999, Generating update self(rtp2(:,:))
   1037, Generating implicit firstprivate(nz,ngrdcol)
         Generating NVIDIA GPU code
       1038, !$acc loop gang, vector(128) collapse(2) ! blockidx%x threadidx%x
       1039,   ! blockidx%x threadidx%x collapsed
   1037, Generating default present(threshold_array(:ngrdcol,:nz),wpthlp(:ngrdcol,:nz),wp2(:ngrdcol,:nz))
   1055, Generating implicit firstprivate(nz,ngrdcol)
         Generating NVIDIA GPU code
       1056, !$acc loop gang, vector(128) collapse(2) ! blockidx%x threadidx%x
       1057,   ! blockidx%x threadidx%x collapsed
   1055, Generating default present(threshold_array(:ngrdcol,:nz))
   1074, Generating implicit firstprivate(nz,ngrdcol)
         Generating NVIDIA GPU code
       1075, !$acc loop gang, vector(128) collapse(2) ! blockidx%x threadidx%x
       1076,   ! blockidx%x threadidx%x collapsed
   1074, Generating default present(threshold_array(:ngrdcol,:nz))
   1090, Generating update self(up2(:,:))
   1099, Generating implicit firstprivate(nz,ngrdcol)
         Generating NVIDIA GPU code
       1100, !$acc loop gang, vector(128) collapse(2) ! blockidx%x threadidx%x
       1101,   ! blockidx%x threadidx%x collapsed
   1099, Generating default present(up2(:ngrdcol,:nz))
   1109, Generating update self(up2(:,:))
   1121, Generating implicit firstprivate(nz,ngrdcol)
         Generating NVIDIA GPU code
       1122, !$acc loop gang, vector(128) collapse(2) ! blockidx%x threadidx%x
       1123,   ! blockidx%x threadidx%x collapsed
   1121, Generating default present(threshold_array(:ngrdcol,:nz))
   1136, Generating update self(vp2(:,:))
   1145, Generating implicit firstprivate(nz,ngrdcol)
         Generating NVIDIA GPU code
       1146, !$acc loop gang, vector(128) collapse(2) ! blockidx%x threadidx%x
       1147,   ! blockidx%x threadidx%x collapsed
   1145, Generating default present(vp2(:ngrdcol,:nz))
   1155, Generating update self(vp2(:,:))
   1167, Generating update self(vp2(:,:),up2(:,:))
   1197, Generating update device(vp2(:,:),up2(:,:))
   1254, Generating implicit firstprivate(nz,ngrdcol)
         Generating NVIDIA GPU code
       1255, !$acc loop gang, vector(128) collapse(2) ! blockidx%x threadidx%x
       1256,   ! blockidx%x threadidx%x collapsed
   1254, Generating default present(threshold_array(:ngrdcol,:nz),sclr_tol(sclr))
   1281, Generating implicit firstprivate(nz,ngrdcol)
         Generating NVIDIA GPU code
       1282, !$acc loop gang, vector(128) collapse(2) ! blockidx%x threadidx%x
       1283,   ! blockidx%x threadidx%x collapsed
   1281, Generating default present(threshold_array(:ngrdcol,:nz),sclr_tol(sclr))
   1316, Generating implicit firstprivate(nz,ngrdcol)
         Generating NVIDIA GPU code
       1317, !$acc loop gang, vector(128) collapse(2) ! blockidx%x threadidx%x
       1318,   ! blockidx%x threadidx%x collapsed
   1316, Generating default present(threshold_array(:ngrdcol,:nz),sclr_tol(sclr))
   1346, Generating update self(sclrprtp_old(:,:,:),sclrpthlp(:,:,:),sclrp2_old(:,:,:),sclrprtp(:,:,:),sclrm(:,:,:),sclrp2(:,:,:),vm(:,:),vp2(:,:),um(:,:),up2(:,:),rtp2_old(:,:),rtpthlp_forcing(:,:),thlm(:,:),thlp2_forcing(:,:),rtm(:,:),rtp2_forcing(:,:),wprtp(:,:),rtpthlp_old(:,:),wp2(:,:),thlp2_old(:,:),rho_ds_zm(:,:),kh_zt(:,:),rtpthlp(:,:),thlp2(:,:),rtp2(:,:),invrs_tau_xp2_zm(:,:),sclrpthlp_old(:,:,:),vp2_old(:,:),up2_old(:,:),wp2_zt(:,:),wm_zm(:,:),upwp(:,:),thv_ds_zm(:,:),wpthvp(:,:),wpthlp(:,:),wpsclrp(:,:,:),sigma_sqd_w(:,:),wp3(:,:),rho_ds_zt(:,:),vpwp(:,:),invrs_rho_ds_zm(:,:),invrs_tau_c14_zm(:,:),invrs_tau_c4_zm(:,:))
   1423, Generating exit data delete(lhs_dp1(:,:),lhs_dp1_c14(:,:),rhs_ta_wpvp2(:,:),lhs_diff_uv(:,:,:),lhs_dp1_c4(:,:),lhs_diff(:,:,:),lhs(:,:,:),rhs_ta_wpup2(:,:),rhs_ta_wpthlp2(:,:),rhs_ta_wprtp2(:,:),rhs_ta_wprtpthlp(:,:),lhs_ta_wpvp2(:,:,:),lhs_ta_wpup2(:,:,:),lhs_ta_wpthlp2(:,:,:),lhs_ta_wprtp2(:,:,:),lhs_ta_wprtpthlp(:,:,:),lhs_ma(:,:,:),rtp2_old(:,:),kw9(:,:),kw2(:,:),kw2_zm(:,:),c4_1d(:,:),uv_rhs(:,:,:),up2_old(:,:),kw9_zm(:,:),thlp2_old(:,:),c2thl_1d(:,:),c2rt_1d(:,:),c2sclr_1d(:,:),c14_1d(:,:),c2rtthl_1d(:,:),uv_solution(:,:,:),threshold_array(:,:),rtpthlp_chnge(:,:),rtpthlp_old(:,:),rtm_zm(:,:),vp2_old(:,:))
   1433, Generating exit data delete(sclrprtp_old(:,:,:),rhs_ta_wpsclrp2(:,:,:),lhs_ta_wpthlpsclrp(:,:,:,:),rhs_ta_wprtpsclrp(:,:,:),lhs_ta_wpsclrp2(:,:,:,:),lhs_ta_wprtpsclrp(:,:,:,:),sclrp2_old(:,:,:),sclrpthlp_old(:,:,:),sclrpthlp_chnge(:,:,:),sclrprtp_chnge(:,:,:),rhs_ta_wpthlpsclrp(:,:,:))
solve_xp2_xpyp_with_single_lhs:
   1598, Generating enter data create(lhs(:,:,:),rhs(:,:,:),lhs_dp1(:,:),solution(:,:,:))
   1600, Generating enter data create(sclrpthlp_forcing(:,:),sclrprtp_forcing(:,:),sclrp2_forcing(:,:))
   1607, Generating implicit firstprivate(nz,ngrdcol)
         Generating NVIDIA GPU code
       1608, !$acc loop gang, vector(128) collapse(2) ! blockidx%x threadidx%x
       1609,   ! blockidx%x threadidx%x collapsed
   1607, Generating default present(lhs_dp1(:ngrdcol,2:nz-1))
   1653, Generating implicit firstprivate(nz,ngrdcol)
         Generating NVIDIA GPU code
       1654, !$acc loop gang, vector(128) collapse(2) ! blockidx%x threadidx%x
       1655,   ! blockidx%x threadidx%x collapsed
   1653, Generating default present(sclrp2_forcing(:ngrdcol,:nz))
   1677, Generating implicit firstprivate(nz,ngrdcol)
         Generating NVIDIA GPU code
       1678, !$acc loop gang, vector(128) collapse(2) ! blockidx%x threadidx%x
       1679,   ! blockidx%x threadidx%x collapsed
   1677, Generating default present(sclrprtp_forcing(:ngrdcol,:nz),rtp2_forcing(:ngrdcol,:nz))
   1687, Generating implicit firstprivate(nz,ngrdcol)
         Generating NVIDIA GPU code
       1688, !$acc loop gang, vector(128) collapse(2) ! blockidx%x threadidx%x
       1689,   ! blockidx%x threadidx%x collapsed
   1687, Generating default present(sclrprtp_forcing(:ngrdcol,:nz))
   1712, Generating implicit firstprivate(nz,ngrdcol)
         Generating NVIDIA GPU code
       1713, !$acc loop gang, vector(128) collapse(2) ! blockidx%x threadidx%x
       1714,   ! blockidx%x threadidx%x collapsed
   1712, Generating default present(sclrpthlp_forcing(:ngrdcol,:nz),thlp2_forcing(:ngrdcol,:nz))
   1722, Generating implicit firstprivate(nz,ngrdcol)
         Generating NVIDIA GPU code
       1723, !$acc loop gang, vector(128) collapse(2) ! blockidx%x threadidx%x
       1724,   ! blockidx%x threadidx%x collapsed
   1722, Generating default present(sclrpthlp_forcing(:ngrdcol,:nz))
   1756, Generating implicit firstprivate(ngrdcol,nz)
         Generating NVIDIA GPU code
       1757, !$acc loop gang, vector(128) collapse(2) ! blockidx%x threadidx%x
       1758,   ! blockidx%x threadidx%x collapsed
   1756, Generating default present(rtp2(:ngrdcol,:nz),thlp2(:ngrdcol,:nz),solution(:ngrdcol,:nz,:3),rtpthlp(:ngrdcol,:nz))
   1767, Generating implicit firstprivate(ngrdcol,sclr_dim,nz)
         Generating NVIDIA GPU code
       1768, !$acc loop gang, vector(128) collapse(3) ! blockidx%x threadidx%x
       1769,   ! blockidx%x threadidx%x collapsed
       1770,   ! blockidx%x threadidx%x collapsed
   1767, Generating default present(sclrprtp(:ngrdcol,:nz,:sclr_dim),sclrp2(:ngrdcol,:nz,:sclr_dim),solution(:ngrdcol,:nz,:),sclrpthlp(:ngrdcol,:nz,:sclr_dim))
   1785, Generating implicit firstprivate(nz,ngrdcol)
         Generating NVIDIA GPU code
       1786, !$acc loop gang, vector(128) collapse(2) ! blockidx%x threadidx%x
       1787,   ! blockidx%x threadidx%x collapsed
   1785, Generating default present(rtp2(:ngrdcol,:nz),thlp2(:ngrdcol,:nz),solution(:ngrdcol,:nz,:3),rtpthlp(:ngrdcol,:nz))
   1796, Generating implicit firstprivate(ngrdcol,sclr_dim,nz)
         Generating NVIDIA GPU code
       1797, !$acc loop gang, vector(128) collapse(3) ! blockidx%x threadidx%x
       1798,   ! blockidx%x threadidx%x collapsed
       1799,   ! blockidx%x threadidx%x collapsed
   1796, Generating default present(sclrprtp(:ngrdcol,:nz,:sclr_dim),sclrp2(:ngrdcol,:nz,:sclr_dim),solution(:ngrdcol,:nz,:),sclrpthlp(:ngrdcol,:nz,:sclr_dim))
   1813, Generating update self(lhs_dp1(:,:),lhs_ma(:,:,:),lhs_diff(:,:,:),rtp2(:,:),thlp2(:,:),rtpthlp(:,:),lhs_ta(:,:,:))
   1837, Generating exit data delete(lhs(:,:,:),rhs(:,:,:),lhs_dp1(:,:),solution(:,:,:))
   1839, Generating exit data delete(sclrpthlp_forcing(:,:),sclrprtp_forcing(:,:),sclrp2_forcing(:,:))
solve_xp2_xpyp_with_multiple_lhs:
   2027, Generating enter data create(rtp2_solution(:,:),rtpthlp_solution(:,:),rhs(:,:),lhs(:,:,:),thlp2_solution(:,:),lhs_dp1(:,:),threshold)
   2030, Generating enter data create(sclrp2_forcing(:,:),sclrprtp_solution(:,:,:),sclrp2_solution(:,:,:),sclr_solution(:,:,:),sclr_rhs(:,:,:),sclrpthlp_forcing(:,:),sclrpthlp_solution(:,:,:),sclrprtp_forcing(:,:))
   2040, Generating implicit firstprivate(nz,ngrdcol)
         Generating NVIDIA GPU code
       2041, !$acc loop gang, vector(128) collapse(2) ! blockidx%x threadidx%x
       2042,   ! blockidx%x threadidx%x collapsed
   2040, Generating default present(lhs_dp1(:ngrdcol,2:nz-1))
   2070, Generating implicit firstprivate(ngrdcol,nz)
         Generating NVIDIA GPU code
       2071, !$acc loop gang, vector(128) collapse(2) ! blockidx%x threadidx%x
       2072,   ! blockidx%x threadidx%x collapsed
   2070, Generating default present(rtp2_solution(:ngrdcol,:nz),rtp2(:ngrdcol,:nz))
   2078, Generating implicit firstprivate(ngrdcol,nz)
         Generating NVIDIA GPU code
       2079, !$acc loop gang, vector(128) collapse(2) ! blockidx%x threadidx%x
       2080,   ! blockidx%x threadidx%x collapsed
   2078, Generating default present(rtp2(:ngrdcol,:nz),rtp2_solution(:ngrdcol,:nz))
   2089, Generating update self(lhs_dp1(:,:),lhs_ma(:,:,:),lhs_diff(:,:,:),rtp2(:,:),lhs_ta_wprtp2(:,:,:))
   2106, Generating implicit firstprivate(nz,ngrdcol)
         Generating NVIDIA GPU code
       2107, !$acc loop gang, vector(128) collapse(2) ! blockidx%x threadidx%x
       2108,   ! blockidx%x threadidx%x collapsed
   2106, Generating default present(lhs_dp1(:ngrdcol,2:nz-1))
   2137, Generating implicit firstprivate(nz,ngrdcol)
         Generating NVIDIA GPU code
       2138, !$acc loop gang, vector(128) collapse(2) ! blockidx%x threadidx%x
       2139,   ! blockidx%x threadidx%x collapsed
   2137, Generating default present(thlp2_solution(:ngrdcol,:nz),thlp2(:ngrdcol,:nz))
   2145, Generating implicit firstprivate(nz,ngrdcol)
         Generating NVIDIA GPU code
       2146, !$acc loop gang, vector(128) collapse(2) ! blockidx%x threadidx%x
       2147,   ! blockidx%x threadidx%x collapsed
   2145, Generating default present(thlp2_solution(:ngrdcol,:nz),thlp2(:ngrdcol,:nz))
   2156, Generating update self(lhs_dp1(:,:),lhs_ma(:,:,:),lhs_diff(:,:,:),thlp2(:,:),lhs_ta_wpthlp2(:,:,:))
   2172, Generating implicit firstprivate(nz,ngrdcol)
         Generating NVIDIA GPU code
       2173, !$acc loop gang, vector(128) collapse(2) ! blockidx%x threadidx%x
       2174,   ! blockidx%x threadidx%x collapsed
   2172, Generating default present(lhs_dp1(:ngrdcol,2:nz-1))
   2203, Generating implicit firstprivate(nz,ngrdcol)
         Generating NVIDIA GPU code
       2204, !$acc loop gang, vector(128) collapse(2) ! blockidx%x threadidx%x
       2205,   ! blockidx%x threadidx%x collapsed
   2203, Generating default present(rtpthlp_solution(:ngrdcol,:nz),rtpthlp(:ngrdcol,:nz))
   2211, Generating implicit firstprivate(nz,ngrdcol)
         Generating NVIDIA GPU code
       2212, !$acc loop gang, vector(128) collapse(2) ! blockidx%x threadidx%x
       2213,   ! blockidx%x threadidx%x collapsed
   2211, Generating default present(rtpthlp_solution(:ngrdcol,:nz),rtpthlp(:ngrdcol,:nz))
   2222, Generating update self(lhs_dp1(:,:),lhs_ma(:,:,:),lhs_diff(:,:,:),rtpthlp(:,:),lhs_ta_wprtpthlp(:,:,:))
   2239, Generating implicit firstprivate(nz,ngrdcol)
         Generating NVIDIA GPU code
       2240, !$acc loop gang, vector(128) collapse(2) ! blockidx%x threadidx%x
       2241,   ! blockidx%x threadidx%x collapsed
   2239, Generating default present(lhs_dp1(:ngrdcol,:nz))
   2382, Generating implicit firstprivate(nz,ngrdcol)
         Generating NVIDIA GPU code
       2383, !$acc loop gang, vector(128) collapse(2) ! blockidx%x threadidx%x
       2384,   ! blockidx%x threadidx%x collapsed
   2382, Generating default present(sclrp2_forcing(:ngrdcol,:nz))
   2406, Generating implicit firstprivate(nz,ngrdcol)
         Generating NVIDIA GPU code
       2407, !$acc loop gang, vector(128) collapse(2) ! blockidx%x threadidx%x
       2408,   ! blockidx%x threadidx%x collapsed
   2406, Generating default present(sclrprtp_forcing(:ngrdcol,:nz),rtp2_forcing(:ngrdcol,:nz))
   2416, Generating implicit firstprivate(nz,ngrdcol)
         Generating NVIDIA GPU code
       2417, !$acc loop gang, vector(128) collapse(2) ! blockidx%x threadidx%x
       2418,   ! blockidx%x threadidx%x collapsed
   2416, Generating default present(sclrprtp_forcing(:ngrdcol,:nz))
   2442, Generating implicit firstprivate(nz,ngrdcol)
         Generating NVIDIA GPU code
       2443, !$acc loop gang, vector(128) collapse(2) ! blockidx%x threadidx%x
       2444,   ! blockidx%x threadidx%x collapsed
   2442, Generating default present(thlp2_forcing(:ngrdcol,:nz),sclrpthlp_forcing(:ngrdcol,:nz))
   2452, Generating implicit firstprivate(nz,ngrdcol)
         Generating NVIDIA GPU code
       2453, !$acc loop gang, vector(128) collapse(2) ! blockidx%x threadidx%x
       2454,   ! blockidx%x threadidx%x collapsed
   2452, Generating default present(sclrpthlp_forcing(:ngrdcol,:nz))
   2484, Generating implicit firstprivate(ngrdcol,sclr_dim,nz)
         Generating NVIDIA GPU code
       2485, !$acc loop gang, vector(128) collapse(3) ! blockidx%x threadidx%x
       2486,   ! blockidx%x threadidx%x collapsed
       2487,   ! blockidx%x threadidx%x collapsed
   2484, Generating default present(sclr_solution(:ngrdcol,:nz,:),sclrp2(:ngrdcol,:nz,:sclr_dim),sclrpthlp(:ngrdcol,:nz,:sclr_dim),sclrprtp(:ngrdcol,:nz,:sclr_dim))
   2501, Generating implicit firstprivate(ngrdcol,sclr_dim,nz)
         Generating NVIDIA GPU code
       2502, !$acc loop gang, vector(128) collapse(3) ! blockidx%x threadidx%x
       2503,   ! blockidx%x threadidx%x collapsed
       2504,   ! blockidx%x threadidx%x collapsed
   2501, Generating default present(sclr_solution(:ngrdcol,:nz,:),sclrp2(:ngrdcol,:nz,:sclr_dim),sclrpthlp(:ngrdcol,:nz,:sclr_dim),sclrprtp(:ngrdcol,:nz,:sclr_dim))
   2519, Generating exit data delete(rtp2_solution(:,:),rtpthlp_solution(:,:),rhs(:,:),lhs(:,:,:),thlp2_solution(:,:),lhs_dp1(:,:),threshold)
   2522, Generating exit data delete(sclrp2_forcing(:,:),sclrprtp_solution(:,:,:),sclrp2_solution(:,:,:),sclr_solution(:,:,:),sclr_rhs(:,:,:),sclrpthlp_solution(:,:,:),sclrpthlp_forcing(:,:),sclrprtp_forcing(:,:))
xp2_xpyp_lhs:
   2605, Generating implicit firstprivate(ngrdcol,nz)
         Generating NVIDIA GPU code
       2606, !$acc loop gang, vector(128) collapse(2) ! blockidx%x threadidx%x
       2607,   ! blockidx%x threadidx%x collapsed
   2605, Generating default present(lhs_diff(:,:ngrdcol,2:nz-1),lhs(:,:ngrdcol,2:nz-1),lhs_dp1(:ngrdcol,2:nz-1),lhs_ma(:,:ngrdcol,2:nz-1),lhs_ta(:,:ngrdcol,2:nz-1))
   2619, Generating implicit firstprivate(nz,ngrdcol)
         Generating NVIDIA GPU code
       2620, !$acc loop gang, vector(128) collapse(2) ! blockidx%x threadidx%x
       2621,   ! blockidx%x threadidx%x collapsed
   2619, Generating default present(lhs(2,:ngrdcol,2:nz-1))
   2621, Generating implicit firstprivate(dt)
   2634, Generating implicit firstprivate(ngrdcol)
         Generating NVIDIA GPU code
       2635, !$acc loop gang, vector(128) ! blockidx%x threadidx%x
   2634, Generating default present(lhs(:,:ngrdcol,:))
   2635, Generating implicit firstprivate(nz)
xp2_xpyp_uv_rhs:
   3130, Generating enter data create(rhs_pr2(:,:),rhs_term_tp(:,:),rhs_pr1(:,:))
   3158, Generating implicit firstprivate(nz,ngrdcol)
         Generating NVIDIA GPU code
       3159, !$acc loop gang, vector(128) collapse(2) ! blockidx%x threadidx%x
       3160,   ! blockidx%x threadidx%x collapsed
   3158, Generating default present(lhs_splat_wp2(:ngrdcol,2:nz-1),rhs(:ngrdcol,2:nz-1),wp2(:ngrdcol,2:nz-1),rhs_ta(:ngrdcol,2:nz-1))
   3185, Generating implicit firstprivate(nz,ngrdcol)
         Generating NVIDIA GPU code
       3186, !$acc loop gang, vector(128) collapse(2) ! blockidx%x threadidx%x
       3187,   ! blockidx%x threadidx%x collapsed
   3185, Generating default present(rhs_pr1(:ngrdcol,2:nz-1),c_uu_shr(:ngrdcol),lhs_dp1_c14(:ngrdcol,2:nz-1),rhs(:ngrdcol,2:nz-1),rhs_pr2(:ngrdcol,2:nz-1),lhs_ta(:,:ngrdcol,2:nz-1),lhs_dp1_c4(:ngrdcol,2:nz-1),xap2(:ngrdcol,:nz),rhs_term_tp(:ngrdcol,2:nz-1))
   3214, Generating implicit firstprivate(nz,ngrdcol)
         Generating NVIDIA GPU code
       3215, !$acc loop gang, vector(128) collapse(2) ! blockidx%x threadidx%x
       3216,   ! blockidx%x threadidx%x collapsed
   3214, Generating default present(rhs(:ngrdcol,2:nz-1),xap2(:ngrdcol,2:nz-1))
   3216, Generating implicit firstprivate(dt)
   3224, Generating update self(lhs_dp1_c14(:,:),invrs_tau_c4_zm(:,:),rhs_ta(:,:),lhs_dp1_c4(:,:),lhs_ta(:,:,:),invrs_tau_c14_zm(:,:),rhs_term_tp(:,:),xbp2(:,:),xap2(:,:),wp2(:,:),lhs_splat_wp2(:,:),rhs_pr2(:,:))
   3309, Generating implicit firstprivate(ngrdcol)
         Generating NVIDIA GPU code
       3310, !$acc loop gang, vector(128) ! blockidx%x threadidx%x
   3309, Generating default present(xap2(:ngrdcol,:1),rhs(:ngrdcol,:))
   3310, Generating implicit firstprivate(nz)
   3318, Generating exit data delete(rhs_term_tp(:,:),rhs_pr2(:,:),rhs_pr1(:,:))
xp2_xpyp_rhs:
   3475, Generating enter data create(lhs_term_dp1(:,:),rhs_term_tp(:,:),rhs_term_dp1(:,:))
   3526, Generating implicit firstprivate(ngrdcol,nz)
         Generating NVIDIA GPU code
       3527, !$acc loop gang, vector(128) collapse(2) ! blockidx%x threadidx%x
       3528,   ! blockidx%x threadidx%x collapsed
   3526, Generating default present(lhs_ta(:,:ngrdcol,2:nz-1),rhs_ta(:ngrdcol,2:nz-1),rhs_term_dp1(:ngrdcol,2:nz-1),lhs_term_dp1(:ngrdcol,2:nz-1),rhs(:ngrdcol,2:nz-1),xapxbp(:ngrdcol,:nz),rhs_term_tp(:ngrdcol,2:nz-1))
   3581, Generating implicit firstprivate(nz,ngrdcol)
         Generating NVIDIA GPU code
       3582, !$acc loop gang, vector(128) collapse(2) ! blockidx%x threadidx%x
       3583,   ! blockidx%x threadidx%x collapsed
   3581, Generating default present(xpyp_forcing(:ngrdcol,2:nz-1),rhs(:ngrdcol,2:nz-1))
   3590, Generating implicit firstprivate(nz,ngrdcol)
         Generating NVIDIA GPU code
       3591, !$acc loop gang, vector(128) collapse(2) ! blockidx%x threadidx%x
       3592,   ! blockidx%x threadidx%x collapsed
   3590, Generating default present(xapxbp(:ngrdcol,2:nz-1),rhs(:ngrdcol,2:nz-1))
   3592, Generating implicit firstprivate(dt)
   3600, Generating update self(lhs_ta(:,:,:),rhs_ta(:,:),xpyp_forcing(:,:),xbm(:,:),rhs_term_tp(:,:),wpxap(:,:),xapxbp(:,:),rhs_term_dp1(:,:),wpxbp(:,:),cn(:,:),xam(:,:),invrs_tau_zm(:,:),lhs_term_dp1(:,:))
   3700, Generating implicit firstprivate(ngrdcol)
         Generating NVIDIA GPU code
       3701, !$acc loop gang, vector(128) ! blockidx%x threadidx%x
   3700, Generating default present(xapxbp(:ngrdcol,:1),rhs(:ngrdcol,:))
   3701, Generating implicit firstprivate(threshold,nz)
   3707, Generating exit data delete(lhs_term_dp1(:,:),rhs_term_tp(:,:),rhs_term_dp1(:,:))
calc_xp2_xpyp_ta_terms:
   4000, Generating enter data create(wp_coef(:,:),vpwp_zt(:,:),wprtp_zt(:,:),wp_coef_zt(:,:),upwp_zt(:,:),term_wpvp2_explicit_zm(:,:),a1(:,:),sgn_t_vel_up2(:,:),sgn_t_vel_thlp2(:,:),sgn_t_vel_rtp2(:,:),sgn_t_vel_rtpthlp(:,:),coef_wpvp2_implicit_zm(:,:),term_wpvp2_explicit(:,:),term_wpup2_explicit(:,:),coef_wpup2_implicit(:,:),term_wpup2_explicit_zm(:,:),coef_wpup2_implicit_zm(:,:),term_wpthlp2_explicit_zm(:,:),coef_wpthlp2_implicit(:,:),term_wprtpthlp_explicit(:,:),coef_wpvp2_implicit(:,:),term_wprtp2_explicit_zm(:,:),coef_wprtp2_implicit_zm(:,:),term_wpthlp2_explicit(:,:),term_wprtpthlp_explicit_zm(:,:),coef_wprtpthlp_implicit(:,:),term_wprtp2_explicit(:,:),coef_wprtp2_implicit(:,:),sgn_t_vel_vp2(:,:),a1_zt(:,:),wpthlp_zt(:,:))
   4012, Generating enter data create(term_wpthlpsclrp_explicit_zm(:,:),wpsclrp_zt(:,:,:),sgn_t_vel_sclrprtp(:,:),sgn_t_vel_sclrp2(:,:),coef_wpthlpsclrp_implicit_zm(:,:),term_wpsclrp2_explicit_zm(:,:),coef_wpthlpsclrp_implicit(:,:),coef_wpsclrp2_implicit_zm(:,:),term_wprtpsclrp_explicit(:,:),coef_wprtpsclrp_implicit(:,:),sgn_t_vel_sclrpthlp(:,:),term_wpsclrp2_explicit(:,:),coef_wpsclrp2_implicit(:,:),term_wprtpsclrp_explicit_zm(:,:),coef_wprtpsclrp_implicit_zm(:,:))
   4027, Generating implicit firstprivate(ngrdcol,nz)
         Generating NVIDIA GPU code
       4028, !$acc loop gang, vector(128) collapse(2) ! blockidx%x threadidx%x
       4029,   ! blockidx%x threadidx%x collapsed
   4027, Generating default present(sigma_sqd_w(:ngrdcol,:nz),a1(:ngrdcol,:nz))
   4039, Generating implicit firstprivate(nz,ngrdcol)
         Generating NVIDIA GPU code
       4040, !$acc loop gang, vector(128) collapse(2) ! blockidx%x threadidx%x
       4041,   ! blockidx%x threadidx%x collapsed
   4039, Generating default present(wp_coef(:ngrdcol,:nz),wp_coef_zt(:ngrdcol,:nz),wp2(:ngrdcol,:nz),a1(:ngrdcol,:nz),wp3_on_wp2(:ngrdcol,:nz),wp3_on_wp2_zt(:ngrdcol,:nz),beta(:ngrdcol),a1_zt(:ngrdcol,:nz),wp2_zt(:ngrdcol,:nz))
   4301, Generating implicit firstprivate(ngrdcol,nz)
         Generating NVIDIA GPU code
       4302, !$acc loop gang, vector(128) collapse(2) ! blockidx%x threadidx%x
       4303,   ! blockidx%x threadidx%x collapsed
   4301, Generating default present(coef_wprtp2_implicit(:ngrdcol,:nz),coef_wprtpthlp_implicit(:ngrdcol,:nz),beta(:ngrdcol),a1_zt(:ngrdcol,:nz),wp3_on_wp2_zt(:ngrdcol,:nz),coef_wpthlp2_implicit(:ngrdcol,:nz))
   4315, Generating implicit firstprivate(nz,ngrdcol)
         Generating NVIDIA GPU code
       4316, !$acc loop gang, vector(128) collapse(2) ! blockidx%x threadidx%x
       4317,   ! blockidx%x threadidx%x collapsed
   4315, Generating default present(coef_wprtp2_implicit_zm(:ngrdcol,:nz),beta(:ngrdcol),a1(:ngrdcol,:nz),wp3_on_wp2(:ngrdcol,:nz),sgn_t_vel_rtp2(:ngrdcol,:nz))
   4339, Generating implicit firstprivate(nz,ngrdcol)
         Generating NVIDIA GPU code
       4340, !$acc loop gang, vector(128) collapse(2) ! blockidx%x threadidx%x
       4341,   ! blockidx%x threadidx%x collapsed
   4339, Generating default present(coef_wprtp2_implicit(:ngrdcol,:nz),coef_wprtpthlp_implicit(:ngrdcol,:nz),beta(:ngrdcol),a1_zt(:ngrdcol,:nz),coef_wpthlp2_implicit(:ngrdcol,:nz),wp3_on_wp2_zt(:ngrdcol,:nz))
   4358, Generating implicit firstprivate(nz,ngrdcol)
         Generating NVIDIA GPU code
       4359, !$acc loop gang, vector(128) collapse(3) ! blockidx%x threadidx%x
       4360,   ! blockidx%x threadidx%x collapsed
       4361,   ! blockidx%x threadidx%x collapsed
   4358, Generating default present(lhs_ta_wpthlp2(:,:ngrdcol,:nz),lhs_ta_wprtpthlp(:,:ngrdcol,:nz),lhs_ta_wprtp2(:,:ngrdcol,:nz))
   4370, Generating implicit firstprivate(ngrdcol,nz,sclr_dim)
         Generating NVIDIA GPU code
       4371, !$acc loop gang, vector(128) collapse(4) ! blockidx%x threadidx%x
       4372,   ! blockidx%x threadidx%x collapsed
       4373,   ! blockidx%x threadidx%x collapsed
       4374,   ! blockidx%x threadidx%x collapsed
   4370, Generating default present(lhs_ta_wpthlpsclrp(:,:ngrdcol,:nz,:sclr_dim),lhs_ta_wpsclrp2(:,:ngrdcol,:nz,:sclr_dim),lhs_ta_wprtp2(:,:ngrdcol,:nz),lhs_ta_wprtpsclrp(:,:ngrdcol,:nz,:sclr_dim))
   4394, Generating implicit firstprivate(nz,ngrdcol)
         Generating NVIDIA GPU code
       4395, !$acc loop gang, vector(128) collapse(2) ! blockidx%x threadidx%x
       4396,   ! blockidx%x threadidx%x collapsed
   4394, Generating default present(term_wprtp2_explicit(:ngrdcol,:nz),term_wprtpthlp_explicit(:ngrdcol,:nz),wpthlp_zt(:ngrdcol,:nz),wprtp_zt(:ngrdcol,:nz),term_wpthlp2_explicit(:ngrdcol,:nz),wp_coef_zt(:ngrdcol,:nz))
   4408, Generating implicit firstprivate(nz,ngrdcol)
         Generating NVIDIA GPU code
       4409, !$acc loop gang, vector(128) collapse(2) ! blockidx%x threadidx%x
       4410,   ! blockidx%x threadidx%x collapsed
   4408, Generating default present(term_wprtp2_explicit_zm(:ngrdcol,:nz),sgn_t_vel_rtp2(:ngrdcol,:nz),wp3_on_wp2(:ngrdcol,:nz),wprtp(:ngrdcol,:nz),wp_coef(:ngrdcol,:nz))
   4436, Generating implicit firstprivate(nz,ngrdcol)
         Generating NVIDIA GPU code
       4437, !$acc loop gang, vector(128) collapse(2) ! blockidx%x threadidx%x
       4438,   ! blockidx%x threadidx%x collapsed
   4436, Generating default present(term_wprtp2_explicit_zm(:ngrdcol,:nz),sgn_t_vel_rtp2(:ngrdcol,:nz),wprtp(:ngrdcol,:nz),wp_coef_zt(:ngrdcol,:nz))
   4457, Generating implicit firstprivate(nz,ngrdcol)
         Generating NVIDIA GPU code
       4458, !$acc loop gang, vector(128) collapse(2) ! blockidx%x threadidx%x
       4459,   ! blockidx%x threadidx%x collapsed
   4457, Generating default present(term_wpthlp2_explicit_zm(:ngrdcol,:nz),sgn_t_vel_thlp2(:ngrdcol,:nz),wpthlp(:ngrdcol,:nz),wp_coef(:ngrdcol,:nz),wp3_on_wp2(:ngrdcol,:nz))
   4482, Generating implicit firstprivate(nz,ngrdcol)
         Generating NVIDIA GPU code
       4483, !$acc loop gang, vector(128) collapse(2) ! blockidx%x threadidx%x
       4484,   ! blockidx%x threadidx%x collapsed
   4482, Generating default present(term_wpthlp2_explicit_zm(:ngrdcol,:nz),sgn_t_vel_thlp2(:ngrdcol,:nz),wpthlp(:ngrdcol,:nz),wp_coef_zt(:ngrdcol,:nz))
   4503, Generating implicit firstprivate(nz,ngrdcol)
         Generating NVIDIA GPU code
       4504, !$acc loop gang, vector(128) collapse(2) ! blockidx%x threadidx%x
       4505,   ! blockidx%x threadidx%x collapsed
   4503, Generating default present(term_wprtpthlp_explicit_zm(:ngrdcol,:nz),sgn_t_vel_rtpthlp(:ngrdcol,:nz),wp3_on_wp2(:ngrdcol,:nz),wp_coef(:ngrdcol,:nz),wpthlp(:ngrdcol,:nz),wprtp(:ngrdcol,:nz))
   4529, Generating implicit firstprivate(nz,ngrdcol)
         Generating NVIDIA GPU code
       4530, !$acc loop gang, vector(128) collapse(2) ! blockidx%x threadidx%x
       4531,   ! blockidx%x threadidx%x collapsed
   4529, Generating default present(term_wprtpthlp_explicit_zm(:ngrdcol,:nz),sgn_t_vel_rtpthlp(:ngrdcol,:nz),wpthlp(:ngrdcol,:nz),wprtp(:ngrdcol,:nz),wp_coef_zt(:ngrdcol,:nz))
   4562, Generating implicit firstprivate(nz,ngrdcol)
         Generating NVIDIA GPU code
       4563, !$acc loop gang, vector(128) collapse(2) ! blockidx%x threadidx%x
       4564,   ! blockidx%x threadidx%x collapsed
   4562, Generating default present(term_wpsclrp2_explicit_zm(:ngrdcol,:nz),sgn_t_vel_sclrp2(:ngrdcol,:nz),wpsclrp(:ngrdcol,:nz,sclr),wp_coef(:ngrdcol,:nz),wp3_on_wp2(:ngrdcol,:nz))
   4571, Generating implicit firstprivate(nz,ngrdcol)
         Generating NVIDIA GPU code
       4572, !$acc loop gang, vector(128) collapse(2) ! blockidx%x threadidx%x
       4573,   ! blockidx%x threadidx%x collapsed
   4571, Generating default present(wpsclrp_zt(:ngrdcol,:nz,sclr),wp_coef_zt(:ngrdcol,:nz),term_wpsclrp2_explicit(:ngrdcol,:nz))
   4596, Generating implicit firstprivate(nz,ngrdcol)
         Generating NVIDIA GPU code
       4597, !$acc loop gang, vector(128) collapse(2) ! blockidx%x threadidx%x
       4598,   ! blockidx%x threadidx%x collapsed
   4596, Generating default present(term_wpsclrp2_explicit_zm(:ngrdcol,:nz),sgn_t_vel_sclrp2(:ngrdcol,:nz),wpsclrp(:ngrdcol,:nz,sclr),wp_coef_zt(:ngrdcol,:nz))
   4620, Generating implicit firstprivate(nz,ngrdcol)
         Generating NVIDIA GPU code
       4621, !$acc loop gang, vector(128) collapse(2) ! blockidx%x threadidx%x
       4622,   ! blockidx%x threadidx%x collapsed
   4620, Generating default present(term_wprtpsclrp_explicit_zm(:ngrdcol,:nz),sgn_t_vel_sclrprtp(:ngrdcol,:nz),wprtp(:ngrdcol,:nz),wpsclrp(:ngrdcol,:nz,sclr),wp3_on_wp2(:ngrdcol,:nz),wp_coef(:ngrdcol,:nz))
   4629, Generating implicit firstprivate(nz,ngrdcol)
         Generating NVIDIA GPU code
       4630, !$acc loop gang, vector(128) collapse(2) ! blockidx%x threadidx%x
       4631,   ! blockidx%x threadidx%x collapsed
   4629, Generating default present(wpsclrp_zt(:ngrdcol,:nz,sclr),wprtp_zt(:ngrdcol,:nz),term_wprtpsclrp_explicit(:ngrdcol,:nz),wp_coef_zt(:ngrdcol,:nz))
   4654, Generating implicit firstprivate(nz,ngrdcol)
         Generating NVIDIA GPU code
       4655, !$acc loop gang, vector(128) collapse(2) ! blockidx%x threadidx%x
       4656,   ! blockidx%x threadidx%x collapsed
   4654, Generating default present(term_wprtpsclrp_explicit_zm(:ngrdcol,:nz),sgn_t_vel_sclrprtp(:ngrdcol,:nz),wpsclrp(:ngrdcol,:nz,sclr),wprtp(:ngrdcol,:nz),wp_coef_zt(:ngrdcol,:nz))
   4678, Generating implicit firstprivate(nz,ngrdcol)
         Generating NVIDIA GPU code
       4679, !$acc loop gang, vector(128) collapse(2) ! blockidx%x threadidx%x
       4680,   ! blockidx%x threadidx%x collapsed
   4678, Generating default present(term_wpthlpsclrp_explicit_zm(:ngrdcol,:nz),sgn_t_vel_sclrpthlp(:ngrdcol,:nz),wp_coef(:ngrdcol,:nz),wp3_on_wp2(:ngrdcol,:nz),wpthlp(:ngrdcol,:nz),wpsclrp(:ngrdcol,:nz,sclr))
   4687, Generating implicit firstprivate(nz,ngrdcol)
         Generating NVIDIA GPU code
       4688, !$acc loop gang, vector(128) collapse(2) ! blockidx%x threadidx%x
       4689,   ! blockidx%x threadidx%x collapsed
   4687, Generating default present(wp_coef_zt(:ngrdcol,:nz),term_wpthlpsclrp_explicit(:ngrdcol,:nz),wpthlp_zt(:ngrdcol,:nz),wpsclrp_zt(:ngrdcol,:nz,sclr))
   4712, Generating implicit firstprivate(nz,ngrdcol)
         Generating NVIDIA GPU code
       4713, !$acc loop gang, vector(128) collapse(2) ! blockidx%x threadidx%x
       4714,   ! blockidx%x threadidx%x collapsed
   4712, Generating default present(term_wpthlpsclrp_explicit_zm(:ngrdcol,:nz),sgn_t_vel_sclrpthlp(:ngrdcol,:nz),wp_coef_zt(:ngrdcol,:nz),wpthlp(:ngrdcol,:nz),wpsclrp(:ngrdcol,:nz,sclr))
   5149, Generating implicit firstprivate(nz,ngrdcol)
         Generating NVIDIA GPU code
       5150, !$acc loop gang, vector(128) collapse(2) ! blockidx%x threadidx%x
       5151,   ! blockidx%x threadidx%x collapsed
   5149, Generating default present(term_wpup2_explicit_zm(:ngrdcol,:nz),upwp(:ngrdcol,:nz),coef_wpvp2_implicit_zm(:ngrdcol,:nz),term_wpvp2_explicit_zm(:ngrdcol,:nz),wp_coef(:ngrdcol,:nz),wp3_on_wp2(:ngrdcol,:nz),coef_wpup2_implicit_zm(:ngrdcol,:nz),beta(:ngrdcol),a1(:ngrdcol,:nz),vpwp(:ngrdcol,:nz))
   5163, Generating implicit firstprivate(nz,ngrdcol)
         Generating NVIDIA GPU code
       5164, !$acc loop gang, vector(128) collapse(2) ! blockidx%x threadidx%x
       5165,   ! blockidx%x threadidx%x collapsed
   5163, Generating default present(sgn_t_vel_up2(:ngrdcol,:nz),wp3_on_wp2(:ngrdcol,:nz),sgn_t_vel_vp2(:ngrdcol,:nz))
   5181, Generating implicit firstprivate(nz,ngrdcol)
         Generating NVIDIA GPU code
       5182, !$acc loop gang, vector(128) collapse(2) ! blockidx%x threadidx%x
       5183,   ! blockidx%x threadidx%x collapsed
   5181, Generating default present(coef_wpup2_implicit(:ngrdcol,:nz),beta(:ngrdcol),a1_zt(:ngrdcol,:nz),wp3_on_wp2_zt(:ngrdcol,:nz),coef_wpvp2_implicit(:ngrdcol,:nz))
   5191, Generating implicit firstprivate(nz,ngrdcol)
         Generating NVIDIA GPU code
       5192, !$acc loop gang, vector(128) collapse(2) ! blockidx%x threadidx%x
       5193,   ! blockidx%x threadidx%x collapsed
   5191, Generating default present(term_wpup2_explicit(:ngrdcol,:nz),upwp_zt(:ngrdcol,:nz),term_wpvp2_explicit(:ngrdcol,:nz),wp_coef_zt(:ngrdcol,:nz),vpwp_zt(:ngrdcol,:nz))
   5213, Generating implicit firstprivate(nz,ngrdcol)
         Generating NVIDIA GPU code
       5214, !$acc loop gang, vector(128) collapse(3) ! blockidx%x threadidx%x
       5215,   ! blockidx%x threadidx%x collapsed
       5216,   ! blockidx%x threadidx%x collapsed
   5213, Generating default present(lhs_ta_wpvp2(:,:ngrdcol,:nz),lhs_ta_wpup2(:,:ngrdcol,:nz))
   5247, Generating update self(term_wprtp2_explicit(:,:),coef_wprtp2_implicit(:,:),term_wpthlp2_explicit(:,:),term_wprtpthlp_explicit(:,:),coef_wprtpthlp_implicit(:,:),coef_wpthlp2_implicit(:,:))
   5279, Generating exit data delete(wp_coef(:,:),vpwp_zt(:,:),wprtp_zt(:,:),wp_coef_zt(:,:),upwp_zt(:,:),term_wpvp2_explicit_zm(:,:),a1(:,:),sgn_t_vel_up2(:,:),sgn_t_vel_thlp2(:,:),sgn_t_vel_rtp2(:,:),sgn_t_vel_rtpthlp(:,:),coef_wpvp2_implicit_zm(:,:),term_wpvp2_explicit(:,:),term_wpup2_explicit(:,:),coef_wpup2_implicit(:,:),term_wpup2_explicit_zm(:,:),coef_wpup2_implicit_zm(:,:),term_wpthlp2_explicit_zm(:,:),coef_wpthlp2_implicit(:,:),term_wprtpthlp_explicit(:,:),coef_wpvp2_implicit(:,:),term_wprtp2_explicit_zm(:,:),coef_wprtp2_implicit_zm(:,:),term_wpthlp2_explicit(:,:),term_wprtpthlp_explicit_zm(:,:),coef_wprtpthlp_implicit(:,:),term_wprtp2_explicit(:,:),coef_wprtp2_implicit(:,:),sgn_t_vel_vp2(:,:),a1_zt(:,:),wpthlp_zt(:,:))
   5291, Generating exit data delete(wpsclrp_zt(:,:,:),term_wpthlpsclrp_explicit_zm(:,:),sgn_t_vel_sclrprtp(:,:),sgn_t_vel_sclrp2(:,:),coef_wpthlpsclrp_implicit_zm(:,:),term_wpsclrp2_explicit_zm(:,:),coef_wpthlpsclrp_implicit(:,:),coef_wpsclrp2_implicit_zm(:,:),term_wprtpsclrp_explicit(:,:),coef_wprtpsclrp_implicit(:,:),sgn_t_vel_sclrpthlp(:,:),term_wpsclrp2_explicit(:,:),coef_wpsclrp2_implicit(:,:),term_wprtpsclrp_explicit_zm(:,:),coef_wprtpsclrp_implicit_zm(:,:))
term_tp_rhs:
   5365, Generating copyin(wpxbp(:,:),xbm(:,:),xam(:,:),wpxap(:,:)) [if not already present]
         Generating copyout(rhs(:,:)) [if not already present]
         Generating copyin(invrs_dzm(:,:)) [if not already present]
   5368, Generating implicit firstprivate(nz,ngrdcol)
         Generating NVIDIA GPU code
       5369, !$acc loop gang, vector(128) collapse(2) ! blockidx%x threadidx%x
       5370,   ! blockidx%x threadidx%x collapsed
term_dp1_lhs:
   5460, Generating copyin(cn(:,:)) [if not already present]
         Generating copyout(lhs(:,:)) [if not already present]
         Generating copyin(invrs_tau_zm(:,:)) [if not already present]
   5463, Generating implicit firstprivate(ngrdcol)
         Generating NVIDIA GPU code
       5464, !$acc loop gang, vector(128) ! blockidx%x threadidx%x
   5464, Generating implicit firstprivate(nz)
   5471, Generating implicit firstprivate(nz,ngrdcol)
         Generating NVIDIA GPU code
       5472, !$acc loop gang, vector(128) collapse(2) ! blockidx%x threadidx%x
       5473,   ! blockidx%x threadidx%x collapsed
term_dp1_rhs:
   5554, Generating copyin(cn(:,:)) [if not already present]
         Generating copyout(rhs(:,:)) [if not already present]
         Generating copyin(invrs_tau_zm(:,:)) [if not already present]
   5557, Generating implicit firstprivate(nz,ngrdcol)
         Generating NVIDIA GPU code
       5558, !$acc loop gang, vector(128) collapse(2) ! blockidx%x threadidx%x
       5559,   ! blockidx%x threadidx%x collapsed
   5559, Generating implicit firstprivate(threshold)
term_pr1:
   5687, Generating copyin(xbp2(:,:),wp2(:,:)) [if not already present]
         Generating copyout(rhs(:,:)) [if not already present]
         Generating copyin(invrs_tau_c14_zm(:,:),c4(:),c14(:),invrs_tau_c4_zm(:,:)) [if not already present]
   5690, Generating implicit firstprivate(nz,ngrdcol)
         Generating NVIDIA GPU code
       5691, !$acc loop gang, vector(128) collapse(2) ! blockidx%x threadidx%x
       5692,   ! blockidx%x threadidx%x collapsed
term_pr2:
   5807, Generating implicit firstprivate(nz,ngrdcol)
         Generating NVIDIA GPU code
       5808, !$acc loop gang, vector(128) collapse(2) ! blockidx%x threadidx%x
       5809,   ! blockidx%x threadidx%x collapsed
   5807, Generating default present(gr%invrs_dzm(1:ngrdcol,2:nz-1),rhs_pr2(:ngrdcol,2:nz-1),vpwp(:ngrdcol,2:nz-1),wpthvp(:ngrdcol,2:nz-1),c_uu_buoy(:ngrdcol),vm(:ngrdcol,2:nz),upwp(:ngrdcol,2:nz-1),um(:ngrdcol,2:nz),c_uu_shr(:ngrdcol),gr,thv_ds_zm(:ngrdcol,2:nz-1))
pos_definite_variances:
   5912, Generating update self(xp2_np1(:,:))
   5931, Generating update self(xp2_np1(:,:))
nvfortran -DNETCDF -DCLUBB_REAL_TYPE=8 -DCLUBB_GPU -DCUDA -DCOAMPS_MICRO -DNR_SP -DSILHS -Dradoffline -Dnooverlap -DCLUBB -I/glade/u/apps/casper/24.12/spack/opt/spack/netcdf/4.9.2/nvhpc/24.11/djgy/include -Mcache_align -O2  -I/glade/u/apps/casper/24.12/spack/opt/spack/netcdf/4.9.2/nvhpc/24.11/djgy/include -Mbackslash -Mstandard -Kieee -acc -Minfo=accel  -c	/glade/u/home/ilinck/clubb_release/compile/../src/CLUBB_core/advance_windm_edsclrm_module.F90
NVFORTRAN-W-0170-PGI Fortran extension: '&' required as the first character of a continued string literal  (/glade/u/home/ilinck/clubb_release/compile/../src/CLUBB_core/advance_windm_edsclrm_module.F90: 581)
advance_windm_edsclrm:
    283, Generating enter data create(wind_speed_pert(:,:),km_zt(:,:),km_zm_p_nu10(:,:),lhs_diff(:,:,:),lhs(:,:,:),lhs_ma_zt(:,:,:),u_star_sqd(:),solution(:,:,:),wind_speed(:,:),vpwp_chnge(:,:),rhs(:,:,:),nu_zero(:),kmh_zt(:,:),vm_tndcy(:,:),um_tndcy(:,:),vm_old(:,:),um_old(:,:),upwp_chnge(:,:),u_star_sqd_pert(:),xpwp(:,:))
    289, Generating enter data create(edsclrm_old(:,:,:))
    291, Generating implicit firstprivate(ngrdcol)
         Generating NVIDIA GPU code
        292, !$acc loop gang, vector(128) ! blockidx%x threadidx%x
    291, Generating default present(nu_zero(:ngrdcol))
    297, Generating implicit firstprivate(ngrdcol,nz)
         Generating NVIDIA GPU code
        298, !$acc loop gang, vector(128) collapse(2) ! blockidx%x threadidx%x
        299,   ! blockidx%x threadidx%x collapsed
    297, Generating default present(km_zm(:ngrdcol,:nz),km_zm_p_nu10(:ngrdcol,:nz),nu_vert_res_dep%nu10(1:ngrdcol),nu_vert_res_dep)
    313, Generating implicit firstprivate(nz,ngrdcol)
         Generating NVIDIA GPU code
        314, !$acc loop gang, vector(128) collapse(3) ! blockidx%x threadidx%x
        315,   ! blockidx%x threadidx%x collapsed
        316,   ! blockidx%x threadidx%x collapsed
    313, Generating default present(lhs_ma_zt(:,:ngrdcol,:nz))
    335, Generating implicit firstprivate(ngrdcol)
         Generating NVIDIA GPU code
        336, !$acc loop gang, vector(128) ! blockidx%x threadidx%x
    335, Generating default present(gr,nu_vert_res_dep%nu10(1:ngrdcol),rho_ds_zm(:ngrdcol,2),lhs_diff(:,:ngrdcol,2),nu_vert_res_dep,invrs_rho_ds_zt(:ngrdcol,2),gr%invrs_dzt(1:ngrdcol,2),gr%invrs_dzm(1:ngrdcol,2),km_zm(:ngrdcol,2))
    371, Generating implicit firstprivate(ngrdcol,nz)
         Generating NVIDIA GPU code
        372, !$acc loop gang, vector(128) collapse(2) ! blockidx%x threadidx%x
        373,   ! blockidx%x threadidx%x collapsed
    371, Generating default present(vm_old(:ngrdcol,:nz),vm(:ngrdcol,:nz),um_old(:ngrdcol,:nz),um(:ngrdcol,:nz))
    408, Generating implicit firstprivate(nz,ngrdcol)
         Generating NVIDIA GPU code
        409, !$acc loop gang, vector(128) collapse(2) ! blockidx%x threadidx%x
        410,   ! blockidx%x threadidx%x collapsed
    408, Generating default present(vm(:ngrdcol,:nz),wind_speed(:ngrdcol,:nz),um(:ngrdcol,:nz))
    417, Generating implicit firstprivate(ngrdcol)
         Generating NVIDIA GPU code
        418, !$acc loop gang, vector(128) ! blockidx%x threadidx%x
    417, Generating default present(vpwp(:ngrdcol,:1),upwp(:ngrdcol,:1),u_star_sqd(:ngrdcol))
    455, Generating implicit firstprivate(nz,ngrdcol)
         Generating NVIDIA GPU code
        456, !$acc loop gang, vector(128) collapse(2) ! blockidx%x threadidx%x
        457,   ! blockidx%x threadidx%x collapsed
    455, Generating default present(xpwp(:ngrdcol,2:nz-1),upwp(:ngrdcol,2:nz-1))
    467, Generating implicit firstprivate(nz,ngrdcol)
         Generating NVIDIA GPU code
        468, !$acc loop gang, vector(128) collapse(2) ! blockidx%x threadidx%x
        469,   ! blockidx%x threadidx%x collapsed
    467, Generating default present(xpwp(:ngrdcol,2:nz-1),vpwp(:ngrdcol,2:nz-1))
    478, Generating implicit firstprivate(ngrdcol)
         Generating NVIDIA GPU code
        479, !$acc loop gang, vector(128) ! blockidx%x threadidx%x
    478, Generating default present(vpwp(:ngrdcol,nz),upwp(:ngrdcol,nz))
    479, Generating implicit firstprivate(nz)
    514, Generating implicit firstprivate(nz,ngrdcol)
         Generating NVIDIA GPU code
        515, !$acc loop gang, vector(128) collapse(2) ! blockidx%x threadidx%x
        516,   ! blockidx%x threadidx%x collapsed
    514, Generating default present(um(:ngrdcol,:nz),solution(:ngrdcol,:nz,:1))
    525, Generating implicit firstprivate(nz,ngrdcol)
         Generating NVIDIA GPU code
        526, !$acc loop gang, vector(128) collapse(2) ! blockidx%x threadidx%x
        527,   ! blockidx%x threadidx%x collapsed
    525, Generating default present(vm(:ngrdcol,:nz),solution(:ngrdcol,:nz,2))
    535, Generating update self(um(:,:),vm(:,:),wind_speed(:,:),lhs_ma_zt(:,:,:),rho_ds_zm(:,:),lhs_diff(:,:,:),invrs_rho_ds_zt(:,:),u_star_sqd(:))
    561, Generating implicit firstprivate(nz,ngrdcol)
         Generating NVIDIA GPU code
        562, !$acc loop gang, vector(128) collapse(2) ! blockidx%x threadidx%x
        563,   ! blockidx%x threadidx%x collapsed
    561, Generating default present(vm_old(:ngrdcol,:nz),vm(:ngrdcol,:nz),um_old(:ngrdcol,:nz),um(:ngrdcol,:nz))
    573, Generating update self(vm_ref(:,:),vm(:,:),um(:,:),um_ref(:,:))
    620, Generating update device(vm(:,:),um(:,:))
    632, Generating implicit firstprivate(nz,ngrdcol)
         Generating NVIDIA GPU code
        633, !$acc loop gang, vector(128) collapse(2) ! blockidx%x threadidx%x
        634,   ! blockidx%x threadidx%x collapsed
    632, Generating default present(xpwp(:ngrdcol,2:nz-1),upwp(:ngrdcol,2:nz-1))
    644, Generating implicit firstprivate(nz,ngrdcol)
         Generating NVIDIA GPU code
        645, !$acc loop gang, vector(128) collapse(2) ! blockidx%x threadidx%x
        646,   ! blockidx%x threadidx%x collapsed
    644, Generating default present(xpwp(:ngrdcol,2:nz-1),vpwp(:ngrdcol,2:nz-1))
    657, Generating update self(vm(:,:),um(:,:))
    669, Generating implicit firstprivate(nz,ngrdcol)
         Generating NVIDIA GPU code
        670, !$acc loop gang, vector(128) collapse(2) ! blockidx%x threadidx%x
        671,   ! blockidx%x threadidx%x collapsed
    669, Generating default present(vm_ref(:ngrdcol,:nz),vm(:ngrdcol,:nz),um_ref(:ngrdcol,:nz),um(:ngrdcol,:nz))
    671, Generating implicit firstprivate(ts_nudge,dt)
    679, Generating update self(um(:,:),vm(:,:))
    694, Generating update self(vm_ref(:,:),um_ref(:,:))
    790, Generating implicit firstprivate(ngrdcol)
         Generating NVIDIA GPU code
        791, !$acc loop gang, vector(128) ! blockidx%x threadidx%x
    790, Generating default present(vm(:ngrdcol,:2),um(:ngrdcol,:2))
    813, Generating implicit firstprivate(nz,ngrdcol)
         Generating NVIDIA GPU code
        814, !$acc loop gang, vector(128) collapse(2) ! blockidx%x threadidx%x
        815,   ! blockidx%x threadidx%x collapsed
    813, Generating default present(wind_speed_pert(:ngrdcol,:nz),vm_pert(:ngrdcol,:nz),um_pert(:ngrdcol,:nz))
    822, Generating implicit firstprivate(ngrdcol)
         Generating NVIDIA GPU code
        823, !$acc loop gang, vector(128) ! blockidx%x threadidx%x
    822, Generating default present(vpwp_pert(:ngrdcol,:1),upwp_pert(:ngrdcol,:1),u_star_sqd_pert(:ngrdcol))
    860, Generating implicit firstprivate(nz,ngrdcol)
         Generating NVIDIA GPU code
        861, !$acc loop gang, vector(128) collapse(2) ! blockidx%x threadidx%x
        862,   ! blockidx%x threadidx%x collapsed
    860, Generating default present(xpwp(:ngrdcol,2:nz-1),upwp_pert(:ngrdcol,2:nz-1))
    872, Generating implicit firstprivate(nz,ngrdcol)
         Generating NVIDIA GPU code
        873, !$acc loop gang, vector(128) collapse(2) ! blockidx%x threadidx%x
        874,   ! blockidx%x threadidx%x collapsed
    872, Generating default present(xpwp(:ngrdcol,2:nz-1),vpwp_pert(:ngrdcol,2:nz-1))
    883, Generating implicit firstprivate(ngrdcol)
         Generating NVIDIA GPU code
        884, !$acc loop gang, vector(128) ! blockidx%x threadidx%x
    883, Generating default present(vpwp_pert(:ngrdcol,nz),upwp_pert(:ngrdcol,nz))
    884, Generating implicit firstprivate(nz)
    919, Generating implicit firstprivate(nz,ngrdcol)
         Generating NVIDIA GPU code
        920, !$acc loop gang, vector(128) collapse(2) ! blockidx%x threadidx%x
        921,   ! blockidx%x threadidx%x collapsed
    919, Generating default present(um_pert(:ngrdcol,:nz),solution(:ngrdcol,:nz,:1))
    930, Generating implicit firstprivate(nz,ngrdcol)
         Generating NVIDIA GPU code
        931, !$acc loop gang, vector(128) collapse(2) ! blockidx%x threadidx%x
        932,   ! blockidx%x threadidx%x collapsed
    930, Generating default present(vm_pert(:ngrdcol,:nz),solution(:ngrdcol,:nz,2))
    946, Generating implicit firstprivate(nz,ngrdcol)
         Generating NVIDIA GPU code
        947, !$acc loop gang, vector(128) collapse(2) ! blockidx%x threadidx%x
        948,   ! blockidx%x threadidx%x collapsed
    946, Generating default present(xpwp(:ngrdcol,2:nz-1),upwp_pert(:ngrdcol,2:nz-1))
    958, Generating implicit firstprivate(nz,ngrdcol)
         Generating NVIDIA GPU code
        959, !$acc loop gang, vector(128) collapse(2) ! blockidx%x threadidx%x
        960,   ! blockidx%x threadidx%x collapsed
    958, Generating default present(xpwp(:ngrdcol,2:nz-1),vpwp_pert(:ngrdcol,2:nz-1))
   1038, Generating implicit firstprivate(ngrdcol)
         Generating NVIDIA GPU code
       1039, !$acc loop gang, vector(128) ! blockidx%x threadidx%x
   1038, Generating default present(vm_pert(:ngrdcol,:2),um_pert(:ngrdcol,:2))
   1063, Generating implicit firstprivate(ngrdcol)
         Generating NVIDIA GPU code
       1064, !$acc loop gang, vector(128) ! blockidx%x threadidx%x
   1063, Generating default present(gr,rho_ds_zm(:ngrdcol,2),nu_zero(:ngrdcol),gr%invrs_dzt(1:ngrdcol,2),gr%invrs_dzm(1:ngrdcol,2),invrs_rho_ds_zt(:ngrdcol,2),lhs_diff(:,:ngrdcol,2),kmh_zm(:ngrdcol,2))
   1100, Generating implicit firstprivate(edsclr_dim,nz,ngrdcol)
         Generating NVIDIA GPU code
       1101, !$acc loop gang, vector(128) collapse(3) ! blockidx%x threadidx%x
       1102,   ! blockidx%x threadidx%x collapsed
       1103,   ! blockidx%x threadidx%x collapsed
   1100, Generating default present(edsclrm_old(:ngrdcol,:nz,:edsclr_dim),edsclrm(:ngrdcol,:nz,:edsclr_dim))
   1144, Generating implicit firstprivate(nz,ngrdcol)
         Generating NVIDIA GPU code
       1145, !$acc loop gang, vector(128) collapse(2) ! blockidx%x threadidx%x
       1146,   ! blockidx%x threadidx%x collapsed
   1144, Generating default present(xpwp(:ngrdcol,2:nz-1),wpedsclrp(:ngrdcol,2:nz-1,edsclr))
   1146, Generating implicit firstprivate(edsclr)
   1156, Generating implicit firstprivate(edsclr_dim,ngrdcol)
         Generating NVIDIA GPU code
       1157, !$acc loop gang, vector(128) collapse(2) ! blockidx%x threadidx%x
       1158,   ! blockidx%x threadidx%x collapsed
   1156, Generating default present(wpedsclrp(:ngrdcol,nz,:edsclr_dim))
   1158, Generating implicit firstprivate(nz)
   1190, Generating implicit firstprivate(edsclr_dim,nz,ngrdcol)
         Generating NVIDIA GPU code
       1191, !$acc loop gang, vector(128) collapse(3) ! blockidx%x threadidx%x
       1192,   ! blockidx%x threadidx%x collapsed
       1193,   ! blockidx%x threadidx%x collapsed
   1190, Generating default present(solution(:ngrdcol,:nz,:edsclr_dim),edsclrm(:ngrdcol,:nz,:edsclr_dim))
   1201, Generating implicit firstprivate(edsclr_dim,nz,ngrdcol)
         Generating NVIDIA GPU code
       1202, !$acc loop gang, vector(128) collapse(3) ! blockidx%x threadidx%x
       1203,   ! blockidx%x threadidx%x collapsed
       1204,   ! blockidx%x threadidx%x collapsed
   1201, Generating default present(edsclrm_old(:ngrdcol,:nz,:edsclr_dim),edsclrm(:ngrdcol,:nz,:edsclr_dim))
   1222, Generating implicit firstprivate(nz,ngrdcol)
         Generating NVIDIA GPU code
       1223, !$acc loop gang, vector(128) collapse(2) ! blockidx%x threadidx%x
       1224,   ! blockidx%x threadidx%x collapsed
   1222, Generating default present(xpwp(:ngrdcol,2:nz-1),wpedsclrp(:ngrdcol,2:nz-1,edsclr))
   1224, Generating implicit firstprivate(edsclr)
   1237, Generating implicit firstprivate(ngrdcol,edsclr_dim)
         Generating NVIDIA GPU code
       1238, !$acc loop gang, vector(128) collapse(2) ! blockidx%x threadidx%x
       1239,   ! blockidx%x threadidx%x collapsed
   1237, Generating default present(edsclrm(:ngrdcol,:2,:edsclr_dim))
   1250, Generating update self(wpedsclrp(:,:,:),wp2(:,:),vp2(:,:),up2(:,:),edsclrm_forcing(:,:,:),vg(:,:),vm_forcing(:,:),ug(:,:),um_forcing(:,:),edsclrm_old(:,:,:),edsclrm(:,:,:),vm(:,:),um(:,:),vm_ref(:,:),um_ref(:,:),wm_zt(:,:),vm_old(:,:),um_old(:,:),upwp(:,:),km_zm(:,:),fcor(:),vpwp(:,:))
   1298, Generating exit data delete(wind_speed_pert(:,:),km_zt(:,:),km_zm_p_nu10(:,:),lhs_diff(:,:,:),lhs(:,:,:),lhs_ma_zt(:,:,:),u_star_sqd(:),solution(:,:,:),wind_speed(:,:),vpwp_chnge(:,:),rhs(:,:,:),nu_zero(:),kmh_zt(:,:),vm_tndcy(:,:),um_tndcy(:,:),vm_old(:,:),um_old(:,:),upwp_chnge(:,:),u_star_sqd_pert(:),xpwp(:,:))
   1304, Generating exit data delete(edsclrm_old(:,:,:))
compute_uv_tndcy:
   2162, Generating enter data create(xm_cf(:,:),xm_gf(:,:))
   2181, Generating implicit firstprivate(nz,ngrdcol)
         Generating NVIDIA GPU code
       2182, !$acc loop gang, vector(128) collapse(2) ! blockidx%x threadidx%x
       2183,   ! blockidx%x threadidx%x collapsed
   2181, Generating default present(xm_gf(:ngrdcol,2:nz),perp_wind_g(:ngrdcol,2:nz),fcor(:ngrdcol))
   2189, Generating implicit firstprivate(nz,ngrdcol)
         Generating NVIDIA GPU code
       2190, !$acc loop gang, vector(128) collapse(2) ! blockidx%x threadidx%x
       2191,   ! blockidx%x threadidx%x collapsed
   2189, Generating default present(perp_wind_m(:ngrdcol,2:nz),xm_cf(:ngrdcol,2:nz),fcor(:ngrdcol))
   2203, Generating implicit firstprivate(nz,ngrdcol)
         Generating NVIDIA GPU code
       2204, !$acc loop gang, vector(128) collapse(2) ! blockidx%x threadidx%x
       2205,   ! blockidx%x threadidx%x collapsed
   2203, Generating default present(xm_gf(:ngrdcol,2:nz),perp_wind_g(:ngrdcol,2:nz),fcor(:ngrdcol))
   2211, Generating implicit firstprivate(nz,ngrdcol)
         Generating NVIDIA GPU code
       2212, !$acc loop gang, vector(128) collapse(2) ! blockidx%x threadidx%x
       2213,   ! blockidx%x threadidx%x collapsed
   2211, Generating default present(xm_cf(:ngrdcol,2:nz),perp_wind_m(:ngrdcol,2:nz),fcor(:ngrdcol))
   2225, Generating implicit firstprivate(nz,ngrdcol)
         Generating NVIDIA GPU code
       2226, !$acc loop gang, vector(128) collapse(2) ! blockidx%x threadidx%x
       2227,   ! blockidx%x threadidx%x collapsed
   2225, Generating default present(xm_gf(:ngrdcol,2:nz),xm_cf(:ngrdcol,2:nz))
   2236, Generating implicit firstprivate(ngrdcol,nz)
         Generating NVIDIA GPU code
       2237, !$acc loop gang, vector(128) collapse(2) ! blockidx%x threadidx%x
       2238,   ! blockidx%x threadidx%x collapsed
   2236, Generating default present(xm_tndcy(:ngrdcol,2:nz),xm_gf(:ngrdcol,2:nz),xm_forcing(:ngrdcol,2:nz),xm_cf(:ngrdcol,2:nz))
   2246, Generating update self(xm_cf(:,:),xm_gf(:,:),xm_forcing(:,:))
   2265, Generating implicit firstprivate(nz,ngrdcol)
         Generating NVIDIA GPU code
       2266, !$acc loop gang, vector(128) collapse(2) ! blockidx%x threadidx%x
       2267,   ! blockidx%x threadidx%x collapsed
   2265, Generating default present(xm_tndcy(:ngrdcol,2:nz))
   2275, Generating exit data delete(xm_gf(:,:),xm_cf(:,:))
windm_edsclrm_lhs:
   2357, Generating implicit firstprivate(ngrdcol)
         Generating NVIDIA GPU code
       2358, !$acc loop gang, vector(128) ! blockidx%x threadidx%x
   2357, Generating default present(lhs(:,:ngrdcol,:1))
   2366, Generating implicit firstprivate(nz,ngrdcol)
         Generating NVIDIA GPU code
       2367, !$acc loop gang, vector(128) collapse(2) ! blockidx%x threadidx%x
       2368,   ! blockidx%x threadidx%x collapsed
   2366, Generating default present(lhs(:,:ngrdcol,2:nz),lhs_diff(:,:ngrdcol,2:nz))
   2368, Generating implicit firstprivate(invrs_dt)
   2383, Generating implicit firstprivate(nz,ngrdcol)
         Generating NVIDIA GPU code
       2384, !$acc loop gang, vector(128) collapse(2) ! blockidx%x threadidx%x
       2385,   ! blockidx%x threadidx%x collapsed
       2386, !$acc loop seq
   2383, Generating default present(lhs(:,:ngrdcol,2:nz-1),lhs_ma_zt(:,:ngrdcol,2:nz-1))
   2386, Loop is parallelizable
   2396, Generating implicit firstprivate(ngrdcol)
         Generating NVIDIA GPU code
       2397, !$acc loop gang, vector(128) ! blockidx%x threadidx%x
   2396, Generating default present(rho_ds_zm(:ngrdcol,:1),wind_speed(:ngrdcol,2),u_star_sqd(:ngrdcol),lhs(2,:ngrdcol,2),gr,gr%invrs_dzt(1:ngrdcol,2),invrs_rho_ds_zt(:ngrdcol,2))
windm_edsclrm_rhs:
   2521, Generating implicit firstprivate(ngrdcol)
         Generating NVIDIA GPU code
       2522, !$acc loop gang, vector(128) ! blockidx%x threadidx%x
   2521, Generating default present(rhs(:ngrdcol,:1))
   2528, Generating implicit firstprivate(ngrdcol)
         Generating NVIDIA GPU code
       2529, !$acc loop gang, vector(128) ! blockidx%x threadidx%x
   2528, Generating default present(rhs(:ngrdcol,2),xm(:ngrdcol,2:3),xm_tndcy(:ngrdcol,2),lhs_diff(:2,:ngrdcol,2))
   2529, Generating implicit firstprivate(invrs_dt)
   2539, Generating implicit firstprivate(nz,ngrdcol)
         Generating NVIDIA GPU code
       2540, !$acc loop gang, vector(128) collapse(2) ! blockidx%x threadidx%x
       2541,   ! blockidx%x threadidx%x collapsed
   2539, Generating default present(lhs_diff(:,:ngrdcol,3:nz-1),xm_tndcy(:ngrdcol,3:nz-1),xm(:ngrdcol,2:nz),rhs(:ngrdcol,3:nz-1))
   2541, Generating implicit firstprivate(invrs_dt)
   2553, Generating implicit firstprivate(ngrdcol)
         Generating NVIDIA GPU code
       2554, !$acc loop gang, vector(128) ! blockidx%x threadidx%x
   2553, Generating default present(rhs(:ngrdcol,nz),xm_tndcy(:ngrdcol,nz),xm(:ngrdcol,nz-1:nz),lhs_diff(2:,:ngrdcol,nz))
   2554, Generating implicit firstprivate(nz,invrs_dt)
   2565, Generating update self(xm(:,:),lhs_diff(:,:,:))
   2605, Generating implicit firstprivate(ngrdcol)
         Generating NVIDIA GPU code
       2606, !$acc loop gang, vector(128) ! blockidx%x threadidx%x
   2605, Generating default present(xpwp_sfc(:ngrdcol),rhs(:ngrdcol,2),invrs_rho_ds_zt(:ngrdcol,2),gr,gr%invrs_dzt(1:ngrdcol,2),rho_ds_zm(:ngrdcol,:1))
   2615, Generating update self(xpwp_sfc(:),rho_ds_zm(:,:),invrs_rho_ds_zt(:,:))
nvfortran -DNETCDF -DCLUBB_REAL_TYPE=8 -DCLUBB_GPU -DCUDA -DCOAMPS_MICRO -DNR_SP -DSILHS -Dradoffline -Dnooverlap -DCLUBB -I/glade/u/apps/casper/24.12/spack/opt/spack/netcdf/4.9.2/nvhpc/24.11/djgy/include -Mcache_align -O2  -I/glade/u/apps/casper/24.12/spack/opt/spack/netcdf/4.9.2/nvhpc/24.11/djgy/include -Mbackslash -Mstandard -Kieee -acc -Minfo=accel  -c	/glade/u/home/ilinck/clubb_release/compile/../src/CLUBB_core/advance_wp2_wp3_module.F90
advance_wp2_wp3:
    406, Generating enter data create(kw8(:,:),kw1(:,:),kw1_zm(:,:),dvm_dz(:,:),lhs_tp_wp3(:,:,:),kw8_zt(:,:),dum_dz(:,:),coef_wp4_implicit_zt(:,:),a1(:,:),c_wp3_pr_tp(:),coef_wp4_implicit(:,:),lhs_ac_pr2_wp2(:,:),lhs(:,:,:),lhs_ma_zm(:,:,:),lhs_dp1_wp2(:,:),lhs_diff_zt(:,:,:),lhs_diff_zm(:,:,:),lhs_diff_zm_crank(:,:,:),lhs_adv_tp_wp3(:,:,:),rhs_pr_dfsn_wp2(:,:),rhs_pr_dfsn_wp3(:,:),rhs_pr_turb_wp3(:,:),rhs_pr3_wp2(:,:),rhs_pr1_wp3(:,:),rhs(:,:),rhs_pr3_wp3(:,:),rhs_bp1_pr2_wp3(:,:),rhs_pr1_wp2(:,:),lhs_pr1_wp2(:,:),rhs_dp1_wp2(:,:),lhs_ma_zt(:,:,:),rhs_bp_pr2_wp2(:,:),lhs_diff_zt_crank(:,:,:),lhs_ta_wp2(:,:,:),lhs_pr1_wp3(:,:),lhs_ac_pr2_wp3(:,:),lhs_ta_wp3(:,:,:),lhs_pr_tp_wp3(:,:,:),wp3_old(:,:),wp3_pr3_lhs(:,:,:),wp3_term_ta_lhs_result(:,:,:),c1_skw_fnc(:,:),c11_skw_fnc(:,:),a1_zt(:,:),c16_fnc(:,:),wp2_old(:,:),rhs_ta_wp3(:,:))
    452, Generating implicit firstprivate(nz,ngrdcol)
         Generating NVIDIA GPU code
        453, !$acc loop gang, vector(128) collapse(2) ! blockidx%x threadidx%x
        454,   ! blockidx%x threadidx%x collapsed
    452, Generating default present(c11_skw_fnc(:ngrdcol,:nz),cx_fnc_richardson(:ngrdcol,:nz))
    461, Generating implicit firstprivate(ngrdcol,nz)
         Generating NVIDIA GPU code
        462, !$acc loop gang, vector(128) collapse(2) ! blockidx%x threadidx%x
        463,   ! blockidx%x threadidx%x collapsed
    461, Generating default present(c11_skw_fnc(:ngrdcol,:nz),skw_zt(:ngrdcol,:nz),clubb_params(:ngrdcol,22:24))
    463, Generating implicit firstprivate(c11,c11b,c11c)
    483, Generating implicit firstprivate(nz,ngrdcol)
         Generating NVIDIA GPU code
        484, !$acc loop gang, vector(128) collapse(2) ! blockidx%x threadidx%x
        485,   ! blockidx%x threadidx%x collapsed
    483, Generating default present(c1_skw_fnc(:ngrdcol,:nz),skw_zm(:ngrdcol,:nz),clubb_params(:ngrdcol,:3))
    485, Generating implicit firstprivate(c1,c1c,c1b)
    506, Generating implicit firstprivate(nz,ngrdcol)
         Generating NVIDIA GPU code
        507, !$acc loop gang, vector(128) collapse(2) ! blockidx%x threadidx%x
        508,   ! blockidx%x threadidx%x collapsed
    506, Generating default present(c1_skw_fnc(:ngrdcol,:nz))
    516, Generating implicit firstprivate(nz,ngrdcol)
         Generating NVIDIA GPU code
        517, !$acc loop gang, vector(128) collapse(2) ! blockidx%x threadidx%x
        518,   ! blockidx%x threadidx%x collapsed
    516, Generating default present(cx_fnc_richardson(:ngrdcol,:nz),c16_fnc(:ngrdcol,:nz))
    526, Generating implicit firstprivate(nz,ngrdcol)
         Generating NVIDIA GPU code
        527, !$acc loop gang, vector(128) collapse(2) ! blockidx%x threadidx%x
             Generating reduction(.or.:err_code)
        528,   ! blockidx%x threadidx%x collapsed
    526, Generating default present(c11_skw_fnc(:ngrdcol,:nz))
         Generating implicit copy(err_code) [if not already present]
    538, Generating implicit firstprivate(nz,ngrdcol)
         Generating NVIDIA GPU code
        539, !$acc loop gang, vector(128) collapse(2) ! blockidx%x threadidx%x
             Generating reduction(.or.:err_code)
        540,   ! blockidx%x threadidx%x collapsed
    538, Generating default present(c16_fnc(:ngrdcol,:nz))
         Generating implicit copy(err_code) [if not already present]
    558, Generating update self(c1_skw_fnc(:,:),c11_skw_fnc(:,:))
    569, Generating implicit firstprivate(nz,ngrdcol)
         Generating NVIDIA GPU code
        570, !$acc loop gang, vector(128) collapse(2) ! blockidx%x threadidx%x
        571,   ! blockidx%x threadidx%x collapsed
    569, Generating default present(kw8(:ngrdcol,:nz),kw1(:ngrdcol,:nz),clubb_params(:ngrdcol,38:44),kh_zt(:ngrdcol,:nz),kh_zm(:ngrdcol,:nz))
    627, Generating implicit firstprivate(nz,ngrdcol)
         Generating NVIDIA GPU code
        628, !$acc loop gang, vector(128) collapse(2) ! blockidx%x threadidx%x
        629,   ! blockidx%x threadidx%x collapsed
    627, Generating default present(sigma_sqd_w(:ngrdcol,:nz),a1(:ngrdcol,:nz))
    644, Generating implicit firstprivate(nz,ngrdcol)
         Generating NVIDIA GPU code
        645, !$acc loop gang, vector(128) collapse(2) ! blockidx%x threadidx%x
        646,   ! blockidx%x threadidx%x collapsed
    644, Generating default present(rhs_pr3_wp3(:ngrdcol,:nz))
    653, Generating implicit firstprivate(nz,ngrdcol)
         Generating NVIDIA GPU code
        654, !$acc loop gang, vector(128) collapse(3) ! blockidx%x threadidx%x
        655,   ! blockidx%x threadidx%x collapsed
        656,   ! blockidx%x threadidx%x collapsed
    653, Generating default present(wp3_term_ta_lhs_result(:,:ngrdcol,:nz),wp3_pr3_lhs(:,:ngrdcol,:nz))
    739, Generating implicit firstprivate(ngrdcol)
         Generating NVIDIA GPU code
        740, !$acc loop gang, vector(128) ! blockidx%x threadidx%x
    739, Generating default present(c_wp3_pr_tp(:ngrdcol))
    750, Generating implicit firstprivate(ngrdcol)
         Generating NVIDIA GPU code
        751, !$acc loop gang, vector(128) ! blockidx%x threadidx%x
    750, Generating default present(clubb_params(:ngrdcol,29),c_wp3_pr_tp(:ngrdcol))
    762, Generating implicit firstprivate(nz,ngrdcol)
         Generating NVIDIA GPU code
        763, !$acc loop gang, vector(128) collapse(3) ! blockidx%x threadidx%x
        764,   ! blockidx%x threadidx%x collapsed
        765,   ! blockidx%x threadidx%x collapsed
    762, Generating default present(lhs_adv_tp_wp3(:,:ngrdcol,:nz),lhs_tp_wp3(:,:ngrdcol,:nz),lhs_pr_tp_wp3(:,:ngrdcol,:nz))
    900, Generating implicit firstprivate(nz,ngrdcol)
         Generating NVIDIA GPU code
        901, !$acc loop gang, vector(128) collapse(3) ! blockidx%x threadidx%x
        902,   ! blockidx%x threadidx%x collapsed
        903,   ! blockidx%x threadidx%x collapsed
    900, Generating default present(lhs_diff_zt(:,:ngrdcol,:nz),clubb_params(:ngrdcol,25))
    957, Generating implicit firstprivate(nz,ngrdcol)
         Generating NVIDIA GPU code
        958, !$acc loop gang, vector(128) collapse(2) ! blockidx%x threadidx%x
        959,   ! blockidx%x threadidx%x collapsed
    957, Generating default present(wp3_old(:ngrdcol,:nz),wp3(:ngrdcol,:nz),wp2_old(:ngrdcol,:nz),wp2(:ngrdcol,:nz))
    989, Generating implicit firstprivate(nz,ngrdcol)
         Generating NVIDIA GPU code
        990, !$acc loop gang, vector(128) collapse(2) ! blockidx%x threadidx%x
        991,   ! blockidx%x threadidx%x collapsed
    989, Generating default present(wp3_old(:ngrdcol,:nz),wp3(:ngrdcol,:nz),wp2_old(:ngrdcol,:nz),wp2(:ngrdcol,:nz))
   1002, Generating update self(wp2(:,:))
   1023, Generating update device(wp2(:,:))
   1029, Generating update self(wp3(:,:))
   1050, Generating update device(wp3(:,:))
   1057, Generating update self(wp2vp2(:,:),wp3(:,:),wm_zt(:,:),wp2(:,:),wp3_on_wp2(:,:),wp2_old(:,:),skw_zt(:,:),rho_ds_zt(:,:),wprtp(:,:),wp4(:,:),lhs_splat_wp2(:,:),kh_zt(:,:),a3_zt(:,:),thv_ds_zm(:,:),thlp2(:,:),mixt_frac(:,:),invrs_rho_ds_zm(:,:),em(:,:),rho_ds_zm(:,:),radf(:,:),invrs_rho_ds_zt(:,:),wp3_old(:,:),a3(:,:),lhs_splat_wp3(:,:),skw_zm(:,:),invrs_tau_c4_zm(:,:),invrs_tau_c1_zm(:,:),kh_zm(:,:),invrs_tau_wp3_zt(:,:),cx_fnc_richardson(:,:),vm(:,:),um(:,:),vp2(:,:),up2(:,:),upwp(:,:),thv_ds_zt(:,:),wp2_zt(:,:),wpthlp(:,:),wp3_zm(:,:),wp2up2(:,:),wp2thvp(:,:),wpvp2(:,:),wpup2(:,:),wpthvp(:,:),wm_zm(:,:),vpwp(:,:),sigma_sqd_w(:,:),sfc_elevation(:),rtp2(:,:))
   1135, Generating exit data delete(kw8(:,:),kw1(:,:),kw1_zm(:,:),dvm_dz(:,:),lhs_tp_wp3(:,:,:),kw8_zt(:,:),dum_dz(:,:),coef_wp4_implicit_zt(:,:),a1(:,:),c_wp3_pr_tp(:),coef_wp4_implicit(:,:),lhs_ac_pr2_wp2(:,:),lhs(:,:,:),lhs_ma_zm(:,:,:),lhs_dp1_wp2(:,:),lhs_diff_zt(:,:,:),lhs_diff_zm(:,:,:),lhs_diff_zm_crank(:,:,:),lhs_adv_tp_wp3(:,:,:),rhs_pr_dfsn_wp2(:,:),rhs_pr_dfsn_wp3(:,:),rhs_pr_turb_wp3(:,:),rhs_pr3_wp2(:,:),rhs_pr1_wp3(:,:),rhs(:,:),rhs_pr3_wp3(:,:),rhs_bp1_pr2_wp3(:,:),rhs_pr1_wp2(:,:),lhs_pr1_wp2(:,:),rhs_dp1_wp2(:,:),lhs_ma_zt(:,:,:),rhs_bp_pr2_wp2(:,:),lhs_diff_zt_crank(:,:,:),lhs_ta_wp2(:,:,:),lhs_pr1_wp3(:,:),lhs_ac_pr2_wp3(:,:),lhs_ta_wp3(:,:,:),lhs_pr_tp_wp3(:,:,:),wp3_old(:,:),wp3_term_ta_lhs_result(:,:,:),wp3_pr3_lhs(:,:,:),c1_skw_fnc(:,:),c11_skw_fnc(:,:),a1_zt(:,:),c16_fnc(:,:),wp2_old(:,:),rhs_ta_wp3(:,:))
wp23_solve:
   1368, Generating enter data create(threshold_array(:,:),solut(:,:),old_solut(:,:),rhs_save(:,:),rcond(:))
   1372, Generating implicit firstprivate(nz,ngrdcol)
         Generating NVIDIA GPU code
       1373, !$acc loop gang, vector(128) collapse(2) ! blockidx%x threadidx%x
       1374,   ! blockidx%x threadidx%x collapsed
   1372, Generating default present(rhs_save(:ngrdcol,:nz),rhs(:ngrdcol,:nz))
   1402, Generating update self(rcond(:))
   1421, Generating update self(lhs(:,:,:),rhs_save(:,:))
   1448, Generating implicit firstprivate(nz,ngrdcol)
         Generating NVIDIA GPU code
       1449, !$acc loop gang, vector(128) collapse(2) ! blockidx%x threadidx%x
       1450,   ! blockidx%x threadidx%x collapsed
   1448, Generating default present(wp3(:ngrdcol,:nz),wp2(:ngrdcol,:nz),solut(:ngrdcol,:))
   1450, Generating implicit firstprivate(k_wp3,k_wp2)
   1461, Generating update self(c11_skw_fnc(:,:),lhs_ta_wp2(:,:,:),lhs_ma_zm(:,:,:),wp3(:,:),lhs_pr1_wp3(:,:),clubb_params(:,:),wp3_pr3_lhs(:,:,:),wp3_term_ta_lhs_result(:,:,:),lhs_diff_zm(:,:,:),lhs_pr1_wp2(:,:),lhs_ma_zt(:,:,:),lhs_dp1_wp2(:,:),wp2(:,:),lhs_pr_tp_wp3(:,:,:),lhs_adv_tp_wp3(:,:,:),wm_zt(:,:),lhs_diff_zt(:,:,:),wm_zm(:,:))
   1663, Generating update self(wp2(:,:))
   1686, Generating implicit firstprivate(nz,ngrdcol)
         Generating NVIDIA GPU code
       1687, !$acc loop gang, vector(128) collapse(2) ! blockidx%x threadidx%x
       1688,   ! blockidx%x threadidx%x collapsed
   1686, Generating default present(wp2(:ngrdcol,:nz))
   1699, Generating update self(wp2(:,:))
   1738, Generating implicit firstprivate(nz,ngrdcol)
         Generating NVIDIA GPU code
       1739, !$acc loop gang, vector(128) collapse(2) ! blockidx%x threadidx%x
       1740,   ! blockidx%x threadidx%x collapsed
   1738, Generating default present(thlp2(:ngrdcol,:nz),threshold_array(:ngrdcol,:nz),rtp2(:ngrdcol,:nz),wpthlp(:ngrdcol,:nz),wprtp(:ngrdcol,:nz))
   1757, Generating implicit firstprivate(nz,ngrdcol)
         Generating NVIDIA GPU code
       1758, !$acc loop gang, vector(128) collapse(2) ! blockidx%x threadidx%x
       1759,   ! blockidx%x threadidx%x collapsed
   1757, Generating default present(threshold_array(:ngrdcol,:nz))
   1787, Generating exit data delete(threshold_array(:,:),solut(:,:),old_solut(:,:),rhs_save(:,:),rcond(:))
wp23_lhs:
   1894, Generating copyin(lhs_tp_wp3(:,:,:),wp3_term_ta_lhs_result(:,:,:),lhs_ac_pr2_wp3(:,:),lhs_diff_zm(:,:,:),lhs_dp1_wp2(:,:),lhs_ma_zm(:,:,:),lhs_splat_wp3(:,:),lhs_ta_wp2(:,:,:)) [if not already present]
         Generating copyout(lhs(:,:,:)) [if not already present]
         Generating copyin(lhs_ac_pr2_wp2(:,:),lhs_diff_zt(:,:,:),lhs_pr1_wp2(:,:),lhs_ma_zt(:,:,:),lhs_pr1_wp3(:,:),lhs_splat_wp2(:,:)) [if not already present]
   1903, Generating implicit firstprivate(ngrdcol,nz)
         Generating NVIDIA GPU code
       1904, !$acc loop gang, vector(128) collapse(3) ! blockidx%x threadidx%x
       1905,   ! blockidx%x threadidx%x collapsed
       1906,   ! blockidx%x threadidx%x collapsed
   1914, Generating implicit firstprivate(ngrdcol)
         Generating NVIDIA GPU code
       1915, !$acc loop gang, vector(128) collapse(2) ! blockidx%x threadidx%x
       1916,   ! blockidx%x threadidx%x collapsed
   1927, Generating implicit firstprivate(ngrdcol)
         Generating NVIDIA GPU code
       1928, !$acc loop gang, vector(128) collapse(2) ! blockidx%x threadidx%x
       1929,   ! blockidx%x threadidx%x collapsed
   1940, Generating implicit firstprivate(nz,ngrdcol)
         Generating NVIDIA GPU code
       1941, !$acc loop gang, vector(128) collapse(2) ! blockidx%x threadidx%x
       1942,   ! blockidx%x threadidx%x collapsed
   1942, Generating implicit firstprivate(k_wp3,invrs_dt)
   1981, Generating implicit firstprivate(nz,ngrdcol)
         Generating NVIDIA GPU code
       1982, !$acc loop gang, vector(128) collapse(2) ! blockidx%x threadidx%x
       1983,   ! blockidx%x threadidx%x collapsed
   1983, Generating implicit firstprivate(k_wp2,invrs_dt)
   2021, Generating implicit firstprivate(ngrdcol)
         Generating NVIDIA GPU code
       2022, !$acc loop gang, vector(128) collapse(2) ! blockidx%x threadidx%x
       2023,   ! blockidx%x threadidx%x collapsed
   2023, Generating implicit firstprivate(nz)
   2034, Generating implicit firstprivate(ngrdcol)
         Generating NVIDIA GPU code
       2035, !$acc loop gang, vector(128) collapse(2) ! blockidx%x threadidx%x
       2036,   ! blockidx%x threadidx%x collapsed
   2036, Generating implicit firstprivate(nz)
   2057, Generating implicit firstprivate(nz,ngrdcol)
         Generating NVIDIA GPU code
       2058, !$acc loop gang, vector(128) collapse(2) ! blockidx%x threadidx%x
       2059,   ! blockidx%x threadidx%x collapsed
   2059, Generating implicit firstprivate(k_wp2)
   2070, Generating implicit firstprivate(nz,ngrdcol)
         Generating NVIDIA GPU code
       2071, !$acc loop gang, vector(128) collapse(2) ! blockidx%x threadidx%x
       2072,   ! blockidx%x threadidx%x collapsed
   2072, Generating implicit firstprivate(k_wp2)
   2098, Generating implicit firstprivate(nz,ngrdcol)
         Generating NVIDIA GPU code
       2099, !$acc loop gang, vector(128) collapse(3) ! blockidx%x threadidx%x
       2100,   ! blockidx%x threadidx%x collapsed
       2101,   ! blockidx%x threadidx%x collapsed
   2101, Generating implicit firstprivate(k_wp3)
   2114, Generating implicit firstprivate(ngrdcol)
         Generating NVIDIA GPU code
       2115, !$acc loop gang, vector(128) collapse(2) ! blockidx%x threadidx%x
       2116,   ! blockidx%x threadidx%x collapsed
wp23_rhs:
   2326, Generating copyin(wp3(:,:),lhs_adv_tp_wp3(:,:,:),lhs_diff_zm_crank(:,:,:),lhs_diff_zm(:,:,:),lhs_diff_zt(:,:,:),lhs_ta_wp3(:,:,:),c_uu_buoy,lhs_pr1_wp3(:,:),lhs_splat_wp3(:,:),lhs_diff_zt_crank(:,:,:),rhs_bp_pr2_wp2(:,:),lhs_dp1_wp2(:,:),rhs_dp1_wp2(:,:),lhs_pr1_wp2(:,:),rhs_pr1_wp2(:,:),rhs_bp1_pr2_wp3(:,:),rhs_pr3_wp3(:,:)) [if not already present]
         Generating copyout(rhs(:,:)) [if not already present]
         Generating copyin(rhs_pr1_wp3(:,:),rhs_pr3_wp2(:,:),rhs_pr_turb_wp3(:,:),rhs_pr_dfsn_wp3(:,:),rhs_pr_dfsn_wp2(:,:),vp2(:,:),wp2thvp(:,:),wpthvp(:,:),wpvp2(:,:),wpup2(:,:),wp3_term_ta_lhs_result(:,:,:),wp2(:,:),thv_ds_zt(:,:),up2(:,:),lhs_tp_wp3(:,:,:),rhs_ta_wp3(:,:),thv_ds_zm(:,:),lhs_pr_tp_wp3(:,:,:),lhs_splat_wp2(:,:),c11_skw_fnc(:,:),radf(:,:)) [if not already present]
   2341, Generating implicit firstprivate(nz,ngrdcol)
         Generating NVIDIA GPU code
       2342, !$acc loop gang, vector(128) collapse(2) ! blockidx%x threadidx%x
       2343,   ! blockidx%x threadidx%x collapsed
   2350, Generating implicit firstprivate(nz,ngrdcol)
         Generating NVIDIA GPU code
       2351, !$acc loop gang, vector(128) collapse(2) ! blockidx%x threadidx%x
       2352,   ! blockidx%x threadidx%x collapsed
   2352, Generating implicit firstprivate(k_wp3)
   2359, Generating implicit firstprivate(nz,ngrdcol)
         Generating NVIDIA GPU code
       2360, !$acc loop gang, vector(128) collapse(2) ! blockidx%x threadidx%x
       2361,   ! blockidx%x threadidx%x collapsed
   2361, Generating implicit firstprivate(k_wp2)
   2403, Generating implicit firstprivate(nz,ngrdcol)
         Generating NVIDIA GPU code
       2404, !$acc loop gang, vector(128) collapse(2) ! blockidx%x threadidx%x
       2405,   ! blockidx%x threadidx%x collapsed
   2405, Generating implicit firstprivate(k_wp2)
   2415, Generating implicit firstprivate(ngrdcol,nz)
         Generating NVIDIA GPU code
       2416, !$acc loop gang, vector(128) collapse(2) ! blockidx%x threadidx%x
       2417,   ! blockidx%x threadidx%x collapsed
   2417, Generating implicit firstprivate(k_wp3)
   2431, Generating implicit firstprivate(nz,ngrdcol)
         Generating NVIDIA GPU code
       2432, !$acc loop gang, vector(128) collapse(2) ! blockidx%x threadidx%x
       2433,   ! blockidx%x threadidx%x collapsed
   2433, Generating implicit firstprivate(k_wp2)
   2449, Generating implicit firstprivate(nz,ngrdcol)
         Generating NVIDIA GPU code
       2450, !$acc loop gang, vector(128) collapse(2) ! blockidx%x threadidx%x
       2451,   ! blockidx%x threadidx%x collapsed
   2451, Generating implicit firstprivate(k_wp3,invrs_dt)
   2479, Generating implicit firstprivate(nz,ngrdcol)
         Generating NVIDIA GPU code
       2480, !$acc loop gang, vector(128) collapse(2) ! blockidx%x threadidx%x
       2481,   ! blockidx%x threadidx%x collapsed
   2481, Generating implicit firstprivate(k_wp2,invrs_dt)
   2533, Generating implicit firstprivate(nz,ngrdcol)
         Generating NVIDIA GPU code
       2534, !$acc loop gang, vector(128) collapse(2) ! blockidx%x threadidx%x
       2535,   ! blockidx%x threadidx%x collapsed
   2535, Generating implicit firstprivate(k_wp3)
   2589, Generating implicit firstprivate(ngrdcol)
         Generating NVIDIA GPU code
       2590, !$acc loop gang, vector(128) ! blockidx%x threadidx%x
   2590, Generating implicit firstprivate(nz)
   2604, Generating update self(rhs_pr_dfsn_wp2(:,:),rhs_pr_dfsn_wp3(:,:),wpvp2(:,:),wpup2(:,:),wpthvp(:,:),lhs_diff_zm_crank(:,:,:),lhs_splat_wp2(:,:),lhs_pr1_wp2(:,:),rhs_pr1_wp2(:,:),rhs_pr3_wp2(:,:),lhs_pr1_wp3(:,:),clubb_params(:,:),lhs_splat_wp3(:,:),wp2thvp(:,:),wp3(:,:),rhs_pr_turb_wp3(:,:),rhs_pr1_wp3(:,:),lhs_diff_zt(:,:,:),lhs_ta_wp3(:,:,:),lhs_dp1_wp2(:,:),rhs_dp1_wp2(:,:),lhs_pr_tp_wp3(:,:,:),rhs_pr3_wp3(:,:),lhs_adv_tp_wp3(:,:,:),up2(:,:),thv_ds_zt(:,:),lhs_diff_zm(:,:,:),vp2(:,:),wp2(:,:),thv_ds_zm(:,:),wp3_term_ta_lhs_result(:,:,:),rhs_ta_wp3(:,:))
wp2_term_ta_lhs:
   2987, Generating copyin(gr%invrs_dzm(:,:),gr,rho_ds_zt(:,:)) [if not already present]
         Generating copyout(lhs_ta_wp2(:,:,:)) [if not already present]
         Generating copyin(invrs_rho_ds_zm(:,:)) [if not already present]
   2991, Generating implicit firstprivate(ngrdcol)
         Generating NVIDIA GPU code
       2992, !$acc loop gang, vector(128) collapse(2) ! blockidx%x threadidx%x
       2993,   ! blockidx%x threadidx%x collapsed
   3002, Generating implicit firstprivate(nz,ngrdcol)
         Generating NVIDIA GPU code
       3003, !$acc loop gang, vector(128) collapse(2) ! blockidx%x threadidx%x
       3004,   ! blockidx%x threadidx%x collapsed
wp2_terms_ac_pr2_lhs:
   3115, Generating copyin(c_uu_shr(:),gr,wm_zt(:,:)) [if not already present]
         Generating copyout(lhs_ac_pr2_wp2(:,:)) [if not already present]
         Generating copyin(gr%invrs_dzm(:,:)) [if not already present]
   3119, Generating implicit firstprivate(ngrdcol)
         Generating NVIDIA GPU code
       3120, !$acc loop gang, vector(128) ! blockidx%x threadidx%x
   3120, Generating implicit firstprivate(nz)
   3128, Generating implicit firstprivate(nz,ngrdcol)
         Generating NVIDIA GPU code
       3129, !$acc loop gang, vector(128) collapse(2) ! blockidx%x threadidx%x
       3130,   ! blockidx%x threadidx%x collapsed
wp2_term_dp1_lhs:
   3209, Generating copyin(c1_skw_fnc(:,:)) [if not already present]
         Generating copyout(lhs_dp1_wp2(:,:)) [if not already present]
         Generating copyin(invrs_tau1m(:,:)) [if not already present]
   3213, Generating implicit firstprivate(ngrdcol)
         Generating NVIDIA GPU code
       3214, !$acc loop gang, vector(128) ! blockidx%x threadidx%x
   3214, Generating implicit firstprivate(nz)
   3222, Generating implicit firstprivate(nz,ngrdcol)
         Generating NVIDIA GPU code
       3223, !$acc loop gang, vector(128) collapse(2) ! blockidx%x threadidx%x
       3224,   ! blockidx%x threadidx%x collapsed
wp2_term_pr1_lhs:
   3309, Generating copyout(lhs_pr1_wp2(:,:)) [if not already present]
         Generating copyin(invrs_tau_c4_zm(:,:)) [if not already present]
   3313, Generating implicit firstprivate(ngrdcol)
         Generating NVIDIA GPU code
       3314, !$acc loop gang, vector(128) ! blockidx%x threadidx%x
   3314, Generating implicit firstprivate(nz)
   3323, Generating implicit firstprivate(ngrdcol,nz)
         Generating NVIDIA GPU code
       3324, !$acc loop gang, vector(128) collapse(2) ! blockidx%x threadidx%x
       3325,   ! blockidx%x threadidx%x collapsed
   3323, Generating default present(c4(:ngrdcol))
wp2_terms_bp_pr2_rhs:
   3404, Generating copyout(rhs_bp_pr2_wp2(:,:)) [if not already present]
         Generating copyin(thv_ds_zm(:,:),wpthvp(:,:),c_uu_buoy(:)) [if not already present]
   3408, Generating implicit firstprivate(ngrdcol)
         Generating NVIDIA GPU code
       3409, !$acc loop gang, vector(128) ! blockidx%x threadidx%x
   3409, Generating implicit firstprivate(nz)
   3417, Generating implicit firstprivate(nz,ngrdcol)
         Generating NVIDIA GPU code
       3418, !$acc loop gang, vector(128) collapse(2) ! blockidx%x threadidx%x
       3419,   ! blockidx%x threadidx%x collapsed
wp2_term_dp1_rhs:
   3507, Generating copyin(c1_skw_fnc(:,:)) [if not already present]
         Generating copyout(rhs_dp1_wp2(:,:)) [if not already present]
         Generating copyin(up2(:,:),vp2(:,:),invrs_tau1m(:,:)) [if not already present]
   3511, Generating implicit firstprivate(ngrdcol)
         Generating NVIDIA GPU code
       3512, !$acc loop gang, vector(128) ! blockidx%x threadidx%x
   3512, Generating implicit firstprivate(nz)
   3521, Generating implicit firstprivate(nz,ngrdcol)
         Generating NVIDIA GPU code
       3522, !$acc loop gang, vector(128) collapse(2) ! blockidx%x threadidx%x
       3523,   ! blockidx%x threadidx%x collapsed
   3529, Generating implicit firstprivate(nz,ngrdcol)
         Generating NVIDIA GPU code
       3530, !$acc loop gang, vector(128) collapse(2) ! blockidx%x threadidx%x
       3531,   ! blockidx%x threadidx%x collapsed
   3531, Generating implicit firstprivate(threshold)
wp2_term_pr3_rhs:
   3629, Generating copyin(c_uu_shr(:),gr) [if not already present]
         Generating copyout(rhs_pr3_wp2(:,:)) [if not already present]
         Generating copyin(vpwp(:,:),wpthvp(:,:),um(:,:),thv_ds_zm(:,:),vm(:,:),upwp(:,:),c_uu_buoy(:),gr%invrs_dzm(:,:)) [if not already present]
   3634, Generating implicit firstprivate(ngrdcol)
         Generating NVIDIA GPU code
       3635, !$acc loop gang, vector(128) ! blockidx%x threadidx%x
   3635, Generating implicit firstprivate(nz)
   3643, Generating implicit firstprivate(nz,ngrdcol)
         Generating NVIDIA GPU code
       3644, !$acc loop gang, vector(128) collapse(2) ! blockidx%x threadidx%x
       3645,   ! blockidx%x threadidx%x collapsed
wp2_term_pr1_rhs:
   3750, Generating copyout(rhs_pr1_wp2(:,:)) [if not already present]
         Generating copyin(up2(:,:),vp2(:,:),c4(:),invrs_tau_c4_zm(:,:)) [if not already present]
   3754, Generating implicit firstprivate(ngrdcol)
         Generating NVIDIA GPU code
       3755, !$acc loop gang, vector(128) ! blockidx%x threadidx%x
   3755, Generating implicit firstprivate(nz)
   3763, Generating implicit firstprivate(nz,ngrdcol)
         Generating NVIDIA GPU code
       3764, !$acc loop gang, vector(128) collapse(2) ! blockidx%x threadidx%x
       3765,   ! blockidx%x threadidx%x collapsed
wp2_term_pr_dfsn_rhs:
   3848, Generating copyin(c_wp2_pr_dfsn(:),gr%invrs_dzm(:,:),gr,invrs_rho_ds_zm(:,:)) [if not already present]
         Generating create(wpuip2(:,:)) [if not already present]
         Generating copyin(wpvp2(:,:),wpup2(:,:)) [if not already present]
         Generating copyout(rhs_pr_dfsn_wp2(:,:)) [if not already present]
         Generating copyin(rho_ds_zt(:,:),wp3(:,:)) [if not already present]
   3853, Generating implicit firstprivate(nz,ngrdcol)
         Generating NVIDIA GPU code
       3854, !$acc loop gang, vector(128) collapse(2) ! blockidx%x threadidx%x
       3855,   ! blockidx%x threadidx%x collapsed
   3861, Generating implicit firstprivate(ngrdcol)
         Generating NVIDIA GPU code
       3862, !$acc loop gang, vector(128) ! blockidx%x threadidx%x
   3862, Generating implicit firstprivate(nz)
   3870, Generating implicit firstprivate(nz,ngrdcol)
         Generating NVIDIA GPU code
       3871, !$acc loop gang, vector(128) collapse(2) ! blockidx%x threadidx%x
       3872,   ! blockidx%x threadidx%x collapsed
wp3_term_ta_new_pdf_lhs:
   4006, Generating copyin(coef_wp4_implicit(:,:),gr,gr%invrs_dzt(:,:)) [if not already present]
         Generating copyout(lhs_ta_wp3(:,:,:)) [if not already present]
         Generating copyin(rho_ds_zm(:,:),wp2(:,:),invrs_rho_ds_zt(:,:)) [if not already present]
   4011, Generating implicit firstprivate(ngrdcol)
         Generating NVIDIA GPU code
       4012, !$acc loop gang, vector(128) ! blockidx%x threadidx%x
       4013, !$acc loop seq
   4012, Generating implicit firstprivate(k)
   4013, Loop is parallelizable
         Generating implicit firstprivate(nz)
   4024, Generating implicit firstprivate(nz,ngrdcol)
         Generating NVIDIA GPU code
       4025, !$acc loop gang, vector(128) collapse(2) ! blockidx%x threadidx%x
       4026,   ! blockidx%x threadidx%x collapsed
wp3_term_ta_adg1_lhs:
   4206, Generating copyin(a3_zt(:,:),gr,gr%invrs_dzt(:,:),rho_ds_zt(:,:),a1(:,:),a1_zt(:,:),a3(:,:),wp3_on_wp2(:,:),wp2(:,:)) [if not already present]
         Generating copyout(lhs_ta_wp3(:,:,:)) [if not already present]
         Generating copyin(rho_ds_zm(:,:),gr%weights_zt2zm(:,:,:),invrs_rho_ds_zt(:,:)) [if not already present]
   4212, Generating implicit firstprivate(ngrdcol)
         Generating NVIDIA GPU code
       4213, !$acc loop gang, vector(128) collapse(2) ! blockidx%x threadidx%x
       4214,   ! blockidx%x threadidx%x collapsed
   4214, Generating implicit firstprivate(nz)
   4236, Generating implicit firstprivate(nz,ngrdcol)
         Generating NVIDIA GPU code
       4237, !$acc loop gang, vector(128) collapse(2) ! blockidx%x threadidx%x
       4238,   ! blockidx%x threadidx%x collapsed
   4284, Generating implicit firstprivate(ngrdcol)
         Generating NVIDIA GPU code
       4285, !$acc loop gang, vector(128) ! blockidx%x threadidx%x
   4323, Generating implicit firstprivate(nz,ngrdcol)
         Generating NVIDIA GPU code
       4324, !$acc loop gang, vector(128) collapse(2) ! blockidx%x threadidx%x
       4325,   ! blockidx%x threadidx%x collapsed
   4367, Generating implicit firstprivate(ngrdcol)
         Generating NVIDIA GPU code
       4368, !$acc loop gang, vector(128) ! blockidx%x threadidx%x
   4414, Generating implicit firstprivate(nz,ngrdcol)
         Generating NVIDIA GPU code
       4415, !$acc loop gang, vector(128) collapse(2) ! blockidx%x threadidx%x
       4416,   ! blockidx%x threadidx%x collapsed
   4462, Generating implicit firstprivate(ngrdcol)
         Generating NVIDIA GPU code
       4463, !$acc loop gang, vector(128) ! blockidx%x threadidx%x
wp3_term_tp_lhs:
   4611, Generating copyin(gr%invrs_dzt(:,:),gr) [if not already present]
         Generating copyout(lhs_tp_wp3(:,:,:)) [if not already present]
         Generating copyin(wp2(:,:),rho_ds_zm(:,:),invrs_rho_ds_zt(:,:)) [if not already present]
   4616, Generating implicit firstprivate(ngrdcol)
         Generating NVIDIA GPU code
       4617, !$acc loop gang, vector(128) ! blockidx%x threadidx%x
       4618, !$acc loop seq
   4617, Generating implicit firstprivate(i)
   4618, Loop is parallelizable
         Generating implicit firstprivate(nz)
   4629, Generating implicit firstprivate(nz,ngrdcol)
         Generating NVIDIA GPU code
       4630, !$acc loop gang, vector(128) collapse(2) ! blockidx%x threadidx%x
       4631,   ! blockidx%x threadidx%x collapsed
   4629, Generating default present(coef_wp3_tp(:ngrdcol))
wp3_terms_ac_pr2_lhs:
   4741, Generating copyin(c11_skw_fnc(:,:),gr%invrs_dzt(:,:),gr,wm_zm(:,:)) [if not already present]
         Generating copyout(lhs_ac_pr2_wp3(:,:)) [if not already present]
   4745, Generating implicit firstprivate(ngrdcol)
         Generating NVIDIA GPU code
       4746, !$acc loop gang, vector(128) ! blockidx%x threadidx%x
   4746, Generating implicit firstprivate(nz)
   4756, Generating implicit firstprivate(nz,ngrdcol)
         Generating NVIDIA GPU code
       4757, !$acc loop gang, vector(128) collapse(2) ! blockidx%x threadidx%x
       4758,   ! blockidx%x threadidx%x collapsed
wp3_term_pr1_lhs:
   4863, Generating copyin(c8b(:),skw_zt(:,:)) [if not already present]
         Generating copyout(lhs_pr1_wp3(:,:)) [if not already present]
         Generating copyin(c8(:),invrs_tau_wp3_zt(:,:)) [if not already present]
   4867, Generating implicit firstprivate(ngrdcol)
         Generating NVIDIA GPU code
       4868, !$acc loop gang, vector(128) ! blockidx%x threadidx%x
   4868, Generating implicit firstprivate(nz)
   4879, Generating implicit firstprivate(nz,ngrdcol)
         Generating NVIDIA GPU code
       4880, !$acc loop gang, vector(128) collapse(2) ! blockidx%x threadidx%x
       4881,   ! blockidx%x threadidx%x collapsed
   4890, Generating implicit firstprivate(nz,ngrdcol)
         Generating NVIDIA GPU code
       4891, !$acc loop gang, vector(128) collapse(2) ! blockidx%x threadidx%x
       4892,   ! blockidx%x threadidx%x collapsed
wp3_term_ta_explicit_rhs:
   4991, Generating copyin(wp4(:,:)) [if not already present]
         Generating copyout(rhs_ta_wp3(:,:)) [if not already present]
         Generating copyin(invrs_rho_ds_zt(:,:),gr%invrs_dzt(:,:),gr,rho_ds_zm(:,:)) [if not already present]
   4995, Generating implicit firstprivate(ngrdcol)
         Generating NVIDIA GPU code
       4996, !$acc loop gang, vector(128) ! blockidx%x threadidx%x
   4996, Generating implicit firstprivate(nz)
   5006, Generating implicit firstprivate(nz,ngrdcol)
         Generating NVIDIA GPU code
       5007, !$acc loop gang, vector(128) collapse(2) ! blockidx%x threadidx%x
       5008,   ! blockidx%x threadidx%x collapsed
wp3_terms_bp1_pr2_rhs:
   5081, Generating copyout(rhs_bp1_pr2_wp3(:,:)) [if not already present]
         Generating copyin(thv_ds_zt(:,:),wp2thvp(:,:),c11_skw_fnc(:,:)) [if not already present]
   5085, Generating implicit firstprivate(ngrdcol)
         Generating NVIDIA GPU code
       5086, !$acc loop gang, vector(128) ! blockidx%x threadidx%x
   5086, Generating implicit firstprivate(nz)
   5096, Generating implicit firstprivate(nz,ngrdcol)
         Generating NVIDIA GPU code
       5097, !$acc loop gang, vector(128) collapse(2) ! blockidx%x threadidx%x
       5098,   ! blockidx%x threadidx%x collapsed
wp3_term_pr_turb_rhs:
   5183, Generating copyin(wp2(:,:),wpthvp(:,:),dum_dz(:,:),thv_ds_zt(:,:),upwp(:,:)) [if not already present]
         Generating copyout(rhs_pr_turb_wp3(:,:)) [if not already present]
         Generating copyin(kh_zt(:,:),invrs_rho_ds_zt(:,:),gr%invrs_dzt(:,:),vpwp(:,:),dvm_dz(:,:),em(:,:),gr,rho_ds_zm(:,:)) [if not already present]
   5189, Generating implicit firstprivate(ngrdcol)
         Generating NVIDIA GPU code
       5190, !$acc loop gang, vector(128) ! blockidx%x threadidx%x
   5190, Generating implicit firstprivate(nz)
   5201, Generating implicit firstprivate(nz,ngrdcol)
         Generating NVIDIA GPU code
       5202, !$acc loop gang, vector(128) collapse(2) ! blockidx%x threadidx%x
       5203,   ! blockidx%x threadidx%x collapsed
   5201, Generating default present(c_wp3_pr_turb(:ngrdcol))
   5215, Generating implicit firstprivate(nz,ngrdcol)
         Generating NVIDIA GPU code
       5216, !$acc loop gang, vector(128) collapse(2) ! blockidx%x threadidx%x
       5217,   ! blockidx%x threadidx%x collapsed
   5215, Generating default present(c_wp3_pr_turb(:ngrdcol))
wp3_term_pr_dfsn_rhs:
   5306, Generating copyin(gr%invrs_dzt(:,:),invrs_rho_ds_zt(:,:)) [if not already present]
         Generating create(wp2uip2(:,:)) [if not already present]
         Generating copyin(wp2up2(:,:),wp4(:,:),wp2vp2(:,:)) [if not already present]
         Generating copyout(rhs_pr_dfsn_wp3(:,:)) [if not already present]
         Generating copyin(up2(:,:),vp2(:,:),gr,rho_ds_zm(:,:)) [if not already present]
         Generating create(wp2_uip2(:,:)) [if not already present]
         Generating copyin(wp2(:,:)) [if not already present]
   5312, Generating implicit firstprivate(ngrdcol,nz)
         Generating NVIDIA GPU code
       5313, !$acc loop gang, vector(128) collapse(2) ! blockidx%x threadidx%x
       5314,   ! blockidx%x threadidx%x collapsed
   5321, Generating implicit firstprivate(ngrdcol)
         Generating NVIDIA GPU code
       5322, !$acc loop gang, vector(128) ! blockidx%x threadidx%x
   5322, Generating implicit firstprivate(nz)
   5331, Generating implicit firstprivate(nz,ngrdcol)
         Generating NVIDIA GPU code
       5332, !$acc loop gang, vector(128) collapse(2) ! blockidx%x threadidx%x
       5333,   ! blockidx%x threadidx%x collapsed
   5331, Generating default present(c_wp3_pr_dfsn(:ngrdcol))
wp3_term_pr1_rhs:
   5435, Generating copyout(rhs_pr1_wp3(:,:)) [if not already present]
         Generating copyin(wp3(:,:),skw_zt(:,:),invrs_tau_wp3_zt(:,:)) [if not already present]
   5439, Generating implicit firstprivate(ngrdcol)
         Generating NVIDIA GPU code
       5440, !$acc loop gang, vector(128) ! blockidx%x threadidx%x
   5440, Generating implicit firstprivate(nz)
   5451, Generating implicit firstprivate(nz,ngrdcol)
         Generating NVIDIA GPU code
       5452, !$acc loop gang, vector(128) collapse(2) ! blockidx%x threadidx%x
       5453,   ! blockidx%x threadidx%x collapsed
   5451, Generating default present(c8b(:ngrdcol),c8(:ngrdcol))
   5460, Generating implicit firstprivate(nz,ngrdcol)
         Generating NVIDIA GPU code
       5461, !$acc loop gang, vector(128) collapse(2) ! blockidx%x threadidx%x
       5462,   ! blockidx%x threadidx%x collapsed
   5460, Generating default present(c8b(:ngrdcol),c8(:ngrdcol))
nvfortran -DNETCDF -DCLUBB_REAL_TYPE=8 -DCLUBB_GPU -DCUDA -DCOAMPS_MICRO -DNR_SP -DSILHS -Dradoffline -Dnooverlap -DCLUBB -I/glade/u/apps/casper/24.12/spack/opt/spack/netcdf/4.9.2/nvhpc/24.11/djgy/include -Mcache_align -O2  -I/glade/u/apps/casper/24.12/spack/opt/spack/netcdf/4.9.2/nvhpc/24.11/djgy/include -Mbackslash -Mstandard -Kieee -acc -Minfo=accel  -c	/glade/u/home/ilinck/clubb_release/compile/../src/CLUBB_core/advance_clubb_core_module.F90
advance_clubb_core:
    839, Generating enter data create(lhs_splat_wp2(:,:),kmh_zm(:,:),mixt_frac_zm(:,:),tau_max_zm(:,:),stability_correction(:,:),lscale_down(:,:),rcp2_zt(:,:),brunt_vaisala_freq_sqd_splat(:,:),brunt_vaisala_freq_sqd_moist(:,:),brunt_vaisala_freq_sqd_mixed(:,:),brunt_vaisala_freq_sqd(:,:),brunt_vaisala_freq_sqd_dry(:,:),a3_coef_zt(:,:),cloud_frac_zm(:,:),invrs_tau_wp3_zm(:,:),invrs_tau_xp2_zm(:,:),invrs_tau_no_n2_zm(:,:),invrs_tau_sfc(:,:),ice_supersat_frac_zm(:,:),invrs_tau_n2_zm(:,:),invrs_tau_wp2_zm(:,:),invrs_tau_wp3_zt(:,:),invrs_tau_shear(:,:),invrs_tau_bkgnd(:,:),invrs_tau_c1_zm(:,:),invrs_tau_c6_zm(:,:),invrs_tau_wpxp_zm(:,:),invrs_tau_c14_zm(:,:),invrs_tau_c4_zm(:,:),invrs_tau_n2_iso(:,:),sqrt_em_zt(:,:),rc_coef(:,:),thlm1000(:),tau_zt(:,:),rcm_supersat_adj(:,:),thlm700(:),ri_zm(:,:),gamma_skw_fnc(:,:),brunt_vaisala_freq_sqd_zt(:,:),rcp2(:,:),lscale_zm(:,:),varnce_w_1_zm(:,:),upwp_zt(:,:),w_1_zm(:,:),vpwp_zt(:,:),wpthlp_zt(:,:),skw_zt(:,:),sigma_sqd_w_tmp(:,:),sigma_sqd_w(:,:),rtpthlp_zt(:,:),em(:,:),km_zm(:,:),invrs_tau_zt(:,:),mu(:),wp3_on_wp2(:,:),wp2rcp(:,:),a3_coef(:,:),sigma_sqd_w_zt(:,:),vp2_zt(:,:),up2_zt(:,:),varnce_w_2_zm(:,:),thvm_zm(:,:),rtprcp(:,:),rtm_zm(:,:),wprtp2(:,:),wpthlp2(:,:),thlm_zm(:,:),w_2_zm(:,:),tau_zm(:,:),tau_max_zt(:,:),ddzm_thvm_zm(:,:),lscale(:,:),lscale_up(:,:),lscale_max(:),lhs_splat_wp3(:,:),wp3_on_wp2_zt(:,:),wp2_zt(:,:),wprtp_zt(:,:),wp3_zm(:,:),wprtpthlp(:,:),rcm_zm(:,:),rtp2_zt(:,:),cx_fnc_richardson(:,:),thvm(:,:),thlp2_zt(:,:),skw_zm(:,:),skw_velocity(:,:),xp3_coef_fnc(:,:))
    860, Generating enter data create(wpsclrp2(:,:,:),wpsclrprtp(:,:,:),wpsclrp_zt(:,:),wp2sclrp(:,:,:),sclrprcp(:,:,:),sclrp2_zt(:,:),wpsclrpthlp(:,:,:))
    864, Generating enter data create(wpedsclrp(:,:,:))
    881, Generating update self(rtm(:,:),rho_ds_zt(:,:),gr%dzt(:,:),thlm(:,:),wm_zm(:,:),wm_zt(:,:))
    908, Generating update self(rtp2(:,:),thlm_forcing(:,:),rtm_forcing(:,:),wp2(:,:),wm_zt(:,:),wprtp_sfc(:),rtpthlp(:,:),wp3(:,:),rho_zm(:,:),vm_forcing(:,:),um_forcing(:,:),vp2(:,:),upwp_sfc(:),up2(:,:),thv_ds_zt(:,:),vpwp(:,:),upwp(:,:),wprtp(:,:),wpthlp(:,:),thv_ds_zm(:,:),thlp2(:,:),invrs_rho_ds_zm(:,:),exner(:,:),rho_ds_zm(:,:),rho(:,:),p_in_pa(:,:),rho_ds_zt(:,:),invrs_rho_ds_zt(:,:),wm_zm(:,:),vpwp_sfc(:),vm(:,:),um(:,:),rtm(:,:),thlm(:,:),wpthlp_sfc(:))
    915, Generating update self(sclrm(:,:,:),sclrprtp(:,:,:),sclrp2(:,:,:),sclrm_forcing(:,:,:),wpedsclrp_sfc(:,:),sclrpthlp(:,:,:),wpsclrp(:,:,:),wpsclrp_sfc(:,:))
    919, Generating update self(edsclrm_forcing(:,:,:),edsclrm(:,:,:))
    950, Generating update self(wp2(:,:),upwp(:,:),thlp2(:,:),rtpthlp(:,:),rfrzm(:,:),rtp2(:,:),thlm(:,:),rtm(:,:),vp2(:,:),up2(:,:),wpthlp(:,:),wprtp(:,:),wp3(:,:),um(:,:),vm(:,:),vpwp(:,:))
   1011, Generating implicit firstprivate(ngrdcol)
         Generating NVIDIA GPU code
       1012, !$acc loop gang, vector(128) ! blockidx%x threadidx%x
   1011, Generating default present(wpthlp(:ngrdcol,:1),wpthlp_sfc(:ngrdcol),wprtp_sfc(:ngrdcol),wprtp(:ngrdcol,:1),vpwp_sfc(:ngrdcol),upwp(:ngrdcol,:1),vpwp(:ngrdcol,:1),upwp_sfc(:ngrdcol))
   1021, Generating implicit firstprivate(ngrdcol)
         Generating NVIDIA GPU code
       1022, !$acc loop gang, vector(128) ! blockidx%x threadidx%x
   1021, Generating default present(upwp_pert(:ngrdcol,:1),vpwp_sfc_pert(:ngrdcol),vpwp_pert(:ngrdcol,:1),upwp_sfc_pert(:ngrdcol))
   1031, Generating implicit firstprivate(sclr_dim,ngrdcol)
         Generating NVIDIA GPU code
       1032, !$acc loop gang, vector(128) collapse(2) ! blockidx%x threadidx%x
       1033,   ! blockidx%x threadidx%x collapsed
   1031, Generating default present(wpsclrp(:ngrdcol,:1,:sclr_dim),wpsclrp_sfc(:ngrdcol,:sclr_dim))
   1041, Generating implicit firstprivate(edsclr_dim,ngrdcol)
         Generating NVIDIA GPU code
       1042, !$acc loop gang, vector(128) collapse(2) ! blockidx%x threadidx%x
       1043,   ! blockidx%x threadidx%x collapsed
   1041, Generating default present(wpedsclrp(:ngrdcol,:1,:edsclr_dim),wpedsclrp_sfc(:ngrdcol,:edsclr_dim))
   1052, Generating implicit firstprivate(ngrdcol)
         Generating NVIDIA GPU code
       1053, !$acc loop gang, vector(128) ! blockidx%x threadidx%x
   1052, Generating default present(wpthlp(:ngrdcol,:1),wprtp(:ngrdcol,:1),vpwp(:ngrdcol,:1),upwp(:ngrdcol,:1))
   1063, Generating implicit firstprivate(ngrdcol,edsclr_dim)
         Generating NVIDIA GPU code
       1064, !$acc loop gang, vector(128) collapse(2) ! blockidx%x threadidx%x
       1065,   ! blockidx%x threadidx%x collapsed
   1063, Generating default present(wpsclrp(:ngrdcol,:1,:edsclr_dim))
   1073, Generating implicit firstprivate(ngrdcol,edsclr_dim)
         Generating NVIDIA GPU code
       1074, !$acc loop gang, vector(128) collapse(2) ! blockidx%x threadidx%x
       1075,   ! blockidx%x threadidx%x collapsed
   1073, Generating default present(wpedsclrp(:ngrdcol,:1,:edsclr_dim))
   1091, Generating implicit firstprivate(ngrdcol)
         Generating NVIDIA GPU code
       1092, !$acc loop gang, vector(128) ! blockidx%x threadidx%x
   1091, Generating default present(mu(:ngrdcol),clubb_params(:ngrdcol,60))
   1199, Generating implicit firstprivate(nz,ngrdcol)
         Generating NVIDIA GPU code
       1200, !$acc loop gang, vector(128) collapse(2) ! blockidx%x threadidx%x
       1201,   ! blockidx%x threadidx%x collapsed
   1199, Generating default present(skw_zm(:ngrdcol,:nz),gamma_skw_fnc(:ngrdcol,:nz),clubb_params(:ngrdcol,57:59))
   1201, Generating implicit firstprivate(gamma_coef,gamma_coefc,gamma_coefb)
   1254, Generating implicit firstprivate(nz,ngrdcol)
         Generating NVIDIA GPU code
       1255, !$acc loop gang, vector(128) collapse(2) ! blockidx%x threadidx%x
       1256,   ! blockidx%x threadidx%x collapsed
   1254, Generating default present(sigma_sqd_w(:ngrdcol,:nz),a3_coef(:ngrdcol,:nz))
   1265, Generating implicit firstprivate(nz,ngrdcol)
         Generating NVIDIA GPU code
       1266, !$acc loop gang, vector(128) collapse(2) ! blockidx%x threadidx%x
       1267,   ! blockidx%x threadidx%x collapsed
   1265, Generating default present(clubb_params(:ngrdcol,98),a3_coef(:ngrdcol,:nz))
   1282, Generating implicit firstprivate(nz,ngrdcol)
         Generating NVIDIA GPU code
       1283, !$acc loop gang, vector(128) collapse(2) ! blockidx%x threadidx%x
       1284,   ! blockidx%x threadidx%x collapsed
   1282, Generating default present(wp3_on_wp2_zt(:ngrdcol,:nz),wp3(:ngrdcol,:nz),wp2_zt(:ngrdcol,:nz))
   1291, Generating implicit firstprivate(ngrdcol,nz)
         Generating NVIDIA GPU code
       1292, !$acc loop gang, vector(128) collapse(2) ! blockidx%x threadidx%x
       1293,   ! blockidx%x threadidx%x collapsed
   1291, Generating default present(wp3_on_wp2_zt(:ngrdcol,:nz))
   1321, Generating implicit firstprivate(nz,ngrdcol)
         Generating NVIDIA GPU code
       1322, !$acc loop gang, vector(128) collapse(2) ! blockidx%x threadidx%x
       1323,   ! blockidx%x threadidx%x collapsed
   1321, Generating default present(wp2(:ngrdcol,:nz),em(:ngrdcol,:nz))
   1329, Generating implicit firstprivate(ngrdcol,nz)
         Generating NVIDIA GPU code
       1330, !$acc loop gang, vector(128) collapse(2) ! blockidx%x threadidx%x
       1331,   ! blockidx%x threadidx%x collapsed
   1329, Generating default present(up2(:ngrdcol,:nz),wp2(:ngrdcol,:nz),vp2(:ngrdcol,:nz),em(:ngrdcol,:nz))
   1340, Generating implicit firstprivate(nz,ngrdcol)
         Generating NVIDIA GPU code
       1341, !$acc loop gang, vector(128) collapse(2) ! blockidx%x threadidx%x
       1342,   ! blockidx%x threadidx%x collapsed
   1340, Generating default present(sqrt_em_zt(:ngrdcol,:nz))
   1376, Generating implicit firstprivate(nz,ngrdcol)
         Generating NVIDIA GPU code
       1377, !$acc loop gang, vector(128) collapse(2) ! blockidx%x threadidx%x
       1378,   ! blockidx%x threadidx%x collapsed
   1376, Generating default present(sqrt_em_zt(:ngrdcol,:nz),tau_zt(:ngrdcol,:nz),lscale(:ngrdcol,:nz),clubb_params(:ngrdcol,69))
   1386, Generating implicit firstprivate(ngrdcol,nz)
         Generating NVIDIA GPU code
       1387, !$acc loop gang, vector(128) collapse(2) ! blockidx%x threadidx%x
       1388,   ! blockidx%x threadidx%x collapsed
   1386, Generating default present(clubb_params(:ngrdcol,69),tau_zm(:ngrdcol,:nz),em(:ngrdcol,:nz))
   1395, Generating implicit firstprivate(nz,ngrdcol)
         Generating NVIDIA GPU code
       1396, !$acc loop gang, vector(128) collapse(2) ! blockidx%x threadidx%x
       1397,   ! blockidx%x threadidx%x collapsed
   1395, Generating default present(invrs_tau_zt(:ngrdcol,:nz),tau_max_zm(:ngrdcol,:nz),ri_zm(:ngrdcol,:nz),invrs_tau_wp2_zm(:ngrdcol,:nz),invrs_tau_wp3_zm(:ngrdcol,:nz),invrs_tau_wp3_zt(:ngrdcol,:nz),invrs_tau_wpxp_zm(:ngrdcol,:nz),clubb_params(:ngrdcol,69),invrs_tau_zm(:ngrdcol,:nz),tau_zt(:ngrdcol,:nz),tau_zm(:ngrdcol,:nz),invrs_tau_xp2_zm(:ngrdcol,:nz),tau_max_zt(:ngrdcol,:nz))
   1481, Generating implicit firstprivate(nz,ngrdcol)
         Generating NVIDIA GPU code
       1482, !$acc loop gang, vector(128) collapse(2) ! blockidx%x threadidx%x
       1483,   ! blockidx%x threadidx%x collapsed
   1481, Generating default present(clubb_params(:ngrdcol,37),kh_zt(:ngrdcol,:nz),sqrt_em_zt(:ngrdcol,:nz),lscale(:ngrdcol,:nz))
   1491, Generating implicit firstprivate(nz,ngrdcol)
         Generating NVIDIA GPU code
       1492, !$acc loop gang, vector(128) collapse(2) ! blockidx%x threadidx%x
       1493,   ! blockidx%x threadidx%x collapsed
   1491, Generating default present(em(:ngrdcol,:nz),lscale_zm(:ngrdcol,:nz),kh_zm(:ngrdcol,:nz),clubb_params(:ngrdcol,37))
   1554, Generating update self(exner(:,:),thlm(:,:),rtm(:,:),p_in_pa(:,:),rcm(:,:))
   1585, Generating implicit firstprivate(nz,ngrdcol)
         Generating NVIDIA GPU code
       1586, !$acc loop gang, vector(128) collapse(2) ! blockidx%x threadidx%x
       1587,   ! blockidx%x threadidx%x collapsed
   1585, Generating default present(mixt_frac_zm(:ngrdcol,:nz),pdf_params_zm,varnce_w_1_zm(:ngrdcol,:nz),pdf_params_zm%varnce_w_1(1:ngrdcol,1:nz),pdf_params_zm%w_2(1:ngrdcol,1:nz),pdf_params_zm%mixt_frac(1:ngrdcol,1:nz),w_2_zm(:ngrdcol,:nz),w_1_zm(:ngrdcol,:nz),pdf_params_zm%w_1(1:ngrdcol,1:nz),varnce_w_2_zm(:ngrdcol,:nz),pdf_params_zm%varnce_w_2(1:ngrdcol,1:nz))
   1622, Generating update self(stability_correction(:,:))
   1632, Generating implicit firstprivate(nz,ngrdcol)
         Generating NVIDIA GPU code
       1633, !$acc loop gang, vector(128) collapse(2) ! blockidx%x threadidx%x
       1634,   ! blockidx%x threadidx%x collapsed
   1632, Generating default present(invrs_tau_c1_zm(:ngrdcol,:nz),invrs_tau_c6_zm(:ngrdcol,:nz),stability_correction(:ngrdcol,:nz),invrs_tau_zm(:ngrdcol,:nz),invrs_tau_n2_zm(:ngrdcol,:nz))
   1642, Generating implicit firstprivate(nz,ngrdcol)
         Generating NVIDIA GPU code
       1643, !$acc loop gang, vector(128) collapse(2) ! blockidx%x threadidx%x
       1644,   ! blockidx%x threadidx%x collapsed
   1642, Generating default present(invrs_tau_c6_zm(:ngrdcol,:nz),invrs_tau_c1_zm(:ngrdcol,:nz),invrs_tau_wpxp_zm(:ngrdcol,:nz),invrs_tau_wp2_zm(:ngrdcol,:nz))
   1654, Generating implicit firstprivate(nz,ngrdcol)
         Generating NVIDIA GPU code
       1655, !$acc loop gang, vector(128) collapse(2) ! blockidx%x threadidx%x
       1656,   ! blockidx%x threadidx%x collapsed
   1654, Generating default present(invrs_tau_wp2_zm(:ngrdcol,:nz),invrs_tau_c14_zm(:ngrdcol,:nz))
   1672, Generating implicit firstprivate(nz,ngrdcol)
         Generating NVIDIA GPU code
       1673, !$acc loop gang, vector(128) collapse(2) ! blockidx%x threadidx%x
       1674,   ! blockidx%x threadidx%x collapsed
   1672, Generating default present(invrs_tau_c4_zm(:ngrdcol,:nz),invrs_tau_wp2_zm(:ngrdcol,:nz))
   1691, Generating update self(brunt_vaisala_freq_sqd(:,:),brunt_vaisala_freq_sqd_mixed(:,:),brunt_vaisala_freq_sqd_dry(:,:),brunt_vaisala_freq_sqd_moist(:,:),invrs_tau_sfc(:,:),invrs_tau_no_n2_zm(:,:),brunt_vaisala_freq_sqd_splat(:,:),invrs_tau_bkgnd(:,:),invrs_tau_wp2_zm(:,:),ri_zm(:,:),invrs_tau_zm(:,:),invrs_tau_wp3_zm(:,:),invrs_tau_shear(:,:),invrs_tau_wpxp_zm(:,:),invrs_tau_xp2_zm(:,:))
   1754, Generating implicit firstprivate(ngrdcol,nz)
         Generating NVIDIA GPU code
       1755, !$acc loop gang, vector(128) collapse(2) ! blockidx%x threadidx%x
       1756,   ! blockidx%x threadidx%x collapsed
   1754, Generating default present(cx_fnc_richardson(:ngrdcol,:nz))
   2079, Generating implicit firstprivate(nz,ngrdcol)
         Generating NVIDIA GPU code
       2080, !$acc loop gang, vector(128) collapse(2) ! blockidx%x threadidx%x
       2081,   ! blockidx%x threadidx%x collapsed
   2079, Generating default present(kmh_zm(:ngrdcol,:nz),km_zm(:ngrdcol,:nz),kh_zm(:ngrdcol,:nz),clubb_params(:ngrdcol,74:75))
   2090, Generating implicit firstprivate(nz,ngrdcol)
         Generating NVIDIA GPU code
       2091, !$acc loop gang, vector(128) collapse(2) ! blockidx%x threadidx%x
       2092,   ! blockidx%x threadidx%x collapsed
   2090, Generating default present(edsclrm(:ngrdcol,:nz,edsclr_dim-1:edsclr_dim),thlm(:ngrdcol,:nz),rtm(:ngrdcol,:nz))
   2092, Generating implicit firstprivate(edsclr_dim)
   2132, Generating implicit firstprivate(nz,ngrdcol)
         Generating NVIDIA GPU code
       2133, !$acc loop gang, vector(128) collapse(2) ! blockidx%x threadidx%x
       2134,   ! blockidx%x threadidx%x collapsed
   2132, Generating default present(rtm(:ngrdcol,:nz),edsclrm(:ngrdcol,:nz,edsclr_dim-1:edsclr_dim),thlm700(:ngrdcol),thlm1000(:ngrdcol),thlm(:ngrdcol,:nz))
   2134, Generating implicit firstprivate(edsclr_dim)
   2447, Generating update self(cloud_frac_zm(:,:),cloudy_downdraft_frac(:,:),vpwp_zt(:,:),w_down_in_cloud(:,:),sigma_sqd_w_zt(:,:),wp3_on_wp2(:,:),wp3_on_wp2_zt(:,:),a3_coef(:,:),cloudy_updraft_frac(:,:),rcm_zm(:,:),rtp3(:,:),thlp3(:,:),ice_supersat_frac_zm(:,:),skw_velocity(:,:),wp3_zm(:,:),wp2up2(:,:),wp2thvp(:,:),wpup2(:,:),wpthvp(:,:),wprtp2(:,:),wpthlp2(:,:),sigma_sqd_w(:,:),wprtp_zt(:,:),wp2_zt(:,:),kh_zm(:,:),tau_zm(:,:),lscale(:,:),lscale_down(:,:),wp2rcp(:,:),wp2rtp(:,:),kh_zt(:,:),upwp_zt(:,:),thvm(:,:),thv_ds_zt(:,:),rtpthvp(:,:),rcm_in_layer(:,:),a3_coef_zt(:,:),rcm(:,:),ice_supersat_frac(:,:),cloud_frac(:,:),exner(:,:),cloud_cover(:,:),rcm_supersat_adj(:,:),pdf_params_zm%w_2(:,:),rc_coef(:,:),wp4(:,:),rc_coef_zm(:,:),w_up_in_cloud(:,:),wm_zm(:,:),thv_ds_zm(:,:),thlpthvp(:,:),rho_ds_zm(:,:),rho(:,:),rho_ds_zt(:,:),rcp2(:,:),em(:,:),lscale_up(:,:),thlprcp(:,:),rtpthlp_zt(:,:),wp2thlp(:,:),wpthlp_zt(:,:),rtpthlp(:,:),rtprcp(:,:),thlp2_zt(:,:),thlp2(:,:),thlm_zm(:,:),rtp2_zt(:,:),rtp2(:,:),rtm_zm(:,:),wp3(:,:),wp2vp2(:,:),wp2(:,:),wm_zt(:,:),wpthlp(:,:),wprtpthlp(:,:),wprtp(:,:),wprcp(:,:),rtm(:,:),rho_zm(:,:),thlm(:,:),tau_zt(:,:),vp2(:,:),up2(:,:),vpwp(:,:),vp2_zt(:,:),upwp(:,:),up2_zt(:,:),vm(:,:),vg(:,:),um(:,:),ug(:,:),pdf_params_zm%ice_supersat_frac_1(:,:),pdf_params_zm%cthl_2(:,:),pdf_params_zm%ice_supersat_frac_2(:,:),pdf_params_zm%cloud_frac_1(:,:),pdf_params_zm%chi_2(:,:),pdf_params_zm%rc_1(:,:),pdf_params_zm%mixt_frac(:,:),pdf_params_zm%rsatl_1(:,:),pdf_params_zm%rc_2(:,:),pdf_params_zm%corr_chi_eta_1(:,:),pdf_params_zm%cloud_frac_2(:,:),pdf_params_zm%corr_w_eta_1(:,:),pdf_params_zm%corr_w_chi_2(:,:),pdf_params_zm%corr_w_chi_1(:,:),pdf_params_zm%corr_rt_thl_2(:,:),pdf_params_zm%covar_chi_eta_1(:,:),pdf_params_zm%corr_w_thl_2(:,:),pdf_params_zm%stdev_eta_1(:,:),pdf_params_zm%stdev_chi_2(:,:),pdf_params_zm%stdev_chi_1(:,:),pdf_params_zm%rt_2(:,:),pdf_params_zm%chi_1(:,:),pdf_params_zm%alpha_thl(:,:),pdf_params_zm%cthl_1(:,:),pdf_params_zm%crt_2(:,:),pdf_params_zm%crt_1(:,:),pdf_params_zm%covar_chi_eta_2(:,:),pdf_params%w_2(:,:),pdf_params_zm%alpha_rt(:,:),pdf_params_zm%corr_rt_thl_1(:,:),pdf_params_zm%corr_chi_eta_2(:,:),pdf_params_zm%corr_w_thl_1(:,:),pdf_params_zm%corr_w_rt_2(:,:),pdf_params_zm%corr_w_rt_1(:,:),pdf_params_zm%corr_w_eta_2(:,:),pdf_params_zm%varnce_thl_1(:,:),pdf_params_zm%varnce_rt_2(:,:),pdf_params_zm%thl_1(:,:),pdf_params_zm%stdev_eta_2(:,:),pdf_params_zm%varnce_rt_1(:,:),pdf_params_zm%thl_2(:,:),pdf_params_zm%rt_1(:,:),pdf_params_zm%rsatl_2(:,:),pdf_params_zm%varnce_w_1(:,:),pdf_params_zm%varnce_thl_2(:,:),pdf_params_zm%w_1(:,:),pdf_params_zm%varnce_w_2(:,:),pdf_params%ice_supersat_frac_1(:,:),pdf_params%cthl_2(:,:),pdf_params%ice_supersat_frac_2(:,:),pdf_params%cloud_frac_1(:,:),pdf_params%chi_2(:,:),pdf_params%rc_1(:,:),pdf_params%mixt_frac(:,:),pdf_params%rsatl_1(:,:),pdf_params%rc_2(:,:),pdf_params%corr_chi_eta_1(:,:),pdf_params%cloud_frac_2(:,:),pdf_params%corr_w_eta_1(:,:),pdf_params%corr_w_chi_2(:,:),pdf_params%corr_w_chi_1(:,:),pdf_params%corr_rt_thl_2(:,:),pdf_params%covar_chi_eta_1(:,:),pdf_params%corr_w_thl_2(:,:),pdf_params%stdev_eta_1(:,:),pdf_params%stdev_chi_2(:,:),pdf_params%stdev_chi_1(:,:),pdf_params%rt_2(:,:),pdf_params%chi_1(:,:),pdf_params%alpha_thl(:,:),pdf_params%cthl_1(:,:),pdf_params%crt_2(:,:),pdf_params%crt_1(:,:),pdf_params%covar_chi_eta_2(:,:),p_in_pa(:,:),pdf_params%alpha_rt(:,:),pdf_params%corr_rt_thl_1(:,:),pdf_params%corr_chi_eta_2(:,:),pdf_params%corr_w_thl_1(:,:),pdf_params%corr_w_rt_2(:,:),pdf_params%corr_w_rt_1(:,:),pdf_params%corr_w_eta_2(:,:),pdf_params%varnce_thl_1(:,:),pdf_params%varnce_rt_2(:,:),pdf_params%thl_1(:,:),pdf_params%stdev_eta_2(:,:),pdf_params%varnce_rt_1(:,:),pdf_params%thl_2(:,:),pdf_params%rt_1(:,:),pdf_params%rsatl_2(:,:),pdf_params%varnce_w_1(:,:),pdf_params%varnce_thl_2(:,:),pdf_params%w_1(:,:),pdf_params%varnce_w_2(:,:),wpvp2(:,:))
   2517, Generating update self(wp2sclrp(:,:,:),wpsclrprtp(:,:,:),wpsclrp2(:,:,:),wpsclrp(:,:,:),sclrpthvp(:,:,:),sclrp2(:,:,:),wpedsclrp(:,:,:),sclrpthlp(:,:,:),sclrm(:,:,:),sclrprtp(:,:,:),sclrprcp(:,:,:),sclrm_forcing(:,:,:),wpsclrpthlp(:,:,:))
   2522, Generating update self(edsclrm_forcing(:,:,:),edsclrm(:,:,:))
   2634, Generating update self(rtp2(:,:),thlm_forcing(:,:),rtm_forcing(:,:),wp2(:,:),wm_zt(:,:),wprtp_sfc(:),rtpthlp(:,:),wp3(:,:),rho_zm(:,:),vm_forcing(:,:),um_forcing(:,:),vp2(:,:),upwp_sfc(:),up2(:,:),thv_ds_zt(:,:),vpwp(:,:),upwp(:,:),wprtp(:,:),wpthlp(:,:),thv_ds_zm(:,:),thlp2(:,:),invrs_rho_ds_zm(:,:),exner(:,:),rho_ds_zm(:,:),rho(:,:),p_in_pa(:,:),rho_ds_zt(:,:),invrs_rho_ds_zt(:,:),wm_zm(:,:),vpwp_sfc(:),vm(:,:),um(:,:),rtm(:,:),thlm(:,:),wpthlp_sfc(:))
   2641, Generating update self(sclrm(:,:,:),sclrprtp(:,:,:),sclrp2(:,:,:),sclrm_forcing(:,:,:),wpedsclrp_sfc(:,:),sclrpthlp(:,:,:),wpsclrp(:,:,:),wpsclrp_sfc(:,:))
   2645, Generating update self(edsclrm_forcing(:,:,:),edsclrm(:,:,:))
   2675, Generating update self(thlm(:,:),rtm_forcing(:,:),rtm(:,:),rho_ds_zt(:,:),rho_ds_zm(:,:),wprtp_sfc(:),wprtp(:,:),wm_zt(:,:),thlm_forcing(:,:),wm_zm(:,:))
   2745, Generating exit data delete(wpsclrp2(:,:,:),wpsclrprtp(:,:,:),wpsclrp_zt(:,:),wp2sclrp(:,:,:),sclrprcp(:,:,:),sclrp2_zt(:,:),wpsclrpthlp(:,:,:))
   2749, Generating exit data delete(wpedsclrp(:,:,:))
   2752, Generating exit data delete(lhs_splat_wp2(:,:),kmh_zm(:,:),mixt_frac_zm(:,:),tau_max_zm(:,:),stability_correction(:,:),lscale_down(:,:),rcp2_zt(:,:),brunt_vaisala_freq_sqd_splat(:,:),brunt_vaisala_freq_sqd_moist(:,:),brunt_vaisala_freq_sqd_mixed(:,:),brunt_vaisala_freq_sqd(:,:),brunt_vaisala_freq_sqd_dry(:,:),a3_coef_zt(:,:),cloud_frac_zm(:,:),invrs_tau_wp3_zm(:,:),invrs_tau_xp2_zm(:,:),invrs_tau_no_n2_zm(:,:),invrs_tau_sfc(:,:),ice_supersat_frac_zm(:,:),invrs_tau_n2_zm(:,:),invrs_tau_wp2_zm(:,:),invrs_tau_wp3_zt(:,:),invrs_tau_shear(:,:),invrs_tau_bkgnd(:,:),invrs_tau_c1_zm(:,:),invrs_tau_c6_zm(:,:),invrs_tau_wpxp_zm(:,:),invrs_tau_c14_zm(:,:),invrs_tau_c4_zm(:,:),invrs_tau_n2_iso(:,:),sqrt_em_zt(:,:),rc_coef(:,:),thlm1000(:),tau_zt(:,:),rcm_supersat_adj(:,:),thlm700(:),ri_zm(:,:),gamma_skw_fnc(:,:),brunt_vaisala_freq_sqd_zt(:,:),rcp2(:,:),lscale_zm(:,:),varnce_w_1_zm(:,:),upwp_zt(:,:),w_1_zm(:,:),vpwp_zt(:,:),xp3_coef_fnc(:,:),wpthlp_zt(:,:),skw_zt(:,:),sigma_sqd_w(:,:),rtpthlp_zt(:,:),em(:,:),km_zm(:,:),invrs_tau_zt(:,:),mu(:),wp3_on_wp2(:,:),wp2rcp(:,:),a3_coef(:,:),sigma_sqd_w_zt(:,:),vp2_zt(:,:),up2_zt(:,:),varnce_w_2_zm(:,:),thvm_zm(:,:),rtprcp(:,:),rtm_zm(:,:),wprtp2(:,:),wpthlp2(:,:),thlm_zm(:,:),w_2_zm(:,:),sigma_sqd_w_tmp(:,:),tau_zm(:,:),tau_max_zt(:,:),ddzm_thvm_zm(:,:),lscale(:,:),lscale_up(:,:),lscale_max(:),lhs_splat_wp3(:,:),wp3_on_wp2_zt(:,:),wp2_zt(:,:),wprtp_zt(:,:),wp3_zm(:,:),wprtpthlp(:,:),rcm_zm(:,:),rtp2_zt(:,:),cx_fnc_richardson(:,:),thvm(:,:),thlp2_zt(:,:),skw_zm(:,:),skw_velocity(:,:))
pdf_closure_driver:
   3259, Generating enter data create(rtpthvp_zt(:,:),skw_zt(:,:),upwp_zt(:,:),thlpthvp_zt(:,:),gamma_skw_fnc_zt(:,:),rel_humidity(:,:),vp3_zm(:,:),up3_zm(:,:),thlp3_zm(:,:),rtp3_zm(:,:),wp4_zt(:,:),thlprcp_zt(:,:),rtpthlp_zt(:,:),wpthlp_zt(:,:),wp3_zm(:,:),wp2up2_zt(:,:),wp2_zt(:,:),sku_zt(:,:),skv_zm(:,:),skthl_zt(:,:),sku_zm(:,:),skrt_zt(:,:),skthl_zm(:,:),sigma_sqd_w_zt(:,:),skrt_zm(:,:),skv_zt(:,:),skw_zm(:,:),sigma_sqd_w_tmp(:,:),gamma_skw_fnc(:,:),vprcp_zt(:,:),uprcp_zt(:,:),vp2_zt(:,:),vm_zm(:,:),up2_zt(:,:),um_zm(:,:),rtprcp_zt(:,:),wprtp_zt(:,:),wprcp_zt(:,:),thlp2_zt(:,:),t_in_k(:,:),rtp2_zt(:,:),rsat(:,:),wp2vp2_zt(:,:),vpwp_zt(:,:),wpthvp_zt(:,:))
   3269, Generating enter data create(w_up_in_cloud_zm(:,:),wp2thlp_zm(:,:),wprtp2_zm(:,:),wp2rtp_zm(:,:),wprtpthlp_zm(:,:),wp2rcp_zm(:,:),wp2thvp_zm(:,:),cloudy_updraft_frac_zm(:,:),exner_zm(:,:),cloudy_downdraft_frac_zm(:,:),p_in_pa_zm(:,:),wpup2_zm(:,:),wpthlp2_zm(:,:),w_down_in_cloud_zm(:,:),wpvp2_zm(:,:))
   3276, Generating enter data create(sksclr_zt(:,:,:),wpsclrprtp_zm(:,:,:),wp2sclrp_zm(:,:,:),wpsclrp_zt(:,:,:),sclrp3_zm(:,:,:),sclrpthlp_zt(:,:,:),sclrpthvp_zt(:,:,:),sksclr_zm(:,:,:),sclrprtp_zt(:,:,:),sclrprcp_zt(:,:,:),sclrp2_zt(:,:,:),sclrm_zm(:,:,:),wpsclrp2_zm(:,:,:),wpsclrpthlp_zm(:,:,:))
   3281, Generating enter data create(rtphmp(:,:,:),thlphmp(:,:,:),wphydrometp_zt(:,:,:),wp2hmp_zm(:,:,:))
   3359, Generating update self(skrt_zt(:,:),skrt_zm(:,:),skthl_zm(:,:),skthl_zt(:,:),skw_zt(:,:),skw_zm(:,:))
   3384, Generating implicit firstprivate(ngrdcol,nz)
         Generating NVIDIA GPU code
       3385, !$acc loop gang, vector(128) collapse(2) ! blockidx%x threadidx%x
       3386,   ! blockidx%x threadidx%x collapsed
   3384, Generating default present(gamma_skw_fnc_zt(:ngrdcol,:nz),clubb_params(:ngrdcol,57:59),skw_zt(:ngrdcol,:nz),skw_zm(:ngrdcol,:nz),gamma_skw_fnc(:ngrdcol,:nz))
   3386, Generating implicit firstprivate(gamma_coef,gamma_coefc,gamma_coefb)
   3425, Generating update self(gamma_skw_fnc(:,:))
   3463, Generating implicit firstprivate(nz,ngrdcol)
         Generating NVIDIA GPU code
       3464, !$acc loop gang, vector(128) collapse(2) ! blockidx%x threadidx%x
       3465,   ! blockidx%x threadidx%x collapsed
   3463, Generating default present(sigma_sqd_w(:ngrdcol,:nz),skw_velocity(:ngrdcol,:nz),wp3_zm(:ngrdcol,:nz),wp2(:ngrdcol,:nz))
   3569, Generating implicit firstprivate(nz,ngrdcol)
         Generating NVIDIA GPU code
       3570, !$acc loop gang, vector(128) collapse(2) ! blockidx%x threadidx%x
       3571,   ! blockidx%x threadidx%x collapsed
   3569, Generating default present(rtm_ref(:ngrdcol,:nz),rtm(:ngrdcol,:nz),gr,gr%zt(1:ngrdcol,1:nz))
   3571, Generating implicit firstprivate(dt,rtm_min,ts_nudge,rtm_nudge_max_altitude)
   3600, Generating implicit firstprivate(ngrdcol)
         Generating NVIDIA GPU code
       3601, !$acc loop gang, vector(128) ! blockidx%x threadidx%x
   3600, Generating default present(p_in_pa_zm(:ngrdcol,:),p_in_pa(:ngrdcol,:))
   3601, Generating implicit firstprivate(nz)
   3610, Generating implicit firstprivate(nz,ngrdcol)
         Generating NVIDIA GPU code
       3611, !$acc loop gang, vector(128) collapse(2) ! blockidx%x threadidx%x
       3612,   ! blockidx%x threadidx%x collapsed
   3610, Generating default present(p_in_pa_zm(:ngrdcol,:nz),exner_zm(:ngrdcol,:nz))
   3700, Generating implicit firstprivate(ngrdcol)
         Generating NVIDIA GPU code
       3701, !$acc loop gang, vector(128) ! blockidx%x threadidx%x
   3700, Generating default present(wp4(:ngrdcol,:))
   3701, Generating implicit firstprivate(nz)
   3719, Generating implicit firstprivate(ngrdcol)
         Generating NVIDIA GPU code
       3720, !$acc loop gang, vector(128) ! blockidx%x threadidx%x
   3719, Generating default present(rcp2(:ngrdcol,nz))
   3720, Generating implicit firstprivate(nz)
   3739, Generating implicit firstprivate(ngrdcol)
         Generating NVIDIA GPU code
       3740, !$acc loop gang, vector(128) ! blockidx%x threadidx%x
   3739, Generating default present(wpthvp(:ngrdcol,nz),wprcp(:ngrdcol,nz),thlprcp(:ngrdcol,nz),rtprcp(:ngrdcol,nz),wp2vp2(:ngrdcol,nz),rc_coef_zm(:ngrdcol,nz),rtpthvp(:ngrdcol,nz),thlpthvp(:ngrdcol,nz),uprcp(:ngrdcol,nz),vprcp(:ngrdcol,nz),wp2up2(:ngrdcol,nz))
   3740, Generating implicit firstprivate(nz)
   3756, Generating implicit firstprivate(nz,ngrdcol)
         Generating NVIDIA GPU code
       3757, !$acc loop gang, vector(128) collapse(2) ! blockidx%x threadidx%x
       3758,   ! blockidx%x threadidx%x collapsed
   3756, Generating default present(thlm_zm(:ngrdcol,:nz),rtm_zm(:ngrdcol,:nz),rcm_zm(:ngrdcol,:nz),ice_supersat_frac_zm(:ngrdcol,:nz),cloud_frac_zm(:ngrdcol,:nz))
   3773, Generating implicit firstprivate(nz,ngrdcol)
         Generating NVIDIA GPU code
       3774, !$acc loop gang, vector(128) ! blockidx%x threadidx%x
       3775, !$acc loop seq
   3773, Generating default present(sclrpthvp(:ngrdcol,nz,j),sclrprcp(:ngrdcol,nz,j))
   3775, Loop is parallelizable
         Generating implicit firstprivate(j)
   3787, Generating update self(vprcp(:,:),uprcp(:,:))
   3815, Generating implicit firstprivate(ngrdcol)
         Generating NVIDIA GPU code
       3816, !$acc loop gang, vector(128) ! blockidx%x threadidx%x
   3815, Generating default present(cloud_frac_zm(:ngrdcol,nz))
   3816, Generating implicit firstprivate(nz)
   3851, Generating implicit firstprivate(nz,ngrdcol)
         Generating NVIDIA GPU code
       3852, !$acc loop gang, vector(128) collapse(2) ! blockidx%x threadidx%x
       3853,   ! blockidx%x threadidx%x collapsed
   3851, Generating default present(cloud_frac(:ngrdcol,:nz),rcm_in_layer(:ngrdcol,:nz),rcm(:ngrdcol,:nz),cloud_cover(:ngrdcol,:nz))
   3861, Generating implicit firstprivate(nz,ngrdcol)
         Generating NVIDIA GPU code
       3862, !$acc loop gang, vector(128) collapse(2) ! blockidx%x threadidx%x
       3863,   ! blockidx%x threadidx%x collapsed
   3861, Generating default present(ice_supersat_frac(:ngrdcol,:nz),cloud_frac(:ngrdcol,:nz))
   3875, Generating implicit firstprivate(nz,ngrdcol)
         Generating NVIDIA GPU code
       3876, !$acc loop gang, vector(128) collapse(2) ! blockidx%x threadidx%x
       3877,   ! blockidx%x threadidx%x collapsed
   3875, Generating default present(rcm(:ngrdcol,:nz),rcm_supersat_adj(:ngrdcol,:nz),rel_humidity(:ngrdcol,:nz),rtm(:ngrdcol,:nz),rsat(:ngrdcol,:nz))
   3892, Generating implicit firstprivate(nz,ngrdcol)
         Generating NVIDIA GPU code
       3893, !$acc loop gang, vector(128) collapse(2) ! blockidx%x threadidx%x
             Generating reduction(.or.:l_spur_supersat)
       3894,   ! blockidx%x threadidx%x collapsed
   3892, Generating default present(rtm(:ngrdcol,2:nz),rsat(:ngrdcol,2:nz),rel_humidity(:ngrdcol,2:nz),rcm(:ngrdcol,2:nz),rcm_supersat_adj(:ngrdcol,2:nz))
         Generating implicit copy(l_spur_supersat) [if not already present]
   3910, Generating exit data delete(rtpthvp_zt(:,:),skw_zt(:,:),upwp_zt(:,:),thlpthvp_zt(:,:),gamma_skw_fnc_zt(:,:),rel_humidity(:,:),vp3_zm(:,:),up3_zm(:,:),thlp3_zm(:,:),rtp3_zm(:,:),wp4_zt(:,:),thlprcp_zt(:,:),rtpthlp_zt(:,:),wpthlp_zt(:,:),wp3_zm(:,:),wp2up2_zt(:,:),wp2_zt(:,:),sku_zt(:,:),skv_zm(:,:),skthl_zt(:,:),sku_zm(:,:),skrt_zt(:,:),skthl_zm(:,:),sigma_sqd_w_zt(:,:),skrt_zm(:,:),skv_zt(:,:),skw_zm(:,:),sigma_sqd_w_tmp(:,:),gamma_skw_fnc(:,:),vprcp_zt(:,:),uprcp_zt(:,:),vp2_zt(:,:),vm_zm(:,:),up2_zt(:,:),um_zm(:,:),rtprcp_zt(:,:),wprtp_zt(:,:),wprcp_zt(:,:),thlp2_zt(:,:),t_in_k(:,:),rtp2_zt(:,:),rsat(:,:),wp2vp2_zt(:,:),vpwp_zt(:,:),wpthvp_zt(:,:))
   3920, Generating exit data delete(w_up_in_cloud_zm(:,:),wp2thlp_zm(:,:),wprtp2_zm(:,:),wp2rtp_zm(:,:),wprtpthlp_zm(:,:),wp2rcp_zm(:,:),wp2thvp_zm(:,:),cloudy_updraft_frac_zm(:,:),exner_zm(:,:),cloudy_downdraft_frac_zm(:,:),p_in_pa_zm(:,:),wpup2_zm(:,:),wpthlp2_zm(:,:),w_down_in_cloud_zm(:,:),wpvp2_zm(:,:))
   3927, Generating exit data delete(sksclr_zt(:,:,:),wpsclrprtp_zm(:,:,:),wp2sclrp_zm(:,:,:),wpsclrp_zt(:,:,:),sclrp3_zm(:,:,:),sclrpthlp_zt(:,:,:),sclrpthvp_zt(:,:,:),sksclr_zm(:,:,:),sclrprtp_zt(:,:,:),sclrprcp_zt(:,:,:),sclrp2_zt(:,:,:),sclrm_zm(:,:,:),wpsclrp2_zm(:,:,:),wpsclrpthlp_zm(:,:,:))
   3932, Generating exit data delete(rtphmp(:,:,:),thlphmp(:,:,:),wphydrometp_zt(:,:,:),wp2hmp_zm(:,:,:))
trapezoidal_rule_zt:
   4657, Generating implicit firstprivate(ngrdcol)
         Generating NVIDIA GPU code
       4658, !$acc loop gang, vector(128) ! blockidx%x threadidx%x
   4657, Generating default present(wp2thvp_zm(:ngrdcol,nz),wprtpthlp_zm(:ngrdcol,nz),wpthlp2_zm(:ngrdcol,nz),wprtp2_zm(:ngrdcol,nz),cloud_frac_zm(:ngrdcol,nz),ice_supersat_frac_zm(:ngrdcol,nz),rcm_zm(:ngrdcol,nz))
   4658, Generating implicit firstprivate(nz)
   4674, Generating implicit firstprivate(ngrdcol)
         Generating NVIDIA GPU code
       4675, !$acc loop gang, vector(128) ! blockidx%x threadidx%x
   4674, Generating default present(wpsclrp2_zm(:ngrdcol,nz,sclr),wpsclrprtp_zm(:ngrdcol,nz,sclr),wpsclrpthlp_zm(:ngrdcol,nz,sclr))
   4675, Generating implicit firstprivate(sclr,nz)
calc_trapezoid_zt:
   4848, Generating implicit firstprivate(ngrdcol)
         Generating NVIDIA GPU code
       4849, !$acc loop gang, vector(128) ! blockidx%x threadidx%x
   4848, Generating default present(trapezoid_zt(:ngrdcol,:1),variable_zt(:ngrdcol,:1))
   4854, Generating implicit firstprivate(ngrdcol,nz)
         Generating NVIDIA GPU code
       4855, !$acc loop gang, vector(128) collapse(2) ! blockidx%x threadidx%x
       4856,   ! blockidx%x threadidx%x collapsed
   4854, Generating default present(gr%zt(1:ngrdcol,2:nz),variable_zt(:ngrdcol,2:nz),variable_zm(:ngrdcol,:nz),trapezoid_zt(:ngrdcol,2:nz),gr%invrs_dzt(1:ngrdcol,2:nz),gr%zm(1:ngrdcol,1:nz),gr)
calc_trapezoid_zm:
   4911, Generating implicit firstprivate(ngrdcol)
         Generating NVIDIA GPU code
       4912, !$acc loop gang, vector(128) ! blockidx%x threadidx%x
   4911, Generating default present(variable_zm(:ngrdcol,:),trapezoid_zm(:ngrdcol,:))
   4912, Generating implicit firstprivate(nz)
   4918, Generating implicit firstprivate(nz,ngrdcol)
         Generating NVIDIA GPU code
       4919, !$acc loop gang, vector(128) collapse(2) ! blockidx%x threadidx%x
       4920,   ! blockidx%x threadidx%x collapsed
   4918, Generating default present(gr%zt(1:ngrdcol,2:nz),trapezoid_zm(:ngrdcol,2:nz-1),variable_zt(:ngrdcol,2:nz),variable_zm(:ngrdcol,2:nz-1),gr%zm(1:ngrdcol,2:nz-1),gr%invrs_dzm(1:ngrdcol,2:nz-1),gr)
compute_cloud_cover:
   5003, Generating enter data create(chi_mean(:,:),vert_cloud_frac(:,:),vert_cloud_frac_lower(:,:),vert_cloud_frac_upper(:,:))
   5006, Generating implicit firstprivate(ngrdcol,nz)
         Generating NVIDIA GPU code
       5007, !$acc loop gang, vector(128) collapse(2) ! blockidx%x threadidx%x
       5008,   ! blockidx%x threadidx%x collapsed
   5006, Generating default present(chi_mean(:ngrdcol,:nz),pdf_params,pdf_params%chi_2(1:ngrdcol,1:nz),pdf_params%mixt_frac(1:ngrdcol,1:nz),pdf_params%chi_1(1:ngrdcol,1:nz))
   5016, Generating implicit firstprivate(ngrdcol,nz)
         Generating NVIDIA GPU code
       5017, !$acc loop gang, vector(128) collapse(2) ! blockidx%x threadidx%x
             Generating reduction(.or.:err_code)
       5018,   ! blockidx%x threadidx%x collapsed
   5016, Generating default present(rcm_in_layer(:ngrdcol,2:nz-1),vert_cloud_frac(:ngrdcol,2:nz-1),vert_cloud_frac_upper(:ngrdcol,2:nz-1),vert_cloud_frac_lower(:ngrdcol,2:nz-1),cloud_frac(:ngrdcol,2:nz-1),gr,gr%invrs_dzm(1:ngrdcol,1:nz-1),gr%zm(1:ngrdcol,1:nz-1),gr%zt(1:ngrdcol,2:nz-1),cloud_cover(:ngrdcol,2:nz-1),chi_mean(:ngrdcol,:nz),rcm(:ngrdcol,:nz))
         Generating implicit copy(err_code) [if not already present]
   5101, Generating implicit firstprivate(ngrdcol)
         Generating NVIDIA GPU code
       5102, !$acc loop gang, vector(128) ! blockidx%x threadidx%x
   5101, Generating default present(cloud_cover(:ngrdcol,:),cloud_frac(:ngrdcol,:),rcm_in_layer(:ngrdcol,:),rcm(:ngrdcol,:))
   5102, Generating implicit firstprivate(nz)
   5114, Generating update self(rcm(:,:),pdf_params%mixt_frac(:,:),pdf_params%chi_1(:,:),cloud_frac(:,:),pdf_params%chi_2(:,:))
   5128, Generating exit data delete(chi_mean(:,:),vert_cloud_frac(:,:),vert_cloud_frac_upper(:,:),vert_cloud_frac_lower(:,:))
clip_rcm:
   5179, Generating copy(rcm(:,:)) [if not already present]
         Generating copyin(rtm(:,:)) [if not already present]
   5184, Generating update self(rcm(:,:),rtm(:,:))
   5204, Generating implicit firstprivate(ngrdcol,nz)
         Generating NVIDIA GPU code
       5205, !$acc loop gang, vector(128) collapse(2) ! blockidx%x threadidx%x
       5206,   ! blockidx%x threadidx%x collapsed
set_lscale_max:
   5268, Generating implicit firstprivate(ngrdcol)
         Generating NVIDIA GPU code
       5269, !$acc loop gang, vector(128) ! blockidx%x threadidx%x
   5268, Generating default present(host_dx(:ngrdcol),lscale_max(:ngrdcol),host_dy(:ngrdcol))
   5274, Generating implicit firstprivate(ngrdcol)
         Generating NVIDIA GPU code
       5275, !$acc loop gang, vector(128) ! blockidx%x threadidx%x
   5274, Generating default present(lscale_max(:ngrdcol))
nvfortran -DNETCDF -DCLUBB_REAL_TYPE=8 -DCLUBB_GPU -DCUDA -DCOAMPS_MICRO -DNR_SP -DSILHS -Dradoffline -Dnooverlap -DCLUBB -I/glade/u/apps/casper/24.12/spack/opt/spack/netcdf/4.9.2/nvhpc/24.11/djgy/include -Mcache_align -O2  -I/glade/u/apps/casper/24.12/spack/opt/spack/netcdf/4.9.2/nvhpc/24.11/djgy/include -Mbackslash -Mstandard -Kieee -acc -Minfo=accel  -c	/glade/u/home/ilinck/clubb_release/compile/../src/CLUBB_core/clubb_api_module.F90
advance_clubb_core_api_single_col:
   1168, Generating copyin(fcor_col(:),gr%weights_zt2zm(:,:,:),gr%zm(:,:),gr,gr%dzm(:,:),gr%invrs_dzm(:,:),gr%dzt(:,:),gr%weights_zm2zt(:,:,:),gr%invrs_dzt(:,:)) [if not already present]
         Generating copyout(kh_zt_col(:,:)) [if not already present]
         Generating copyin(nu_vert_res_dep%nu10(:),nu_vert_res_dep%nu8(:),nu_vert_res_dep,nu_vert_res_dep%nu6(:),nu_vert_res_dep%nu1(:),nu_vert_res_dep%nu2(:)) [if not already present]
         Generating copy(rtpthvp_col(:,:)) [if not already present]
         Generating copyout(cloudy_updraft_frac_col(:,:)) [if not already present]
         Generating copy(exner_col(:,:)) [if not already present]
         Generating copyin(sclr_idx) [if not already present]
         Generating copy(thlm_col(:,:),rtm_col(:,:),um_col(:,:),vm_col(:,:),wprtp_col(:,:),wpthlp_col(:,:),rtp2_col(:,:),thlp2_col(:,:),rtpthlp_col(:,:)) [if not already present]
         Generating copyout(w_up_in_cloud_col(:,:)) [if not already present]
         Generating copyin(wm_zm_col(:,:),rho_ds_zt_col(:,:),rfrzm_col(:,:),rho_col(:,:),rho_ds_zm_col(:,:)) [if not already present]
         Generating copy(ice_supersat_frac_col(:,:)) [if not already present]
         Generating copyin(invrs_rho_ds_zm_col(:,:)) [if not already present]
         Generating copy(thlpthvp_col(:,:)) [if not already present]
         Generating copyin(thv_ds_zm_col(:,:)) [if not already present]
         Generating copyout(rcm_in_layer_col(:,:)) [if not already present]
         Generating copy(pdf_params_zm%w_2(:,:)) [if not already present]
         Generating copyin(wpthlp_forcing_col(:,:),wprtp_forcing_col(:,:)) [if not already present]
         Generating copy(upwp_pert_col(:,:),vpwp_pert_col(:,:)) [if not already present]
         Generating copyin(upwp_sfc_col(:),vpwp_sfc_col(:),rtm_forcing_col(:,:),thlm_forcing_col(:,:)) [if not already present]
         Generating copy(um_pert_col(:,:),vm_pert_col(:,:)) [if not already present]
         Generating copyin(thv_ds_zt_col(:,:),upwp_sfc_pert_col(:),gr%zt(:,:),host_dx_col(:)) [if not already present]
         Generating copy(p_in_pa_col(:,:),pdf_params%w_2(:,:)) [if not already present]
         Generating copyin(ug_col(:,:)) [if not already present]
         Generating copy(uprcp_col(:,:)) [if not already present]
         Generating copyin(vg_col(:,:)) [if not already present]
         Generating copy(vprcp_col(:,:)) [if not already present]
         Generating copyin(um_ref_col(:,:),vm_ref_col(:,:)) [if not already present]
         Generating copy(up2_col(:,:),vp2_col(:,:)) [if not already present]
         Generating copyin(rho_zm_col(:,:)) [if not already present]
         Generating copyout(wprcp_col(:,:)) [if not already present]
         Generating copyin(sfc_elevation_col(:),wprtp_sfc_col(:),rtm_ref_col(:,:),rtp2_forcing_col(:,:),thlm_ref_col(:,:),thlp2_forcing_col(:,:)) [if not already present]
         Generating copy(rtp3_col(:,:)) [if not already present]
         Generating copyin(wm_zt_col(:,:)) [if not already present]
         Generating copy(wp2vp2_col(:,:)) [if not already present]
         Generating copyin(nu_vert_res_dep%nu9(:),clubb_params_col(:,:)) [if not already present]
         Generating copy(rc_coef_zm_col(:,:)) [if not already present]
         Generating copyout(cloud_cover_col(:,:)) [if not already present]
         Generating copyin(wpthlp_sfc_col(:)) [if not already present]
         Generating copy(wp2thlp_col(:,:)) [if not already present]
         Generating copyin(rtpthlp_forcing_col(:,:)) [if not already present]
         Generating copyout(thlprcp_col(:,:)) [if not already present]
         Generating copy(wp2_col(:,:),wp2rtp_col(:,:),up3_col(:,:),vp3_col(:,:)) [if not already present]
         Generating copyin(radf_col(:,:)) [if not already present]
         Generating copy(wp3_col(:,:),wpthvp_col(:,:),wpup2_col(:,:),wp2thvp_col(:,:),wp2up2_col(:,:)) [if not already present]
         Generating copyin(host_dy_col(:),um_forcing_col(:,:),vm_forcing_col(:,:)) [if not already present]
         Generating copy(upwp_col(:,:),vpwp_col(:,:),pdf_params%varnce_w_2(:,:),pdf_params%w_1(:,:),pdf_params%varnce_thl_2(:,:),pdf_params%varnce_w_1(:,:),pdf_params%rsatl_2(:,:),pdf_params%rt_1(:,:),pdf_params%thl_2(:,:),pdf_params%varnce_rt_1(:,:),pdf_params%stdev_eta_2(:,:),pdf_params%thl_1(:,:),pdf_params%varnce_rt_2(:,:),pdf_params%varnce_thl_1(:,:),pdf_params%corr_w_eta_2(:,:),pdf_params%corr_w_rt_1(:,:),pdf_params%corr_w_rt_2(:,:),pdf_params%corr_w_thl_1(:,:),pdf_params%corr_chi_eta_2(:,:),pdf_params%corr_rt_thl_1(:,:),pdf_params%alpha_rt(:,:)) [if not already present]
         Generating copyin(pdf_params) [if not already present]
         Generating copy(pdf_params%covar_chi_eta_2(:,:),pdf_params%crt_1(:,:),pdf_params%crt_2(:,:),pdf_params%cthl_1(:,:),pdf_params%alpha_thl(:,:),pdf_params%chi_1(:,:),pdf_params%rt_2(:,:),pdf_params%stdev_chi_1(:,:),pdf_params%stdev_chi_2(:,:),pdf_params%stdev_eta_1(:,:),pdf_params%corr_w_thl_2(:,:),pdf_params%covar_chi_eta_1(:,:),pdf_params%corr_rt_thl_2(:,:),pdf_params%corr_w_chi_1(:,:),pdf_params%corr_w_chi_2(:,:),pdf_params%corr_w_eta_1(:,:),pdf_params%cloud_frac_2(:,:),pdf_params%corr_chi_eta_1(:,:),pdf_params%rc_2(:,:),pdf_params%rsatl_1(:,:),pdf_params%mixt_frac(:,:),pdf_params%rc_1(:,:),pdf_params%chi_2(:,:),pdf_params%cloud_frac_1(:,:),pdf_params%ice_supersat_frac_2(:,:),pdf_params%cthl_2(:,:),pdf_params%ice_supersat_frac_1(:,:),pdf_params_zm%varnce_w_2(:,:),pdf_params_zm%w_1(:,:),pdf_params_zm%varnce_thl_2(:,:),pdf_params_zm%varnce_w_1(:,:),pdf_params_zm%rsatl_2(:,:),pdf_params_zm%rt_1(:,:),pdf_params_zm%thl_2(:,:),pdf_params_zm%varnce_rt_1(:,:),pdf_params_zm%stdev_eta_2(:,:),pdf_params_zm%thl_1(:,:),pdf_params_zm%varnce_rt_2(:,:),pdf_params_zm%varnce_thl_1(:,:),pdf_params_zm%corr_w_eta_2(:,:),pdf_params_zm%corr_w_rt_1(:,:),pdf_params_zm%corr_w_rt_2(:,:),pdf_params_zm%corr_w_thl_1(:,:),pdf_params_zm%corr_chi_eta_2(:,:),pdf_params_zm%corr_rt_thl_1(:,:),pdf_params_zm%alpha_rt(:,:)) [if not already present]
         Generating copyin(pdf_params_zm) [if not already present]
         Generating copy(pdf_params_zm%covar_chi_eta_2(:,:),pdf_params_zm%crt_1(:,:),pdf_params_zm%crt_2(:,:),pdf_params_zm%cthl_1(:,:),pdf_params_zm%alpha_thl(:,:),pdf_params_zm%chi_1(:,:),pdf_params_zm%rt_2(:,:),pdf_params_zm%stdev_chi_1(:,:),pdf_params_zm%stdev_chi_2(:,:),pdf_params_zm%stdev_eta_1(:,:),pdf_params_zm%corr_w_thl_2(:,:),pdf_params_zm%covar_chi_eta_1(:,:),pdf_params_zm%corr_rt_thl_2(:,:),pdf_params_zm%corr_w_chi_1(:,:),pdf_params_zm%corr_w_chi_2(:,:),pdf_params_zm%corr_w_eta_1(:,:),pdf_params_zm%cloud_frac_2(:,:),pdf_params_zm%corr_chi_eta_1(:,:),pdf_params_zm%rc_2(:,:),pdf_params_zm%rsatl_1(:,:),pdf_params_zm%mixt_frac(:,:),pdf_params_zm%rc_1(:,:),pdf_params_zm%chi_2(:,:),pdf_params_zm%cloud_frac_1(:,:),pdf_params_zm%ice_supersat_frac_2(:,:),pdf_params_zm%cthl_2(:,:),pdf_params_zm%ice_supersat_frac_1(:,:),rcm_col(:,:),wp4_col(:,:)) [if not already present]
         Generating copyout(w_down_in_cloud_col(:,:)) [if not already present]
         Generating copyin(vpwp_sfc_pert_col(:)) [if not already present]
         Generating copyout(cloudy_downdraft_frac_col(:,:)) [if not already present]
         Generating copy(cloud_frac_col(:,:)) [if not already present]
         Generating copyin(invrs_rho_ds_zt_col(:,:)) [if not already present]
         Generating copyout(kh_zm_col(:,:),invrs_tau_zm_col(:,:)) [if not already present]
         Generating copy(thlp3_col(:,:),wpvp2_col(:,:)) [if not already present]
   1240, Generating copy(sclrm_col(:,:,:),wpsclrp_col(:,:,:)) [if not already present]
         Generating copyin(sclr_tol(:)) [if not already present]
         Generating copy(sclrpthvp_col(:,:,:)) [if not already present]
         Generating copyin(sclrm_forcing_col(:,:,:)) [if not already present]
         Generating copy(sclrp2_col(:,:,:),sclrp3_col(:,:,:),sclrprtp_col(:,:,:),sclrpthlp_col(:,:,:)) [if not already present]
         Generating copyin(wpsclrp_sfc_col(:,:)) [if not already present]
   1244, Generating copyin(edsclrm_forcing_col(:,:,:)) [if not already present]
         Generating copy(edsclrm_col(:,:,:)) [if not already present]
         Generating copyin(wpedsclrp_sfc_col(:,:)) [if not already present]
   1248, Generating copyin(wphydrometp_col(:,:,:),wp2hmp_col(:,:,:),thlphmp_zt_col(:,:,:),l_mix_rat_hm(:),rtphmp_zt_col(:,:,:),hydromet_col(:,:,:)) [if not already present]
advance_clubb_core_api_multi_col:
   1739, Generating copyin(fcor(:),gr%weights_zt2zm(:,:,:),gr%zm(:,:),gr,gr%dzm(:,:),gr%invrs_dzm(:,:),gr%dzt(:,:),gr%weights_zm2zt(:,:,:),gr%invrs_dzt(:,:)) [if not already present]
         Generating copyout(kh_zt(:,:)) [if not already present]
         Generating copyin(nu_vert_res_dep%nu10(:),nu_vert_res_dep%nu8(:),nu_vert_res_dep,nu_vert_res_dep%nu6(:),nu_vert_res_dep%nu1(:),nu_vert_res_dep%nu2(:)) [if not already present]
         Generating copy(rtpthvp(:,:)) [if not already present]
         Generating copyout(cloudy_updraft_frac(:,:)) [if not already present]
         Generating copy(exner(:,:)) [if not already present]
         Generating copyin(sclr_idx) [if not already present]
         Generating copy(thlm(:,:),rtm(:,:),um(:,:),vm(:,:),wprtp(:,:),wpthlp(:,:),rtp2(:,:),thlp2(:,:),rtpthlp(:,:)) [if not already present]
         Generating copyout(w_up_in_cloud(:,:)) [if not already present]
         Generating copyin(wm_zm(:,:),rho_ds_zt(:,:),rfrzm(:,:),rho(:,:),rho_ds_zm(:,:)) [if not already present]
         Generating copy(ice_supersat_frac(:,:)) [if not already present]
         Generating copyin(invrs_rho_ds_zm(:,:)) [if not already present]
         Generating copy(thlpthvp(:,:)) [if not already present]
         Generating copyin(thv_ds_zm(:,:)) [if not already present]
         Generating copyout(rcm_in_layer(:,:)) [if not already present]
         Generating copy(pdf_params_zm%w_2(:,:)) [if not already present]
         Generating copyin(wpthlp_forcing(:,:),wprtp_forcing(:,:)) [if not already present]
         Generating copy(upwp_pert(:,:),vpwp_pert(:,:)) [if not already present]
         Generating copyin(upwp_sfc(:),vpwp_sfc(:),rtm_forcing(:,:),thlm_forcing(:,:)) [if not already present]
         Generating copy(um_pert(:,:),vm_pert(:,:)) [if not already present]
         Generating copyin(thv_ds_zt(:,:),upwp_sfc_pert(:),gr%zt(:,:),host_dx(:)) [if not already present]
         Generating copy(p_in_pa(:,:),pdf_params%w_2(:,:)) [if not already present]
         Generating copyin(ug(:,:)) [if not already present]
         Generating copy(uprcp(:,:)) [if not already present]
         Generating copyin(vg(:,:)) [if not already present]
         Generating copy(vprcp(:,:)) [if not already present]
         Generating copyin(um_ref(:,:),vm_ref(:,:)) [if not already present]
         Generating copy(up2(:,:),vp2(:,:)) [if not already present]
         Generating copyin(rho_zm(:,:)) [if not already present]
         Generating copyout(wprcp(:,:)) [if not already present]
         Generating copyin(sfc_elevation(:),wprtp_sfc(:),rtm_ref(:,:),rtp2_forcing(:,:),thlm_ref(:,:),thlp2_forcing(:,:)) [if not already present]
         Generating copy(rtp3(:,:)) [if not already present]
         Generating copyin(wm_zt(:,:)) [if not already present]
         Generating copy(wp2vp2(:,:)) [if not already present]
         Generating copyin(nu_vert_res_dep%nu9(:),clubb_params(:,:)) [if not already present]
         Generating copy(rc_coef_zm(:,:)) [if not already present]
         Generating copyout(cloud_cover(:,:)) [if not already present]
         Generating copyin(wpthlp_sfc(:)) [if not already present]
         Generating copy(wp2thlp(:,:)) [if not already present]
         Generating copyin(rtpthlp_forcing(:,:)) [if not already present]
         Generating copyout(thlprcp(:,:)) [if not already present]
         Generating copy(wp2(:,:),wp2rtp(:,:),up3(:,:),vp3(:,:)) [if not already present]
         Generating copyin(radf(:,:)) [if not already present]
         Generating copy(wp3(:,:),wpthvp(:,:),wpup2(:,:),wp2thvp(:,:),wp2up2(:,:)) [if not already present]
         Generating copyin(host_dy(:),um_forcing(:,:),vm_forcing(:,:)) [if not already present]
         Generating copy(upwp(:,:),vpwp(:,:),pdf_params%varnce_w_2(:,:),pdf_params%w_1(:,:),pdf_params%varnce_thl_2(:,:),pdf_params%varnce_w_1(:,:),pdf_params%rsatl_2(:,:),pdf_params%rt_1(:,:),pdf_params%thl_2(:,:),pdf_params%varnce_rt_1(:,:),pdf_params%stdev_eta_2(:,:),pdf_params%thl_1(:,:),pdf_params%varnce_rt_2(:,:),pdf_params%varnce_thl_1(:,:),pdf_params%corr_w_eta_2(:,:),pdf_params%corr_w_rt_1(:,:),pdf_params%corr_w_rt_2(:,:),pdf_params%corr_w_thl_1(:,:),pdf_params%corr_chi_eta_2(:,:),pdf_params%corr_rt_thl_1(:,:),pdf_params%alpha_rt(:,:)) [if not already present]
         Generating copyin(pdf_params) [if not already present]
         Generating copy(pdf_params%covar_chi_eta_2(:,:),pdf_params%crt_1(:,:),pdf_params%crt_2(:,:),pdf_params%cthl_1(:,:),pdf_params%alpha_thl(:,:),pdf_params%chi_1(:,:),pdf_params%rt_2(:,:),pdf_params%stdev_chi_1(:,:),pdf_params%stdev_chi_2(:,:),pdf_params%stdev_eta_1(:,:),pdf_params%corr_w_thl_2(:,:),pdf_params%covar_chi_eta_1(:,:),pdf_params%corr_rt_thl_2(:,:),pdf_params%corr_w_chi_1(:,:),pdf_params%corr_w_chi_2(:,:),pdf_params%corr_w_eta_1(:,:),pdf_params%cloud_frac_2(:,:),pdf_params%corr_chi_eta_1(:,:),pdf_params%rc_2(:,:),pdf_params%rsatl_1(:,:),pdf_params%mixt_frac(:,:),pdf_params%rc_1(:,:),pdf_params%chi_2(:,:),pdf_params%cloud_frac_1(:,:),pdf_params%ice_supersat_frac_2(:,:),pdf_params%cthl_2(:,:),pdf_params%ice_supersat_frac_1(:,:),pdf_params_zm%varnce_w_2(:,:),pdf_params_zm%w_1(:,:),pdf_params_zm%varnce_thl_2(:,:),pdf_params_zm%varnce_w_1(:,:),pdf_params_zm%rsatl_2(:,:),pdf_params_zm%rt_1(:,:),pdf_params_zm%thl_2(:,:),pdf_params_zm%varnce_rt_1(:,:),pdf_params_zm%stdev_eta_2(:,:),pdf_params_zm%thl_1(:,:),pdf_params_zm%varnce_rt_2(:,:),pdf_params_zm%varnce_thl_1(:,:),pdf_params_zm%corr_w_eta_2(:,:),pdf_params_zm%corr_w_rt_1(:,:),pdf_params_zm%corr_w_rt_2(:,:),pdf_params_zm%corr_w_thl_1(:,:),pdf_params_zm%corr_chi_eta_2(:,:),pdf_params_zm%corr_rt_thl_1(:,:),pdf_params_zm%alpha_rt(:,:)) [if not already present]
         Generating copyin(pdf_params_zm) [if not already present]
         Generating copy(pdf_params_zm%covar_chi_eta_2(:,:),pdf_params_zm%crt_1(:,:),pdf_params_zm%crt_2(:,:),pdf_params_zm%cthl_1(:,:),pdf_params_zm%alpha_thl(:,:),pdf_params_zm%chi_1(:,:),pdf_params_zm%rt_2(:,:),pdf_params_zm%stdev_chi_1(:,:),pdf_params_zm%stdev_chi_2(:,:),pdf_params_zm%stdev_eta_1(:,:),pdf_params_zm%corr_w_thl_2(:,:),pdf_params_zm%covar_chi_eta_1(:,:),pdf_params_zm%corr_rt_thl_2(:,:),pdf_params_zm%corr_w_chi_1(:,:),pdf_params_zm%corr_w_chi_2(:,:),pdf_params_zm%corr_w_eta_1(:,:),pdf_params_zm%cloud_frac_2(:,:),pdf_params_zm%corr_chi_eta_1(:,:),pdf_params_zm%rc_2(:,:),pdf_params_zm%rsatl_1(:,:),pdf_params_zm%mixt_frac(:,:),pdf_params_zm%rc_1(:,:),pdf_params_zm%chi_2(:,:),pdf_params_zm%cloud_frac_1(:,:),pdf_params_zm%ice_supersat_frac_2(:,:),pdf_params_zm%cthl_2(:,:),pdf_params_zm%ice_supersat_frac_1(:,:),rcm(:,:),wp4(:,:)) [if not already present]
         Generating copyout(w_down_in_cloud(:,:)) [if not already present]
         Generating copyin(vpwp_sfc_pert(:)) [if not already present]
         Generating copyout(cloudy_downdraft_frac(:,:)) [if not already present]
         Generating copy(cloud_frac(:,:)) [if not already present]
         Generating copyin(invrs_rho_ds_zt(:,:)) [if not already present]
         Generating copyout(kh_zm(:,:),invrs_tau_zm(:,:)) [if not already present]
         Generating copy(thlp3(:,:),wpvp2(:,:)) [if not already present]
   1811, Generating copy(sclrm(:,:,:),wpsclrp(:,:,:)) [if not already present]
         Generating copyin(sclr_tol(:)) [if not already present]
         Generating copy(sclrpthvp(:,:,:)) [if not already present]
         Generating copyin(sclrm_forcing(:,:,:)) [if not already present]
         Generating copy(sclrp2(:,:,:),sclrp3(:,:,:),sclrprtp(:,:,:),sclrpthlp(:,:,:)) [if not already present]
         Generating copyin(wpsclrp_sfc(:,:)) [if not already present]
   1815, Generating copyin(edsclrm_forcing(:,:,:)) [if not already present]
         Generating copy(edsclrm(:,:,:)) [if not already present]
         Generating copyin(wpedsclrp_sfc(:,:)) [if not already present]
   1819, Generating copyin(wphydrometp(:,:,:),wp2hmp(:,:,:),thlphmp_zt(:,:,:),l_mix_rat_hm(:),rtphmp_zt(:,:,:),hydromet(:,:,:)) [if not already present]
ar rv /glade/u/home/ilinck/clubb_release/compile/../lib/libclubb_param.a calendar.o mean_adv.o parameter_indices.o new_tsdadg_pdf.o input_names.o new_hybrid_pdf_main.o interpolation.o stats_variables.o advance_clubb_core_module.o tridiag_lu_solver.o new_hybrid_pdf.o matrix_operations.o advance_wp2_wp3_module.o stats_rad_zm_module.o pdf_closure_module.o mono_flux_limiter.o sfc_varnce_module.o stats_clubb_utilities.o constants_clubb.o diffusion.o clubb_precision.o calc_roots.o mt95.o output_grads.o grid_class.o T_in_K_module.o parameters_tunable.o setup_clubb_pdf_params.o advance_xp3_module.o advance_xp2_xpyp_module.o clip_explicit.o advance_helper_module.o corr_varnce_module.o adg1_adg2_3d_luhar_pdf.o output_netcdf.o lapack_interfaces.o stats_rad_zt_module.o saturation.o sponge_layer_damping.o clip_semi_implicit.o LY93_pdf.o lapack_wrap.o sigma_sqd_w_module.o stats_lh_zt_module.o precipitation_fraction.o code_timer_module.o parameters_model.o stat_file_module.o file_functions.o mixing_length.o Skx_module.o hydromet_pdf_parameter_module.o array_index.o calc_pressure.o stats_type_utilities.o pos_definite_module.o stats_lh_sfc_module.o matrix_solver_wrapper.o turbulent_adv_pdf.o input_reader.o new_pdf.o index_mapping.o stats_zt_module.o pdf_parameter_module.o stats_type.o error_code.o pdf_utilities.o stats_sfc_module.o numerical_check.o model_flags.o endian.o fill_holes.o clubb_api_module.o new_pdf_main.o Nc_Ncn_eqns.o stats_zm_module.o diagnose_correlations_module.o penta_lu_solver.o advance_windm_edsclrm_module.o advance_xm_wpxp_module.o
ar: creating /glade/u/home/ilinck/clubb_release/compile/../lib/libclubb_param.a
a - calendar.o
a - mean_adv.o
a - parameter_indices.o
a - new_tsdadg_pdf.o
a - input_names.o
a - new_hybrid_pdf_main.o
a - interpolation.o
a - stats_variables.o
a - advance_clubb_core_module.o
a - tridiag_lu_solver.o
a - new_hybrid_pdf.o
a - matrix_operations.o
a - advance_wp2_wp3_module.o
a - stats_rad_zm_module.o
a - pdf_closure_module.o
a - mono_flux_limiter.o
a - sfc_varnce_module.o
a - stats_clubb_utilities.o
a - constants_clubb.o
a - diffusion.o
a - clubb_precision.o
a - calc_roots.o
a - mt95.o
a - output_grads.o
a - grid_class.o
a - T_in_K_module.o
a - parameters_tunable.o
a - setup_clubb_pdf_params.o
a - advance_xp3_module.o
a - advance_xp2_xpyp_module.o
a - clip_explicit.o
a - advance_helper_module.o
a - corr_varnce_module.o
a - adg1_adg2_3d_luhar_pdf.o
a - output_netcdf.o
a - lapack_interfaces.o
a - stats_rad_zt_module.o
a - saturation.o
a - sponge_layer_damping.o
a - clip_semi_implicit.o
a - LY93_pdf.o
a - lapack_wrap.o
a - sigma_sqd_w_module.o
a - stats_lh_zt_module.o
a - precipitation_fraction.o
a - code_timer_module.o
a - parameters_model.o
a - stat_file_module.o
a - file_functions.o
a - mixing_length.o
a - Skx_module.o
a - hydromet_pdf_parameter_module.o
a - array_index.o
a - calc_pressure.o
a - stats_type_utilities.o
a - pos_definite_module.o
a - stats_lh_sfc_module.o
a - matrix_solver_wrapper.o
a - turbulent_adv_pdf.o
a - input_reader.o
a - new_pdf.o
a - index_mapping.o
a - stats_zt_module.o
a - pdf_parameter_module.o
a - stats_type.o
a - error_code.o
a - pdf_utilities.o
a - stats_sfc_module.o
a - numerical_check.o
a - model_flags.o
a - endian.o
a - fill_holes.o
a - clubb_api_module.o
a - new_pdf_main.o
a - Nc_Ncn_eqns.o
a - stats_zm_module.o
a - diagnose_correlations_module.o
a - penta_lu_solver.o
a - advance_windm_edsclrm_module.o
a - advance_xm_wpxp_module.o
make[1]: Leaving directory '/glade/u/home/ilinck/clubb_release/obj'
cd /glade/u/home/ilinck/clubb_release/compile/../obj; make -f Make.clubb_lapack
make[1]: Entering directory '/glade/u/home/ilinck/clubb_release/obj'
nvfortran -Mcache_align -O2  -I/glade/u/apps/casper/24.12/spack/opt/spack/netcdf/4.9.2/nvhpc/24.11/djgy/include -Mbackslash -Mstandard -Kieee -acc -Minfo=accel  -c	/glade/u/home/ilinck/clubb_release/compile/../src/Lapack/Lapack_double/dsytrd.f
nvfortran -Mcache_align -O2  -I/glade/u/apps/casper/24.12/spack/opt/spack/netcdf/4.9.2/nvhpc/24.11/djgy/include -Mbackslash -Mstandard -Kieee -acc -Minfo=accel  -c	/glade/u/home/ilinck/clubb_release/compile/../src/Lapack/Lapack_double/dlangt.f
nvfortran -Mcache_align -O2  -I/glade/u/apps/casper/24.12/spack/opt/spack/netcdf/4.9.2/nvhpc/24.11/djgy/include -Mbackslash -Mstandard -Kieee -acc -Minfo=accel  -c	/glade/u/home/ilinck/clubb_release/compile/../src/Lapack/Lapack_single/sorg2r.f
nvfortran -Mcache_align -O2  -I/glade/u/apps/casper/24.12/spack/opt/spack/netcdf/4.9.2/nvhpc/24.11/djgy/include -Mbackslash -Mstandard -Kieee -acc -Minfo=accel  -c	/glade/u/home/ilinck/clubb_release/compile/../src/Lapack/Lapack_single/slasrt.f
nvfortran -Mcache_align -O2  -I/glade/u/apps/casper/24.12/spack/opt/spack/netcdf/4.9.2/nvhpc/24.11/djgy/include -Mbackslash -Mstandard -Kieee -acc -Minfo=accel  -c	/glade/u/home/ilinck/clubb_release/compile/../src/Lapack/Lapack_single/spotrf.f
nvfortran -Mcache_align -O2  -I/glade/u/apps/casper/24.12/spack/opt/spack/netcdf/4.9.2/nvhpc/24.11/djgy/include -Mbackslash -Mstandard -Kieee -acc -Minfo=accel  -c	/glade/u/home/ilinck/clubb_release/compile/../src/Lapack/Lapack_double/dtbsv.f
nvfortran -Mcache_align -O2  -I/glade/u/apps/casper/24.12/spack/opt/spack/netcdf/4.9.2/nvhpc/24.11/djgy/include -Mbackslash -Mstandard -Kieee -acc -Minfo=accel  -c	/glade/u/home/ilinck/clubb_release/compile/../src/Lapack/Lapack_single/slascl.f
nvfortran -Mcache_align -O2  -I/glade/u/apps/casper/24.12/spack/opt/spack/netcdf/4.9.2/nvhpc/24.11/djgy/include -Mbackslash -Mstandard -Kieee -acc -Minfo=accel  -c	/glade/u/home/ilinck/clubb_release/compile/../src/Lapack/Lapack_single/sdot.f
nvfortran -Mcache_align -O2  -I/glade/u/apps/casper/24.12/spack/opt/spack/netcdf/4.9.2/nvhpc/24.11/djgy/include -Mbackslash -Mstandard -Kieee -acc -Minfo=accel  -c	/glade/u/home/ilinck/clubb_release/compile/../src/Lapack/Lapack_double/dswap.f
nvfortran -Mcache_align -O2  -I/glade/u/apps/casper/24.12/spack/opt/spack/netcdf/4.9.2/nvhpc/24.11/djgy/include -Mbackslash -Mstandard -Kieee -acc -Minfo=accel  -c	/glade/u/home/ilinck/clubb_release/compile/../src/Lapack/Lapack_shared/lsame.f
nvfortran -Mcache_align -O2  -I/glade/u/apps/casper/24.12/spack/opt/spack/netcdf/4.9.2/nvhpc/24.11/djgy/include -Mbackslash -Mstandard -Kieee -acc -Minfo=accel  -c	/glade/u/home/ilinck/clubb_release/compile/../src/Lapack/Lapack_single/ssytd2.f
nvfortran -Mcache_align -O2  -I/glade/u/apps/casper/24.12/spack/opt/spack/netcdf/4.9.2/nvhpc/24.11/djgy/include -Mbackslash -Mstandard -Kieee -acc -Minfo=accel  -c	/glade/u/home/ilinck/clubb_release/compile/../src/Lapack/Lapack_single/sgttrs.f
nvfortran -Mcache_align -O2  -I/glade/u/apps/casper/24.12/spack/opt/spack/netcdf/4.9.2/nvhpc/24.11/djgy/include -Mbackslash -Mstandard -Kieee -acc -Minfo=accel  -c	/glade/u/home/ilinck/clubb_release/compile/../src/Lapack/Lapack_single/slaqsy.f
nvfortran -Mcache_align -O2  -I/glade/u/apps/casper/24.12/spack/opt/spack/netcdf/4.9.2/nvhpc/24.11/djgy/include -Mbackslash -Mstandard -Kieee -acc -Minfo=accel  -c	/glade/u/home/ilinck/clubb_release/compile/../src/Lapack/Lapack_double/dgbtrs.f
nvfortran -Mcache_align -O2  -I/glade/u/apps/casper/24.12/spack/opt/spack/netcdf/4.9.2/nvhpc/24.11/djgy/include -Mbackslash -Mstandard -Kieee -acc -Minfo=accel  -c	/glade/u/home/ilinck/clubb_release/compile/../src/Lapack/Lapack_double/dlansy.f
nvfortran -Mcache_align -O2  -I/glade/u/apps/casper/24.12/spack/opt/spack/netcdf/4.9.2/nvhpc/24.11/djgy/include -Mbackslash -Mstandard -Kieee -acc -Minfo=accel  -c	/glade/u/home/ilinck/clubb_release/compile/../src/Lapack/Lapack_single/sgbmv.f
nvfortran -Mcache_align -O2  -I/glade/u/apps/casper/24.12/spack/opt/spack/netcdf/4.9.2/nvhpc/24.11/djgy/include -Mbackslash -Mstandard -Kieee -acc -Minfo=accel  -c	/glade/u/home/ilinck/clubb_release/compile/../src/Lapack/Lapack_double/disnan.f
nvfortran -Mcache_align -O2  -I/glade/u/apps/casper/24.12/spack/opt/spack/netcdf/4.9.2/nvhpc/24.11/djgy/include -Mbackslash -Mstandard -Kieee -acc -Minfo=accel  -c	/glade/u/home/ilinck/clubb_release/compile/../src/Lapack/Lapack_single/slatbs.f
nvfortran -Mcache_align -O2  -I/glade/u/apps/casper/24.12/spack/opt/spack/netcdf/4.9.2/nvhpc/24.11/djgy/include -Mbackslash -Mstandard -Kieee -acc -Minfo=accel  -c	/glade/u/home/ilinck/clubb_release/compile/../src/Lapack/Lapack_single/ssyr2k.f
nvfortran -Mcache_align -O2  -I/glade/u/apps/casper/24.12/spack/opt/spack/netcdf/4.9.2/nvhpc/24.11/djgy/include -Mbackslash -Mstandard -Kieee -acc -Minfo=accel  -c	/glade/u/home/ilinck/clubb_release/compile/../src/Lapack/Lapack_single/scopy.f
nvfortran -Mcache_align -O2  -I/glade/u/apps/casper/24.12/spack/opt/spack/netcdf/4.9.2/nvhpc/24.11/djgy/include -Mbackslash -Mstandard -Kieee -acc -Minfo=accel  -c	/glade/u/home/ilinck/clubb_release/compile/../src/Lapack/Lapack_double/dsyr2.f
nvfortran -Mcache_align -O2  -I/glade/u/apps/casper/24.12/spack/opt/spack/netcdf/4.9.2/nvhpc/24.11/djgy/include -Mbackslash -Mstandard -Kieee -acc -Minfo=accel  -c	/glade/u/home/ilinck/clubb_release/compile/../src/Lapack/Lapack_double/dsyr2k.f
nvfortran -Mcache_align -O2  -I/glade/u/apps/casper/24.12/spack/opt/spack/netcdf/4.9.2/nvhpc/24.11/djgy/include -Mbackslash -Mstandard -Kieee -acc -Minfo=accel  -c	/glade/u/home/ilinck/clubb_release/compile/../src/Lapack/Lapack_double/dlatrd.f
nvfortran -Mcache_align -O2  -I/glade/u/apps/casper/24.12/spack/opt/spack/netcdf/4.9.2/nvhpc/24.11/djgy/include -Mbackslash -Mstandard -Kieee -acc -Minfo=accel  -c	/glade/u/home/ilinck/clubb_release/compile/../src/Lapack/Lapack_double/dlamch.f
NVFORTRAN-W-0130-Floating point underflow. Check constants and constant expressions (/glade/u/home/ilinck/clubb_release/compile/../src/Lapack/Lapack_double/dlamch.f: 109)
  0 inform,   1 warnings,   0 severes, 0 fatal for dlamch
nvfortran -Mcache_align -O2  -I/glade/u/apps/casper/24.12/spack/opt/spack/netcdf/4.9.2/nvhpc/24.11/djgy/include -Mbackslash -Mstandard -Kieee -acc -Minfo=accel  -c	/glade/u/home/ilinck/clubb_release/compile/../src/Lapack/Lapack_double/dasum.f
nvfortran -Mcache_align -O2  -I/glade/u/apps/casper/24.12/spack/opt/spack/netcdf/4.9.2/nvhpc/24.11/djgy/include -Mbackslash -Mstandard -Kieee -acc -Minfo=accel  -c	/glade/u/home/ilinck/clubb_release/compile/../src/Lapack/Lapack_single/slaswp.f
nvfortran -Mcache_align -O2  -I/glade/u/apps/casper/24.12/spack/opt/spack/netcdf/4.9.2/nvhpc/24.11/djgy/include -Mbackslash -Mstandard -Kieee -acc -Minfo=accel  -c	/glade/u/home/ilinck/clubb_release/compile/../src/Lapack/Lapack_single/slarf.f
nvfortran -Mcache_align -O2  -I/glade/u/apps/casper/24.12/spack/opt/spack/netcdf/4.9.2/nvhpc/24.11/djgy/include -Mbackslash -Mstandard -Kieee -acc -Minfo=accel  -c	/glade/u/home/ilinck/clubb_release/compile/../src/Lapack/Lapack_double/dsymv.f
nvfortran -Mcache_align -O2  -I/glade/u/apps/casper/24.12/spack/opt/spack/netcdf/4.9.2/nvhpc/24.11/djgy/include -Mbackslash -Mstandard -Kieee -acc -Minfo=accel  -c	/glade/u/home/ilinck/clubb_release/compile/../src/Lapack/Lapack_double/dgtrfs.f
nvfortran -Mcache_align -O2  -I/glade/u/apps/casper/24.12/spack/opt/spack/netcdf/4.9.2/nvhpc/24.11/djgy/include -Mbackslash -Mstandard -Kieee -acc -Minfo=accel  -c	/glade/u/home/ilinck/clubb_release/compile/../src/Lapack/Lapack_single/slabad.f
nvfortran -Mcache_align -O2  -I/glade/u/apps/casper/24.12/spack/opt/spack/netcdf/4.9.2/nvhpc/24.11/djgy/include -Mbackslash -Mstandard -Kieee -acc -Minfo=accel  -c	/glade/u/home/ilinck/clubb_release/compile/../src/Lapack/Lapack_single/ssymv.f
nvfortran -Mcache_align -O2  -I/glade/u/apps/casper/24.12/spack/opt/spack/netcdf/4.9.2/nvhpc/24.11/djgy/include -Mbackslash -Mstandard -Kieee -acc -Minfo=accel  -c	/glade/u/home/ilinck/clubb_release/compile/../src/Lapack/Lapack_double/dger.f
nvfortran -Mcache_align -O2  -I/glade/u/apps/casper/24.12/spack/opt/spack/netcdf/4.9.2/nvhpc/24.11/djgy/include -Mbackslash -Mstandard -Kieee -acc -Minfo=accel  -c	/glade/u/home/ilinck/clubb_release/compile/../src/Lapack/Lapack_single/sgbtrf.f
nvfortran -Mcache_align -O2  -I/glade/u/apps/casper/24.12/spack/opt/spack/netcdf/4.9.2/nvhpc/24.11/djgy/include -Mbackslash -Mstandard -Kieee -acc -Minfo=accel  -c	/glade/u/home/ilinck/clubb_release/compile/../src/Lapack/Lapack_double/dorgqr.f
nvfortran -Mcache_align -O2  -I/glade/u/apps/casper/24.12/spack/opt/spack/netcdf/4.9.2/nvhpc/24.11/djgy/include -Mbackslash -Mstandard -Kieee -acc -Minfo=accel  -c	/glade/u/home/ilinck/clubb_release/compile/../src/Lapack/Lapack_single/sgbcon.f
nvfortran -Mcache_align -O2  -I/glade/u/apps/casper/24.12/spack/opt/spack/netcdf/4.9.2/nvhpc/24.11/djgy/include -Mbackslash -Mstandard -Kieee -acc -Minfo=accel  -c	/glade/u/home/ilinck/clubb_release/compile/../src/Lapack/Lapack_single/strmm.f
nvfortran -Mcache_align -O2  -I/glade/u/apps/casper/24.12/spack/opt/spack/netcdf/4.9.2/nvhpc/24.11/djgy/include -Mbackslash -Mstandard -Kieee -acc -Minfo=accel  -c	/glade/u/home/ilinck/clubb_release/compile/../src/Lapack/Lapack_double/dlaqgb.f
nvfortran -Mcache_align -O2  -I/glade/u/apps/casper/24.12/spack/opt/spack/netcdf/4.9.2/nvhpc/24.11/djgy/include -Mbackslash -Mstandard -Kieee -acc -Minfo=accel  -c	/glade/u/home/ilinck/clubb_release/compile/../src/Lapack/Lapack_double/dlaqsy.f
nvfortran -Mcache_align -O2  -I/glade/u/apps/casper/24.12/spack/opt/spack/netcdf/4.9.2/nvhpc/24.11/djgy/include -Mbackslash -Mstandard -Kieee -acc -Minfo=accel  -c	/glade/u/home/ilinck/clubb_release/compile/../src/Lapack/Lapack_double/dlassq.f
nvfortran -Mcache_align -O2  -I/glade/u/apps/casper/24.12/spack/opt/spack/netcdf/4.9.2/nvhpc/24.11/djgy/include -Mbackslash -Mstandard -Kieee -acc -Minfo=accel  -c	/glade/u/home/ilinck/clubb_release/compile/../src/Lapack/Lapack_single/slartg.f
nvfortran -Mcache_align -O2  -I/glade/u/apps/casper/24.12/spack/opt/spack/netcdf/4.9.2/nvhpc/24.11/djgy/include -Mbackslash -Mstandard -Kieee -acc -Minfo=accel  -c	/glade/u/home/ilinck/clubb_release/compile/../src/Lapack/Lapack_single/sgbtrs.f
nvfortran -Mcache_align -O2  -I/glade/u/apps/casper/24.12/spack/opt/spack/netcdf/4.9.2/nvhpc/24.11/djgy/include -Mbackslash -Mstandard -Kieee -acc -Minfo=accel  -c	/glade/u/home/ilinck/clubb_release/compile/../src/Lapack/Lapack_double/dgbsv.f
nvfortran -Mcache_align -O2  -I/glade/u/apps/casper/24.12/spack/opt/spack/netcdf/4.9.2/nvhpc/24.11/djgy/include -Mbackslash -Mstandard -Kieee -acc -Minfo=accel  -c	/glade/u/home/ilinck/clubb_release/compile/../src/Lapack/Lapack_single/slantb.f
nvfortran -Mcache_align -O2  -I/glade/u/apps/casper/24.12/spack/opt/spack/netcdf/4.9.2/nvhpc/24.11/djgy/include -Mbackslash -Mstandard -Kieee -acc -Minfo=accel  -c	/glade/u/home/ilinck/clubb_release/compile/../src/Lapack/Lapack_double/dlatbs.f
nvfortran -Mcache_align -O2  -I/glade/u/apps/casper/24.12/spack/opt/spack/netcdf/4.9.2/nvhpc/24.11/djgy/include -Mbackslash -Mstandard -Kieee -acc -Minfo=accel  -c	/glade/u/home/ilinck/clubb_release/compile/../src/Lapack/Lapack_double/dscal.f
nvfortran -Mcache_align -O2  -I/glade/u/apps/casper/24.12/spack/opt/spack/netcdf/4.9.2/nvhpc/24.11/djgy/include -Mbackslash -Mstandard -Kieee -acc -Minfo=accel  -c	/glade/u/home/ilinck/clubb_release/compile/../src/Lapack/Lapack_double/dlarfg.f
nvfortran -Mcache_align -O2  -I/glade/u/apps/casper/24.12/spack/opt/spack/netcdf/4.9.2/nvhpc/24.11/djgy/include -Mbackslash -Mstandard -Kieee -acc -Minfo=accel  -c	/glade/u/home/ilinck/clubb_release/compile/../src/Lapack/Lapack_double/dtrsm.f
nvfortran -Mcache_align -O2  -I/glade/u/apps/casper/24.12/spack/opt/spack/netcdf/4.9.2/nvhpc/24.11/djgy/include -Mbackslash -Mstandard -Kieee -acc -Minfo=accel  -c	/glade/u/home/ilinck/clubb_release/compile/../src/Lapack/Lapack_single/snrm2.f
nvfortran -Mcache_align -O2  -I/glade/u/apps/casper/24.12/spack/opt/spack/netcdf/4.9.2/nvhpc/24.11/djgy/include -Mbackslash -Mstandard -Kieee -acc -Minfo=accel  -c	/glade/u/home/ilinck/clubb_release/compile/../src/Lapack/Lapack_single/sgbrfs.f
nvfortran -Mcache_align -O2  -I/glade/u/apps/casper/24.12/spack/opt/spack/netcdf/4.9.2/nvhpc/24.11/djgy/include -Mbackslash -Mstandard -Kieee -acc -Minfo=accel  -c	/glade/u/home/ilinck/clubb_release/compile/../src/Lapack/Lapack_double/dlascl.f
nvfortran -Mcache_align -O2  -I/glade/u/apps/casper/24.12/spack/opt/spack/netcdf/4.9.2/nvhpc/24.11/djgy/include -Mbackslash -Mstandard -Kieee -acc -Minfo=accel  -c	/glade/u/home/ilinck/clubb_release/compile/../src/Lapack/Lapack_single/slacpy.f
nvfortran -Mcache_align -O2  -I/glade/u/apps/casper/24.12/spack/opt/spack/netcdf/4.9.2/nvhpc/24.11/djgy/include -Mbackslash -Mstandard -Kieee -acc -Minfo=accel  -c	/glade/u/home/ilinck/clubb_release/compile/../src/Lapack/Lapack_double/dlartg.f
nvfortran -Mcache_align -O2  -I/glade/u/apps/casper/24.12/spack/opt/spack/netcdf/4.9.2/nvhpc/24.11/djgy/include -Mbackslash -Mstandard -Kieee -acc -Minfo=accel  -c	/glade/u/home/ilinck/clubb_release/compile/../src/Lapack/Lapack_single/sgemm.f
nvfortran -Mcache_align -O2  -I/glade/u/apps/casper/24.12/spack/opt/spack/netcdf/4.9.2/nvhpc/24.11/djgy/include -Mbackslash -Mstandard -Kieee -acc -Minfo=accel  -c	/glade/u/home/ilinck/clubb_release/compile/../src/Lapack/Lapack_single/slaset.f
nvfortran -Mcache_align -O2  -I/glade/u/apps/casper/24.12/spack/opt/spack/netcdf/4.9.2/nvhpc/24.11/djgy/include -Mbackslash -Mstandard -Kieee -acc -Minfo=accel  -c	/glade/u/home/ilinck/clubb_release/compile/../src/Lapack/Lapack_double/dorg2l.f
nvfortran -Mcache_align -O2  -I/glade/u/apps/casper/24.12/spack/opt/spack/netcdf/4.9.2/nvhpc/24.11/djgy/include -Mbackslash -Mstandard -Kieee -acc -Minfo=accel  -c	/glade/u/home/ilinck/clubb_release/compile/../src/Lapack/Lapack_single/ilaslc.f
nvfortran -Mcache_align -O2  -I/glade/u/apps/casper/24.12/spack/opt/spack/netcdf/4.9.2/nvhpc/24.11/djgy/include -Mbackslash -Mstandard -Kieee -acc -Minfo=accel  -c	/glade/u/home/ilinck/clubb_release/compile/../src/Lapack/Lapack_single/sgtrfs.f
nvfortran -Mcache_align -O2  -I/glade/u/apps/casper/24.12/spack/opt/spack/netcdf/4.9.2/nvhpc/24.11/djgy/include -Mbackslash -Mstandard -Kieee -acc -Minfo=accel  -c	/glade/u/home/ilinck/clubb_release/compile/../src/Lapack/Lapack_double/idamax.f
nvfortran -Mcache_align -O2  -I/glade/u/apps/casper/24.12/spack/opt/spack/netcdf/4.9.2/nvhpc/24.11/djgy/include -Mbackslash -Mstandard -Kieee -acc -Minfo=accel  -c	/glade/u/home/ilinck/clubb_release/compile/../src/Lapack/Lapack_double/dgemm.f
nvfortran -Mcache_align -O2  -I/glade/u/apps/casper/24.12/spack/opt/spack/netcdf/4.9.2/nvhpc/24.11/djgy/include -Mbackslash -Mstandard -Kieee -acc -Minfo=accel  -c	/glade/u/home/ilinck/clubb_release/compile/../src/Lapack/Lapack_double/dlanst.f
nvfortran -Mcache_align -O2  -I/glade/u/apps/casper/24.12/spack/opt/spack/netcdf/4.9.2/nvhpc/24.11/djgy/include -Mbackslash -Mstandard -Kieee -acc -Minfo=accel  -c	/glade/u/home/ilinck/clubb_release/compile/../src/Lapack/Lapack_double/drscl.f
nvfortran -Mcache_align -O2  -I/glade/u/apps/casper/24.12/spack/opt/spack/netcdf/4.9.2/nvhpc/24.11/djgy/include -Mbackslash -Mstandard -Kieee -acc -Minfo=accel  -c	/glade/u/home/ilinck/clubb_release/compile/../src/Lapack/Lapack_double/dorg2r.f
nvfortran -Mcache_align -O2  -I/glade/u/apps/casper/24.12/spack/opt/spack/netcdf/4.9.2/nvhpc/24.11/djgy/include -Mbackslash -Mstandard -Kieee -acc -Minfo=accel  -c	/glade/u/home/ilinck/clubb_release/compile/../src/Lapack/Lapack_double/iladlr.f
nvfortran -Mcache_align -O2  -I/glade/u/apps/casper/24.12/spack/opt/spack/netcdf/4.9.2/nvhpc/24.11/djgy/include -Mbackslash -Mstandard -Kieee -acc -Minfo=accel  -c	/glade/u/home/ilinck/clubb_release/compile/../src/Lapack/Lapack_double/dsterf.f
nvfortran -Mcache_align -O2  -I/glade/u/apps/casper/24.12/spack/opt/spack/netcdf/4.9.2/nvhpc/24.11/djgy/include -Mbackslash -Mstandard -Kieee -acc -Minfo=accel  -c	/glade/u/home/ilinck/clubb_release/compile/../src/Lapack/Lapack_double/dgbequ.f
nvfortran -Mcache_align -O2  -I/glade/u/apps/casper/24.12/spack/opt/spack/netcdf/4.9.2/nvhpc/24.11/djgy/include -Mbackslash -Mstandard -Kieee -acc -Minfo=accel  -c	/glade/u/home/ilinck/clubb_release/compile/../src/Lapack/Lapack_single/slangb.f
nvfortran -Mcache_align -O2  -I/glade/u/apps/casper/24.12/spack/opt/spack/netcdf/4.9.2/nvhpc/24.11/djgy/include -Mbackslash -Mstandard -Kieee -acc -Minfo=accel  -c	/glade/u/home/ilinck/clubb_release/compile/../src/Lapack/Lapack_single/slamch.f
NVFORTRAN-W-0130-Floating point underflow. Check constants and constant expressions (/glade/u/home/ilinck/clubb_release/compile/../src/Lapack/Lapack_single/slamch.f: 113)
  0 inform,   1 warnings,   0 severes, 0 fatal for slamch
nvfortran -Mcache_align -O2  -I/glade/u/apps/casper/24.12/spack/opt/spack/netcdf/4.9.2/nvhpc/24.11/djgy/include -Mbackslash -Mstandard -Kieee -acc -Minfo=accel  -c	/glade/u/home/ilinck/clubb_release/compile/../src/Lapack/Lapack_double/dpotrf2.f
nvfortran -Mcache_align -O2  -I/glade/u/apps/casper/24.12/spack/opt/spack/netcdf/4.9.2/nvhpc/24.11/djgy/include -Mbackslash -Mstandard -Kieee -acc -Minfo=accel  -c	/glade/u/home/ilinck/clubb_release/compile/../src/Lapack/Lapack_single/sorgqr.f
nvfortran -Mcache_align -O2  -I/glade/u/apps/casper/24.12/spack/opt/spack/netcdf/4.9.2/nvhpc/24.11/djgy/include -Mbackslash -Mstandard -Kieee -acc -Minfo=accel  -c	/glade/u/home/ilinck/clubb_release/compile/../src/Lapack/Lapack_single/sgbsvx.f
nvfortran -Mcache_align -O2  -I/glade/u/apps/casper/24.12/spack/opt/spack/netcdf/4.9.2/nvhpc/24.11/djgy/include -Mbackslash -Mstandard -Kieee -acc -Minfo=accel  -c	/glade/u/home/ilinck/clubb_release/compile/../src/Lapack/Lapack_single/slansy.f
nvfortran -Mcache_align -O2  -I/glade/u/apps/casper/24.12/spack/opt/spack/netcdf/4.9.2/nvhpc/24.11/djgy/include -Mbackslash -Mstandard -Kieee -acc -Minfo=accel  -c	/glade/u/home/ilinck/clubb_release/compile/../src/Lapack/Lapack_double/dlagtm.f
nvfortran -Mcache_align -O2  -I/glade/u/apps/casper/24.12/spack/opt/spack/netcdf/4.9.2/nvhpc/24.11/djgy/include -Mbackslash -Mstandard -Kieee -acc -Minfo=accel  -c	/glade/u/home/ilinck/clubb_release/compile/../src/Lapack/Lapack_double/dgttrf.f
nvfortran -Mcache_align -O2  -I/glade/u/apps/casper/24.12/spack/opt/spack/netcdf/4.9.2/nvhpc/24.11/djgy/include -Mbackslash -Mstandard -Kieee -acc -Minfo=accel  -c	/glade/u/home/ilinck/clubb_release/compile/../src/Lapack/Lapack_single/ssytrd.f
nvfortran -Mcache_align -O2  -I/glade/u/apps/casper/24.12/spack/opt/spack/netcdf/4.9.2/nvhpc/24.11/djgy/include -Mbackslash -Mstandard -Kieee -acc -Minfo=accel  -c	/glade/u/home/ilinck/clubb_release/compile/../src/Lapack/Lapack_single/slae2.f
nvfortran -Mcache_align -O2  -I/glade/u/apps/casper/24.12/spack/opt/spack/netcdf/4.9.2/nvhpc/24.11/djgy/include -Mbackslash -Mstandard -Kieee -acc -Minfo=accel  -c	/glade/u/home/ilinck/clubb_release/compile/../src/Lapack/Lapack_double/dlabad.f
nvfortran -Mcache_align -O2  -I/glade/u/apps/casper/24.12/spack/opt/spack/netcdf/4.9.2/nvhpc/24.11/djgy/include -Mbackslash -Mstandard -Kieee -acc -Minfo=accel  -c	/glade/u/home/ilinck/clubb_release/compile/../src/Lapack/Lapack_single/sswap.f
nvfortran -Mcache_align -O2  -I/glade/u/apps/casper/24.12/spack/opt/spack/netcdf/4.9.2/nvhpc/24.11/djgy/include -Mbackslash -Mstandard -Kieee -acc -Minfo=accel  -c	/glade/u/home/ilinck/clubb_release/compile/../src/Lapack/Lapack_single/sgtts2.f
nvfortran -Mcache_align -O2  -I/glade/u/apps/casper/24.12/spack/opt/spack/netcdf/4.9.2/nvhpc/24.11/djgy/include -Mbackslash -Mstandard -Kieee -acc -Minfo=accel  -c	/glade/u/home/ilinck/clubb_release/compile/../src/Lapack/Lapack_single/ilaslr.f
nvfortran -Mcache_align -O2  -I/glade/u/apps/casper/24.12/spack/opt/spack/netcdf/4.9.2/nvhpc/24.11/djgy/include -Mbackslash -Mstandard -Kieee -acc -Minfo=accel  -c	/glade/u/home/ilinck/clubb_release/compile/../src/Lapack/Lapack_double/dgbcon.f
nvfortran -Mcache_align -O2  -I/glade/u/apps/casper/24.12/spack/opt/spack/netcdf/4.9.2/nvhpc/24.11/djgy/include -Mbackslash -Mstandard -Kieee -acc -Minfo=accel  -c	/glade/u/home/ilinck/clubb_release/compile/../src/Lapack/Lapack_single/isamax.f
nvfortran -Mcache_align -O2  -I/glade/u/apps/casper/24.12/spack/opt/spack/netcdf/4.9.2/nvhpc/24.11/djgy/include -Mbackslash -Mstandard -Kieee -acc -Minfo=accel  -c	/glade/u/home/ilinck/clubb_release/compile/../src/Lapack/Lapack_double/dlacpy.f
nvfortran -Mcache_align -O2  -I/glade/u/apps/casper/24.12/spack/opt/spack/netcdf/4.9.2/nvhpc/24.11/djgy/include -Mbackslash -Mstandard -Kieee -acc -Minfo=accel  -c	/glade/u/home/ilinck/clubb_release/compile/../src/Lapack/Lapack_single/slangt.f
nvfortran -Mcache_align -O2  -I/glade/u/apps/casper/24.12/spack/opt/spack/netcdf/4.9.2/nvhpc/24.11/djgy/include -Mbackslash -Mstandard -Kieee -acc -Minfo=accel  -c	/glade/u/home/ilinck/clubb_release/compile/../src/Lapack/Lapack_double/dorgtr.f
nvfortran -Mcache_align -O2  -I/glade/u/apps/casper/24.12/spack/opt/spack/netcdf/4.9.2/nvhpc/24.11/djgy/include -Mbackslash -Mstandard -Kieee -acc -Minfo=accel  -c	/glade/u/home/ilinck/clubb_release/compile/../src/Lapack/Lapack_single/ssyev.f
nvfortran -Mcache_align -O2  -I/glade/u/apps/casper/24.12/spack/opt/spack/netcdf/4.9.2/nvhpc/24.11/djgy/include -Mbackslash -Mstandard -Kieee -acc -Minfo=accel  -c	/glade/u/home/ilinck/clubb_release/compile/../src/Lapack/Lapack_double/dlasr.f
nvfortran -Mcache_align -O2  -I/glade/u/apps/casper/24.12/spack/opt/spack/netcdf/4.9.2/nvhpc/24.11/djgy/include -Mbackslash -Mstandard -Kieee -acc -Minfo=accel  -c	/glade/u/home/ilinck/clubb_release/compile/../src/Lapack/Lapack_single/slaev2.f
nvfortran -Mcache_align -O2  -I/glade/u/apps/casper/24.12/spack/opt/spack/netcdf/4.9.2/nvhpc/24.11/djgy/include -Mbackslash -Mstandard -Kieee -acc -Minfo=accel  -c	/glade/u/home/ilinck/clubb_release/compile/../src/Lapack/Lapack_single/sorgtr.f
nvfortran -Mcache_align -O2  -I/glade/u/apps/casper/24.12/spack/opt/spack/netcdf/4.9.2/nvhpc/24.11/djgy/include -Mbackslash -Mstandard -Kieee -acc -Minfo=accel  -c	/glade/u/home/ilinck/clubb_release/compile/../src/Lapack/Lapack_double/dsyrk.f
nvfortran -Mcache_align -O2  -I/glade/u/apps/casper/24.12/spack/opt/spack/netcdf/4.9.2/nvhpc/24.11/djgy/include -Mbackslash -Mstandard -Kieee -acc -Minfo=accel  -c	/glade/u/home/ilinck/clubb_release/compile/../src/Lapack/Lapack_single/slarfb.f
nvfortran -Mcache_align -O2  -I/glade/u/apps/casper/24.12/spack/opt/spack/netcdf/4.9.2/nvhpc/24.11/djgy/include -Mbackslash -Mstandard -Kieee -acc -Minfo=accel  -c	/glade/u/home/ilinck/clubb_release/compile/../src/Lapack/Lapack_single/sgtsvx.f
nvfortran -Mcache_align -O2  -I/glade/u/apps/casper/24.12/spack/opt/spack/netcdf/4.9.2/nvhpc/24.11/djgy/include -Mbackslash -Mstandard -Kieee -acc -Minfo=accel  -c	/glade/u/home/ilinck/clubb_release/compile/../src/Lapack/Lapack_double/dgtsv.f
nvfortran -Mcache_align -O2  -I/glade/u/apps/casper/24.12/spack/opt/spack/netcdf/4.9.2/nvhpc/24.11/djgy/include -Mbackslash -Mstandard -Kieee -acc -Minfo=accel  -c	/glade/u/home/ilinck/clubb_release/compile/../src/Lapack/Lapack_single/sorg2l.f
nvfortran -Mcache_align -O2  -I/glade/u/apps/casper/24.12/spack/opt/spack/netcdf/4.9.2/nvhpc/24.11/djgy/include -Mbackslash -Mstandard -Kieee -acc -Minfo=accel  -c	/glade/u/home/ilinck/clubb_release/compile/../src/Lapack/Lapack_single/slaqgb.f
nvfortran -Mcache_align -O2  -I/glade/u/apps/casper/24.12/spack/opt/spack/netcdf/4.9.2/nvhpc/24.11/djgy/include -Mbackslash -Mstandard -Kieee -acc -Minfo=accel  -c	/glade/u/home/ilinck/clubb_release/compile/../src/Lapack/Lapack_double/dnrm2.f
nvfortran -Mcache_align -O2  -I/glade/u/apps/casper/24.12/spack/opt/spack/netcdf/4.9.2/nvhpc/24.11/djgy/include -Mbackslash -Mstandard -Kieee -acc -Minfo=accel  -c	/glade/u/home/ilinck/clubb_release/compile/../src/Lapack/Lapack_double/dlae2.f
nvfortran -Mcache_align -O2  -I/glade/u/apps/casper/24.12/spack/opt/spack/netcdf/4.9.2/nvhpc/24.11/djgy/include -Mbackslash -Mstandard -Kieee -acc -Minfo=accel  -c	/glade/u/home/ilinck/clubb_release/compile/../src/Lapack/Lapack_single/sisnan.f
nvfortran -Mcache_align -O2  -I/glade/u/apps/casper/24.12/spack/opt/spack/netcdf/4.9.2/nvhpc/24.11/djgy/include -Mbackslash -Mstandard -Kieee -acc -Minfo=accel  -c	/glade/u/home/ilinck/clubb_release/compile/../src/Lapack/Lapack_single/sscal.f
nvfortran -Mcache_align -O2  -I/glade/u/apps/casper/24.12/spack/opt/spack/netcdf/4.9.2/nvhpc/24.11/djgy/include -Mbackslash -Mstandard -Kieee -acc -Minfo=accel  -c	/glade/u/home/ilinck/clubb_release/compile/../src/Lapack/Lapack_single/slapy2.f
nvfortran -Mcache_align -O2  -I/glade/u/apps/casper/24.12/spack/opt/spack/netcdf/4.9.2/nvhpc/24.11/djgy/include -Mbackslash -Mstandard -Kieee -acc -Minfo=accel  -c	/glade/u/home/ilinck/clubb_release/compile/../src/Lapack/Lapack_double/dsyev.f
nvfortran -Mcache_align -O2  -I/glade/u/apps/casper/24.12/spack/opt/spack/netcdf/4.9.2/nvhpc/24.11/djgy/include -Mbackslash -Mstandard -Kieee -acc -Minfo=accel  -c	/glade/u/home/ilinck/clubb_release/compile/../src/Lapack/Lapack_single/slaisnan.f
nvfortran -Mcache_align -O2  -I/glade/u/apps/casper/24.12/spack/opt/spack/netcdf/4.9.2/nvhpc/24.11/djgy/include -Mbackslash -Mstandard -Kieee -acc -Minfo=accel  -c	/glade/u/home/ilinck/clubb_release/compile/../src/Lapack/Lapack_single/slacn2.f
nvfortran -Mcache_align -O2  -I/glade/u/apps/casper/24.12/spack/opt/spack/netcdf/4.9.2/nvhpc/24.11/djgy/include -Mbackslash -Mstandard -Kieee -acc -Minfo=accel  -c	/glade/u/home/ilinck/clubb_release/compile/../src/Lapack/Lapack_double/dpoequ.f
nvfortran -Mcache_align -O2  -I/glade/u/apps/casper/24.12/spack/opt/spack/netcdf/4.9.2/nvhpc/24.11/djgy/include -Mbackslash -Mstandard -Kieee -acc -Minfo=accel  -c	/glade/u/home/ilinck/clubb_release/compile/../src/Lapack/Lapack_single/strmv.f
nvfortran -Mcache_align -O2  -I/glade/u/apps/casper/24.12/spack/opt/spack/netcdf/4.9.2/nvhpc/24.11/djgy/include -Mbackslash -Mstandard -Kieee -acc -Minfo=accel  -c	/glade/u/home/ilinck/clubb_release/compile/../src/Lapack/Lapack_double/iparmq.f
nvfortran -Mcache_align -O2  -I/glade/u/apps/casper/24.12/spack/opt/spack/netcdf/4.9.2/nvhpc/24.11/djgy/include -Mbackslash -Mstandard -Kieee -acc -Minfo=accel  -c	/glade/u/home/ilinck/clubb_release/compile/../src/Lapack/Lapack_double/dlarfb.f
nvfortran -Mcache_align -O2  -I/glade/u/apps/casper/24.12/spack/opt/spack/netcdf/4.9.2/nvhpc/24.11/djgy/include -Mbackslash -Mstandard -Kieee -acc -Minfo=accel  -c	/glade/u/home/ilinck/clubb_release/compile/../src/Lapack/Lapack_single/sgbtf2.f
nvfortran -Mcache_align -O2  -I/glade/u/apps/casper/24.12/spack/opt/spack/netcdf/4.9.2/nvhpc/24.11/djgy/include -Mbackslash -Mstandard -Kieee -acc -Minfo=accel  -c	/glade/u/home/ilinck/clubb_release/compile/../src/Lapack/Lapack_single/sorgql.f
nvfortran -Mcache_align -O2  -I/glade/u/apps/casper/24.12/spack/opt/spack/netcdf/4.9.2/nvhpc/24.11/djgy/include -Mbackslash -Mstandard -Kieee -acc -Minfo=accel  -c	/glade/u/home/ilinck/clubb_release/compile/../src/Lapack/Lapack_single/stbsv.f
nvfortran -Mcache_align -O2  -I/glade/u/apps/casper/24.12/spack/opt/spack/netcdf/4.9.2/nvhpc/24.11/djgy/include -Mbackslash -Mstandard -Kieee -acc -Minfo=accel  -c	/glade/u/home/ilinck/clubb_release/compile/../src/Lapack/Lapack_double/dsteqr.f
nvfortran -Mcache_align -O2  -I/glade/u/apps/casper/24.12/spack/opt/spack/netcdf/4.9.2/nvhpc/24.11/djgy/include -Mbackslash -Mstandard -Kieee -acc -Minfo=accel  -c	/glade/u/home/ilinck/clubb_release/compile/../src/Lapack/Lapack_double/dpotrf.f
nvfortran -Mcache_align -O2  -I/glade/u/apps/casper/24.12/spack/opt/spack/netcdf/4.9.2/nvhpc/24.11/djgy/include -Mbackslash -Mstandard -Kieee -acc -Minfo=accel  -c	/glade/u/home/ilinck/clubb_release/compile/../src/Lapack/Lapack_double/dgttrs.f
nvfortran -Mcache_align -O2  -I/glade/u/apps/casper/24.12/spack/opt/spack/netcdf/4.9.2/nvhpc/24.11/djgy/include -Mbackslash -Mstandard -Kieee -acc -Minfo=accel  -c	/glade/u/home/ilinck/clubb_release/compile/../src/Lapack/Lapack_double/ilaenv.f
nvfortran -Mcache_align -O2  -I/glade/u/apps/casper/24.12/spack/opt/spack/netcdf/4.9.2/nvhpc/24.11/djgy/include -Mbackslash -Mstandard -Kieee -acc -Minfo=accel  -c	/glade/u/home/ilinck/clubb_release/compile/../src/Lapack/Lapack_single/sgbsv.f
nvfortran -Mcache_align -O2  -I/glade/u/apps/casper/24.12/spack/opt/spack/netcdf/4.9.2/nvhpc/24.11/djgy/include -Mbackslash -Mstandard -Kieee -acc -Minfo=accel  -c	/glade/u/home/ilinck/clubb_release/compile/../src/Lapack/Lapack_single/slassq.f
nvfortran -Mcache_align -O2  -I/glade/u/apps/casper/24.12/spack/opt/spack/netcdf/4.9.2/nvhpc/24.11/djgy/include -Mbackslash -Mstandard -Kieee -acc -Minfo=accel  -c	/glade/u/home/ilinck/clubb_release/compile/../src/Lapack/Lapack_double/dgbmv.f
nvfortran -Mcache_align -O2  -I/glade/u/apps/casper/24.12/spack/opt/spack/netcdf/4.9.2/nvhpc/24.11/djgy/include -Mbackslash -Mstandard -Kieee -acc -Minfo=accel  -c	/glade/u/home/ilinck/clubb_release/compile/../src/Lapack/Lapack_single/spoequ.f
nvfortran -Mcache_align -O2  -I/glade/u/apps/casper/24.12/spack/opt/spack/netcdf/4.9.2/nvhpc/24.11/djgy/include -Mbackslash -Mstandard -Kieee -acc -Minfo=accel  -c	/glade/u/home/ilinck/clubb_release/compile/../src/Lapack/Lapack_single/slatrd.f
nvfortran -Mcache_align -O2  -I/glade/u/apps/casper/24.12/spack/opt/spack/netcdf/4.9.2/nvhpc/24.11/djgy/include -Mbackslash -Mstandard -Kieee -acc -Minfo=accel  -c	/glade/u/home/ilinck/clubb_release/compile/../src/Lapack/Lapack_double/dlasrt.f
nvfortran -Mcache_align -O2  -I/glade/u/apps/casper/24.12/spack/opt/spack/netcdf/4.9.2/nvhpc/24.11/djgy/include -Mbackslash -Mstandard -Kieee -acc -Minfo=accel  -c	/glade/u/home/ilinck/clubb_release/compile/../src/Lapack/Lapack_double/dgbtrf.f
nvfortran -Mcache_align -O2  -I/glade/u/apps/casper/24.12/spack/opt/spack/netcdf/4.9.2/nvhpc/24.11/djgy/include -Mbackslash -Mstandard -Kieee -acc -Minfo=accel  -c	/glade/u/home/ilinck/clubb_release/compile/../src/Lapack/Lapack_double/dcopy.f
nvfortran -Mcache_align -O2  -I/glade/u/apps/casper/24.12/spack/opt/spack/netcdf/4.9.2/nvhpc/24.11/djgy/include -Mbackslash -Mstandard -Kieee -acc -Minfo=accel  -c	/glade/u/home/ilinck/clubb_release/compile/../src/Lapack/Lapack_single/sgbequ.f
nvfortran -Mcache_align -O2  -I/glade/u/apps/casper/24.12/spack/opt/spack/netcdf/4.9.2/nvhpc/24.11/djgy/include -Mbackslash -Mstandard -Kieee -acc -Minfo=accel  -c	/glade/u/home/ilinck/clubb_release/compile/../src/Lapack/Lapack_single/slarfg.f
nvfortran -Mcache_align -O2  -I/glade/u/apps/casper/24.12/spack/opt/spack/netcdf/4.9.2/nvhpc/24.11/djgy/include -Mbackslash -Mstandard -Kieee -acc -Minfo=accel  -c	/glade/u/home/ilinck/clubb_release/compile/../src/Lapack/Lapack_double/daxpy.f
nvfortran -Mcache_align -O2  -I/glade/u/apps/casper/24.12/spack/opt/spack/netcdf/4.9.2/nvhpc/24.11/djgy/include -Mbackslash -Mstandard -Kieee -acc -Minfo=accel  -c	/glade/u/home/ilinck/clubb_release/compile/../src/Lapack/Lapack_single/spotrf2.f
nvfortran -Mcache_align -O2  -I/glade/u/apps/casper/24.12/spack/opt/spack/netcdf/4.9.2/nvhpc/24.11/djgy/include -Mbackslash -Mstandard -Kieee -acc -Minfo=accel  -c	/glade/u/home/ilinck/clubb_release/compile/../src/Lapack/Lapack_single/srscl.f
nvfortran -Mcache_align -O2  -I/glade/u/apps/casper/24.12/spack/opt/spack/netcdf/4.9.2/nvhpc/24.11/djgy/include -Mbackslash -Mstandard -Kieee -acc -Minfo=accel  -c	/glade/u/home/ilinck/clubb_release/compile/../src/Lapack/Lapack_single/slanst.f
nvfortran -Mcache_align -O2  -I/glade/u/apps/casper/24.12/spack/opt/spack/netcdf/4.9.2/nvhpc/24.11/djgy/include -Mbackslash -Mstandard -Kieee -acc -Minfo=accel  -c	/glade/u/home/ilinck/clubb_release/compile/../src/Lapack/Lapack_double/dlaisnan.f
nvfortran -Mcache_align -O2  -I/glade/u/apps/casper/24.12/spack/opt/spack/netcdf/4.9.2/nvhpc/24.11/djgy/include -Mbackslash -Mstandard -Kieee -acc -Minfo=accel  -c	/glade/u/home/ilinck/clubb_release/compile/../src/Lapack/Lapack_single/saxpy.f
nvfortran -Mcache_align -O2  -I/glade/u/apps/casper/24.12/spack/opt/spack/netcdf/4.9.2/nvhpc/24.11/djgy/include -Mbackslash -Mstandard -Kieee -acc -Minfo=accel  -c	/glade/u/home/ilinck/clubb_release/compile/../src/Lapack/Lapack_single/ssteqr.f
nvfortran -Mcache_align -O2  -I/glade/u/apps/casper/24.12/spack/opt/spack/netcdf/4.9.2/nvhpc/24.11/djgy/include -Mbackslash -Mstandard -Kieee -acc -Minfo=accel  -c	/glade/u/home/ilinck/clubb_release/compile/../src/Lapack/Lapack_single/ssterf.f
nvfortran -Mcache_align -O2  -I/glade/u/apps/casper/24.12/spack/opt/spack/netcdf/4.9.2/nvhpc/24.11/djgy/include -Mbackslash -Mstandard -Kieee -acc -Minfo=accel  -c	/glade/u/home/ilinck/clubb_release/compile/../src/Lapack/Lapack_double/dlarf.f
nvfortran -Mcache_align -O2  -I/glade/u/apps/casper/24.12/spack/opt/spack/netcdf/4.9.2/nvhpc/24.11/djgy/include -Mbackslash -Mstandard -Kieee -acc -Minfo=accel  -c	/glade/u/home/ilinck/clubb_release/compile/../src/Lapack/Lapack_double/dtrmm.f
nvfortran -Mcache_align -O2  -I/glade/u/apps/casper/24.12/spack/opt/spack/netcdf/4.9.2/nvhpc/24.11/djgy/include -Mbackslash -Mstandard -Kieee -acc -Minfo=accel  -c	/glade/u/home/ilinck/clubb_release/compile/../src/Lapack/Lapack_single/sasum.f
nvfortran -Mcache_align -O2  -I/glade/u/apps/casper/24.12/spack/opt/spack/netcdf/4.9.2/nvhpc/24.11/djgy/include -Mbackslash -Mstandard -Kieee -acc -Minfo=accel  -c	/glade/u/home/ilinck/clubb_release/compile/../src/Lapack/Lapack_double/iladlc.f
nvfortran -Mcache_align -O2  -I/glade/u/apps/casper/24.12/spack/opt/spack/netcdf/4.9.2/nvhpc/24.11/djgy/include -Mbackslash -Mstandard -Kieee -acc -Minfo=accel  -c	/glade/u/home/ilinck/clubb_release/compile/../src/Lapack/Lapack_double/dlarft.f
nvfortran -Mcache_align -O2  -I/glade/u/apps/casper/24.12/spack/opt/spack/netcdf/4.9.2/nvhpc/24.11/djgy/include -Mbackslash -Mstandard -Kieee -acc -Minfo=accel  -c	/glade/u/home/ilinck/clubb_release/compile/../src/Lapack/Lapack_double/dlaev2.f
nvfortran -Mcache_align -O2  -I/glade/u/apps/casper/24.12/spack/opt/spack/netcdf/4.9.2/nvhpc/24.11/djgy/include -Mbackslash -Mstandard -Kieee -acc -Minfo=accel  -c	/glade/u/home/ilinck/clubb_release/compile/../src/Lapack/Lapack_single/slarft.f
nvfortran -Mcache_align -O2  -I/glade/u/apps/casper/24.12/spack/opt/spack/netcdf/4.9.2/nvhpc/24.11/djgy/include -Mbackslash -Mstandard -Kieee -acc -Minfo=accel  -c	/glade/u/home/ilinck/clubb_release/compile/../src/Lapack/Lapack_single/sgtsv.f
nvfortran -Mcache_align -O2  -I/glade/u/apps/casper/24.12/spack/opt/spack/netcdf/4.9.2/nvhpc/24.11/djgy/include -Mbackslash -Mstandard -Kieee -acc -Minfo=accel  -c	/glade/u/home/ilinck/clubb_release/compile/../src/Lapack/Lapack_double/dsytd2.f
nvfortran -Mcache_align -O2  -I/glade/u/apps/casper/24.12/spack/opt/spack/netcdf/4.9.2/nvhpc/24.11/djgy/include -Mbackslash -Mstandard -Kieee -acc -Minfo=accel  -c	/glade/u/home/ilinck/clubb_release/compile/../src/Lapack/Lapack_double/dgtcon.f
nvfortran -Mcache_align -O2  -I/glade/u/apps/casper/24.12/spack/opt/spack/netcdf/4.9.2/nvhpc/24.11/djgy/include -Mbackslash -Mstandard -Kieee -acc -Minfo=accel  -c	/glade/u/home/ilinck/clubb_release/compile/../src/Lapack/Lapack_single/sgtcon.f
nvfortran -Mcache_align -O2  -I/glade/u/apps/casper/24.12/spack/opt/spack/netcdf/4.9.2/nvhpc/24.11/djgy/include -Mbackslash -Mstandard -Kieee -acc -Minfo=accel  -c	/glade/u/home/ilinck/clubb_release/compile/../src/Lapack/Lapack_single/ssyr2.f
nvfortran -Mcache_align -O2  -I/glade/u/apps/casper/24.12/spack/opt/spack/netcdf/4.9.2/nvhpc/24.11/djgy/include -Mbackslash -Mstandard -Kieee -acc -Minfo=accel  -c	/glade/u/home/ilinck/clubb_release/compile/../src/Lapack/Lapack_single/strsm.f
nvfortran -Mcache_align -O2  -I/glade/u/apps/casper/24.12/spack/opt/spack/netcdf/4.9.2/nvhpc/24.11/djgy/include -Mbackslash -Mstandard -Kieee -acc -Minfo=accel  -c	/glade/u/home/ilinck/clubb_release/compile/../src/Lapack/Lapack_double/dgtts2.f
nvfortran -Mcache_align -O2  -I/glade/u/apps/casper/24.12/spack/opt/spack/netcdf/4.9.2/nvhpc/24.11/djgy/include -Mbackslash -Mstandard -Kieee -acc -Minfo=accel  -c	/glade/u/home/ilinck/clubb_release/compile/../src/Lapack/Lapack_double/dlangb.f
nvfortran -Mcache_align -O2  -I/glade/u/apps/casper/24.12/spack/opt/spack/netcdf/4.9.2/nvhpc/24.11/djgy/include -Mbackslash -Mstandard -Kieee -acc -Minfo=accel  -c	/glade/u/home/ilinck/clubb_release/compile/../src/Lapack/Lapack_double/dgbrfs.f
nvfortran -Mcache_align -O2  -I/glade/u/apps/casper/24.12/spack/opt/spack/netcdf/4.9.2/nvhpc/24.11/djgy/include -Mbackslash -Mstandard -Kieee -acc -Minfo=accel  -c	/glade/u/home/ilinck/clubb_release/compile/../src/Lapack/Lapack_double/dlacn2.f
nvfortran -Mcache_align -O2  -I/glade/u/apps/casper/24.12/spack/opt/spack/netcdf/4.9.2/nvhpc/24.11/djgy/include -Mbackslash -Mstandard -Kieee -acc -Minfo=accel  -c	/glade/u/home/ilinck/clubb_release/compile/../src/Lapack/Lapack_double/dlaswp.f
nvfortran -Mcache_align -O2  -I/glade/u/apps/casper/24.12/spack/opt/spack/netcdf/4.9.2/nvhpc/24.11/djgy/include -Mbackslash -Mstandard -Kieee -acc -Minfo=accel  -c	/glade/u/home/ilinck/clubb_release/compile/../src/Lapack/Lapack_single/ssyrk.f
nvfortran -Mcache_align -O2  -I/glade/u/apps/casper/24.12/spack/opt/spack/netcdf/4.9.2/nvhpc/24.11/djgy/include -Mbackslash -Mstandard -Kieee -acc -Minfo=accel  -c	/glade/u/home/ilinck/clubb_release/compile/../src/Lapack/Lapack_double/dgbtf2.f
nvfortran -Mcache_align -O2  -I/glade/u/apps/casper/24.12/spack/opt/spack/netcdf/4.9.2/nvhpc/24.11/djgy/include -Mbackslash -Mstandard -Kieee -acc -Minfo=accel  -c	/glade/u/home/ilinck/clubb_release/compile/../src/Lapack/Lapack_double/dgemv.f
nvfortran -Mcache_align -O2  -I/glade/u/apps/casper/24.12/spack/opt/spack/netcdf/4.9.2/nvhpc/24.11/djgy/include -Mbackslash -Mstandard -Kieee -acc -Minfo=accel  -c	/glade/u/home/ilinck/clubb_release/compile/../src/Lapack/Lapack_single/slagtm.f
nvfortran -Mcache_align -O2  -I/glade/u/apps/casper/24.12/spack/opt/spack/netcdf/4.9.2/nvhpc/24.11/djgy/include -Mbackslash -Mstandard -Kieee -acc -Minfo=accel  -c	/glade/u/home/ilinck/clubb_release/compile/../src/Lapack/Lapack_single/sger.f
nvfortran -Mcache_align -O2  -I/glade/u/apps/casper/24.12/spack/opt/spack/netcdf/4.9.2/nvhpc/24.11/djgy/include -Mbackslash -Mstandard -Kieee -acc -Minfo=accel  -c	/glade/u/home/ilinck/clubb_release/compile/../src/Lapack/Lapack_double/dgtsvx.f
nvfortran -Mcache_align -O2  -I/glade/u/apps/casper/24.12/spack/opt/spack/netcdf/4.9.2/nvhpc/24.11/djgy/include -Mbackslash -Mstandard -Kieee -acc -Minfo=accel  -c	/glade/u/home/ilinck/clubb_release/compile/../src/Lapack/Lapack_double/ddot.f
nvfortran -Mcache_align -O2  -I/glade/u/apps/casper/24.12/spack/opt/spack/netcdf/4.9.2/nvhpc/24.11/djgy/include -Mbackslash -Mstandard -Kieee -acc -Minfo=accel  -c	/glade/u/home/ilinck/clubb_release/compile/../src/Lapack/Lapack_double/dlaset.f
nvfortran -Mcache_align -O2  -I/glade/u/apps/casper/24.12/spack/opt/spack/netcdf/4.9.2/nvhpc/24.11/djgy/include -Mbackslash -Mstandard -Kieee -acc -Minfo=accel  -c	/glade/u/home/ilinck/clubb_release/compile/../src/Lapack/Lapack_shared/xerbla.f
nvfortran -Mcache_align -O2  -I/glade/u/apps/casper/24.12/spack/opt/spack/netcdf/4.9.2/nvhpc/24.11/djgy/include -Mbackslash -Mstandard -Kieee -acc -Minfo=accel  -c	/glade/u/home/ilinck/clubb_release/compile/../src/Lapack/Lapack_single/slasr.f
nvfortran -Mcache_align -O2  -I/glade/u/apps/casper/24.12/spack/opt/spack/netcdf/4.9.2/nvhpc/24.11/djgy/include -Mbackslash -Mstandard -Kieee -acc -Minfo=accel  -c	/glade/u/home/ilinck/clubb_release/compile/../src/Lapack/Lapack_single/sgttrf.f
nvfortran -Mcache_align -O2  -I/glade/u/apps/casper/24.12/spack/opt/spack/netcdf/4.9.2/nvhpc/24.11/djgy/include -Mbackslash -Mstandard -Kieee -acc -Minfo=accel  -c	/glade/u/home/ilinck/clubb_release/compile/../src/Lapack/Lapack_double/dgbsvx.f
nvfortran -Mcache_align -O2  -I/glade/u/apps/casper/24.12/spack/opt/spack/netcdf/4.9.2/nvhpc/24.11/djgy/include -Mbackslash -Mstandard -Kieee -acc -Minfo=accel  -c	/glade/u/home/ilinck/clubb_release/compile/../src/Lapack/Lapack_double/dlantb.f
nvfortran -Mcache_align -O2  -I/glade/u/apps/casper/24.12/spack/opt/spack/netcdf/4.9.2/nvhpc/24.11/djgy/include -Mbackslash -Mstandard -Kieee -acc -Minfo=accel  -c	/glade/u/home/ilinck/clubb_release/compile/../src/Lapack/Lapack_double/dlapy2.f
nvfortran -Mcache_align -O2  -I/glade/u/apps/casper/24.12/spack/opt/spack/netcdf/4.9.2/nvhpc/24.11/djgy/include -Mbackslash -Mstandard -Kieee -acc -Minfo=accel  -c	/glade/u/home/ilinck/clubb_release/compile/../src/Lapack/Lapack_single/sgemv.f
nvfortran -Mcache_align -O2  -I/glade/u/apps/casper/24.12/spack/opt/spack/netcdf/4.9.2/nvhpc/24.11/djgy/include -Mbackslash -Mstandard -Kieee -acc -Minfo=accel  -c	/glade/u/home/ilinck/clubb_release/compile/../src/Lapack/Lapack_double/dtrmv.f
nvfortran -Mcache_align -O2  -I/glade/u/apps/casper/24.12/spack/opt/spack/netcdf/4.9.2/nvhpc/24.11/djgy/include -Mbackslash -Mstandard -Kieee -acc -Minfo=accel  -c	/glade/u/home/ilinck/clubb_release/compile/../src/Lapack/Lapack_double/ieeeck.f
nvfortran -Mcache_align -O2  -I/glade/u/apps/casper/24.12/spack/opt/spack/netcdf/4.9.2/nvhpc/24.11/djgy/include -Mbackslash -Mstandard -Kieee -acc -Minfo=accel  -c	/glade/u/home/ilinck/clubb_release/compile/../src/Lapack/Lapack_double/dorgql.f
ar rv /glade/u/home/ilinck/clubb_release/compile/../lib/libclubb_lapack.a dsytrd.o dlangt.o sorg2r.o slasrt.o spotrf.o dtbsv.o slascl.o sdot.o dswap.o lsame.o ssytd2.o sgttrs.o slaqsy.o dgbtrs.o dlansy.o sgbmv.o disnan.o slatbs.o ssyr2k.o scopy.o dsyr2.o dsyr2k.o dlatrd.o dlamch.o dasum.o slaswp.o slarf.o dsymv.o dgtrfs.o slabad.o ssymv.o dger.o sgbtrf.o dorgqr.o sgbcon.o strmm.o dlaqgb.o dlaqsy.o dlassq.o slartg.o sgbtrs.o dgbsv.o slantb.o dlatbs.o dscal.o dlarfg.o dtrsm.o snrm2.o sgbrfs.o dlascl.o slacpy.o dlartg.o sgemm.o slaset.o dorg2l.o ilaslc.o sgtrfs.o idamax.o dgemm.o dlanst.o drscl.o dorg2r.o iladlr.o dsterf.o dgbequ.o slangb.o slamch.o dpotrf2.o sorgqr.o sgbsvx.o slansy.o dlagtm.o dgttrf.o ssytrd.o slae2.o dlabad.o sswap.o sgtts2.o ilaslr.o dgbcon.o isamax.o dlacpy.o slangt.o dorgtr.o ssyev.o dlasr.o slaev2.o sorgtr.o dsyrk.o slarfb.o sgtsvx.o dgtsv.o sorg2l.o slaqgb.o dnrm2.o dlae2.o sisnan.o sscal.o slapy2.o dsyev.o slaisnan.o slacn2.o dpoequ.o strmv.o iparmq.o dlarfb.o sgbtf2.o sorgql.o stbsv.o dsteqr.o dpotrf.o dgttrs.o ilaenv.o sgbsv.o slassq.o dgbmv.o spoequ.o slatrd.o dlasrt.o dgbtrf.o dcopy.o sgbequ.o slarfg.o daxpy.o spotrf2.o srscl.o slanst.o dlaisnan.o saxpy.o ssteqr.o ssterf.o dlarf.o dtrmm.o sasum.o iladlc.o dlarft.o dlaev2.o slarft.o sgtsv.o dsytd2.o dgtcon.o sgtcon.o ssyr2.o strsm.o dgtts2.o dlangb.o dgbrfs.o dlacn2.o dlaswp.o ssyrk.o dgbtf2.o dgemv.o slagtm.o sger.o dgtsvx.o ddot.o dlaset.o xerbla.o slasr.o sgttrf.o dgbsvx.o dlantb.o dlapy2.o sgemv.o dtrmv.o ieeeck.o dorgql.o
ar: creating /glade/u/home/ilinck/clubb_release/compile/../lib/libclubb_lapack.a
a - dsytrd.o
a - dlangt.o
a - sorg2r.o
a - slasrt.o
a - spotrf.o
a - dtbsv.o
a - slascl.o
a - sdot.o
a - dswap.o
a - lsame.o
a - ssytd2.o
a - sgttrs.o
a - slaqsy.o
a - dgbtrs.o
a - dlansy.o
a - sgbmv.o
a - disnan.o
a - slatbs.o
a - ssyr2k.o
a - scopy.o
a - dsyr2.o
a - dsyr2k.o
a - dlatrd.o
a - dlamch.o
a - dasum.o
a - slaswp.o
a - slarf.o
a - dsymv.o
a - dgtrfs.o
a - slabad.o
a - ssymv.o
a - dger.o
a - sgbtrf.o
a - dorgqr.o
a - sgbcon.o
a - strmm.o
a - dlaqgb.o
a - dlaqsy.o
a - dlassq.o
a - slartg.o
a - sgbtrs.o
a - dgbsv.o
a - slantb.o
a - dlatbs.o
a - dscal.o
a - dlarfg.o
a - dtrsm.o
a - snrm2.o
a - sgbrfs.o
a - dlascl.o
a - slacpy.o
a - dlartg.o
a - sgemm.o
a - slaset.o
a - dorg2l.o
a - ilaslc.o
a - sgtrfs.o
a - idamax.o
a - dgemm.o
a - dlanst.o
a - drscl.o
a - dorg2r.o
a - iladlr.o
a - dsterf.o
a - dgbequ.o
a - slangb.o
a - slamch.o
a - dpotrf2.o
a - sorgqr.o
a - sgbsvx.o
a - slansy.o
a - dlagtm.o
a - dgttrf.o
a - ssytrd.o
a - slae2.o
a - dlabad.o
a - sswap.o
a - sgtts2.o
a - ilaslr.o
a - dgbcon.o
a - isamax.o
a - dlacpy.o
a - slangt.o
a - dorgtr.o
a - ssyev.o
a - dlasr.o
a - slaev2.o
a - sorgtr.o
a - dsyrk.o
a - slarfb.o
a - sgtsvx.o
a - dgtsv.o
a - sorg2l.o
a - slaqgb.o
a - dnrm2.o
a - dlae2.o
a - sisnan.o
a - sscal.o
a - slapy2.o
a - dsyev.o
a - slaisnan.o
a - slacn2.o
a - dpoequ.o
a - strmv.o
a - iparmq.o
a - dlarfb.o
a - sgbtf2.o
a - sorgql.o
a - stbsv.o
a - dsteqr.o
a - dpotrf.o
a - dgttrs.o
a - ilaenv.o
a - sgbsv.o
a - slassq.o
a - dgbmv.o
a - spoequ.o
a - slatrd.o
a - dlasrt.o
a - dgbtrf.o
a - dcopy.o
a - sgbequ.o
a - slarfg.o
a - daxpy.o
a - spotrf2.o
a - srscl.o
a - slanst.o
a - dlaisnan.o
a - saxpy.o
a - ssteqr.o
a - ssterf.o
a - dlarf.o
a - dtrmm.o
a - sasum.o
a - iladlc.o
a - dlarft.o
a - dlaev2.o
a - slarft.o
a - sgtsv.o
a - dsytd2.o
a - dgtcon.o
a - sgtcon.o
a - ssyr2.o
a - strsm.o
a - dgtts2.o
a - dlangb.o
a - dgbrfs.o
a - dlacn2.o
a - dlaswp.o
a - ssyrk.o
a - dgbtf2.o
a - dgemv.o
a - slagtm.o
a - sger.o
a - dgtsvx.o
a - ddot.o
a - dlaset.o
a - xerbla.o
a - slasr.o
a - sgttrf.o
a - dgbsvx.o
a - dlantb.o
a - dlapy2.o
a - sgemv.o
a - dtrmv.o
a - ieeeck.o
a - dorgql.o
make[1]: Leaving directory '/glade/u/home/ilinck/clubb_release/obj'
cd /glade/u/home/ilinck/clubb_release/compile/../obj; make -f Make.clubb_bugsrad
cd /glade/u/home/ilinck/clubb_release/compile/../obj; make -f Make.microphys_utils
make[1]: Entering directory '/glade/u/home/ilinck/clubb_release/obj'
nvfortran -DNETCDF -DCLUBB_REAL_TYPE=8 -DCLUBB_GPU -DCUDA -DCOAMPS_MICRO -DNR_SP -DSILHS -Dradoffline -Dnooverlap -DCLUBB -I/glade/u/apps/casper/24.12/spack/opt/spack/netcdf/4.9.2/nvhpc/24.11/djgy/include -Mcache_align -O2  -I/glade/u/apps/casper/24.12/spack/opt/spack/netcdf/4.9.2/nvhpc/24.11/djgy/include -Mbackslash -Mstandard -Kieee -acc -Minfo=accel  -c	/glade/u/home/ilinck/clubb_release/compile/../src/Microphys_utils/microphys_stats_vars_module.F90
make[1]: Entering directory '/glade/u/home/ilinck/clubb_release/obj'
nvfortran -DNETCDF -DCLUBB_REAL_TYPE=8 -DCLUBB_GPU -DCUDA -DCOAMPS_MICRO -DNR_SP -DSILHS -Dradoffline -Dnooverlap -DCLUBB -I/glade/u/apps/casper/24.12/spack/opt/spack/netcdf/4.9.2/nvhpc/24.11/djgy/include -Mcache_align -O2  -I/glade/u/apps/casper/24.12/spack/opt/spack/netcdf/4.9.2/nvhpc/24.11/djgy/include -Mbackslash -Mstandard -Kieee -acc -Minfo=accel  -c	../src/BUGSrad/kinds.F90
nvfortran -DNETCDF -DCLUBB_REAL_TYPE=8 -DCLUBB_GPU -DCUDA -DCOAMPS_MICRO -DNR_SP -DSILHS -Dradoffline -Dnooverlap -DCLUBB -I/glade/u/apps/casper/24.12/spack/opt/spack/netcdf/4.9.2/nvhpc/24.11/djgy/include -Mcache_align -O2  -I/glade/u/apps/casper/24.12/spack/opt/spack/netcdf/4.9.2/nvhpc/24.11/djgy/include -Mbackslash -Mstandard -Kieee -acc -Minfo=accel  -c	../src/variables_radiation_module.F90
ar rv /glade/u/home/ilinck/clubb_release/compile/../lib/libmicrophys_utils.a microphys_stats_vars_module.o
ar: creating /glade/u/home/ilinck/clubb_release/compile/../lib/libmicrophys_utils.a
a - microphys_stats_vars_module.o
make[1]: Leaving directory '/glade/u/home/ilinck/clubb_release/obj'
cd /glade/u/home/ilinck/clubb_release/compile/../obj; make -f Make.clubb_parabolic
make[1]: Entering directory '/glade/u/home/ilinck/clubb_release/obj'
nvfortran -Mcache_align -O2  -I/glade/u/apps/casper/24.12/spack/opt/spack/netcdf/4.9.2/nvhpc/24.11/djgy/include -Mbackslash -Mstandard -Kieee -acc -Minfo=accel  -c	../src/Parabolic_constants.f90
nvfortran -DNETCDF -DCLUBB_REAL_TYPE=8 -DCLUBB_GPU -DCUDA -DCOAMPS_MICRO -DNR_SP -DSILHS -Dradoffline -Dnooverlap -DCLUBB -I/glade/u/apps/casper/24.12/spack/opt/spack/netcdf/4.9.2/nvhpc/24.11/djgy/include -Mcache_align -O2  -I/glade/u/apps/casper/24.12/spack/opt/spack/netcdf/4.9.2/nvhpc/24.11/djgy/include -Mbackslash -Mstandard -Kieee -acc -Minfo=accel  -c	../src/BUGSrad/cloud_correlate.F90
nvfortran -Mcache_align -O2  -I/glade/u/apps/casper/24.12/spack/opt/spack/netcdf/4.9.2/nvhpc/24.11/djgy/include -Mbackslash -Mstandard -Kieee -acc -Minfo=accel  -c	../src/AiryFunction.f90
nvfortran -DNETCDF -DCLUBB_REAL_TYPE=8 -DCLUBB_GPU -DCUDA -DCOAMPS_MICRO -DNR_SP -DSILHS -Dradoffline -Dnooverlap -DCLUBB -I/glade/u/apps/casper/24.12/spack/opt/spack/netcdf/4.9.2/nvhpc/24.11/djgy/include -Mcache_align -O2  -I/glade/u/apps/casper/24.12/spack/opt/spack/netcdf/4.9.2/nvhpc/24.11/djgy/include -Mbackslash -Mstandard -Kieee -acc -Minfo=accel  -c	../src/BUGSrad/two_rt_sw_ocastrndm.F90
nvfortran -Mcache_align -O2  -I/glade/u/apps/casper/24.12/spack/opt/spack/netcdf/4.9.2/nvhpc/24.11/djgy/include -Mbackslash -Mstandard -Kieee -acc -Minfo=accel  -c	../src/Parabolic.f90
nvfortran -DNETCDF -DCLUBB_REAL_TYPE=8 -DCLUBB_GPU -DCUDA -DCOAMPS_MICRO -DNR_SP -DSILHS -Dradoffline -Dnooverlap -DCLUBB -I/glade/u/apps/casper/24.12/spack/opt/spack/netcdf/4.9.2/nvhpc/24.11/djgy/include -Mcache_align -O2  -I/glade/u/apps/casper/24.12/spack/opt/spack/netcdf/4.9.2/nvhpc/24.11/djgy/include -Mbackslash -Mstandard -Kieee -acc -Minfo=accel  -c	../src/BUGSrad/bugsrad_planck.F90
nvfortran -DNETCDF -DCLUBB_REAL_TYPE=8 -DCLUBB_GPU -DCUDA -DCOAMPS_MICRO -DNR_SP -DSILHS -Dradoffline -Dnooverlap -DCLUBB -I/glade/u/apps/casper/24.12/spack/opt/spack/netcdf/4.9.2/nvhpc/24.11/djgy/include -Mcache_align -O2  -I/glade/u/apps/casper/24.12/spack/opt/spack/netcdf/4.9.2/nvhpc/24.11/djgy/include -Mbackslash -Mstandard -Kieee -acc -Minfo=accel  -c	../src/BUGSrad/newexp.F90
nvfortran -DNETCDF -DCLUBB_REAL_TYPE=8 -DCLUBB_GPU -DCUDA -DCOAMPS_MICRO -DNR_SP -DSILHS -Dradoffline -Dnooverlap -DCLUBB -I/glade/u/apps/casper/24.12/spack/opt/spack/netcdf/4.9.2/nvhpc/24.11/djgy/include -Mcache_align -O2  -I/glade/u/apps/casper/24.12/spack/opt/spack/netcdf/4.9.2/nvhpc/24.11/djgy/include -Mbackslash -Mstandard -Kieee -acc -Minfo=accel  -c	../src/BUGSrad/bugsrad_physconst.F90
ar rv /glade/u/home/ilinck/clubb_release/compile/../lib/libclubb_parabolic.a AiryFunction.o Parabolic.o Parabolic_constants.o
ar: creating /glade/u/home/ilinck/clubb_release/compile/../lib/libclubb_parabolic.a
a - AiryFunction.o
a - Parabolic.o
a - Parabolic_constants.o
make[1]: Leaving directory '/glade/u/home/ilinck/clubb_release/obj'
cd /glade/u/home/ilinck/clubb_release/compile/../obj; make -f Make.clubb_coamps
nvfortran -DNETCDF -DCLUBB_REAL_TYPE=8 -DCLUBB_GPU -DCUDA -DCOAMPS_MICRO -DNR_SP -DSILHS -Dradoffline -Dnooverlap -DCLUBB -I/glade/u/apps/casper/24.12/spack/opt/spack/netcdf/4.9.2/nvhpc/24.11/djgy/include -Mcache_align -O2  -I/glade/u/apps/casper/24.12/spack/opt/spack/netcdf/4.9.2/nvhpc/24.11/djgy/include -Mbackslash -Mstandard -Kieee -acc -Minfo=accel  -c	../src/BUGSrad/rayle.F
make[1]: Entering directory '/glade/u/home/ilinck/clubb_release/obj'
nvfortran -DNETCDF -DCLUBB_REAL_TYPE=8 -DCLUBB_GPU -DCUDA -DCOAMPS_MICRO -DNR_SP -DSILHS -Dradoffline -Dnooverlap -DCLUBB -I/glade/u/apps/casper/24.12/spack/opt/spack/netcdf/4.9.2/nvhpc/24.11/djgy/include -Mcache_align -O2  -I/glade/u/apps/casper/24.12/spack/opt/spack/netcdf/4.9.2/nvhpc/24.11/djgy/include -Mbackslash -Mstandard -Kieee -acc -Minfo=accel  -c	/glade/u/home/ilinck/clubb_release/compile/../src/COAMPS_microphys/adjtq.F
nvfortran -DNETCDF -DCLUBB_REAL_TYPE=8 -DCLUBB_GPU -DCUDA -DCOAMPS_MICRO -DNR_SP -DSILHS -Dradoffline -Dnooverlap -DCLUBB -I/glade/u/apps/casper/24.12/spack/opt/spack/netcdf/4.9.2/nvhpc/24.11/djgy/include -Mcache_align -O2  -I/glade/u/apps/casper/24.12/spack/opt/spack/netcdf/4.9.2/nvhpc/24.11/djgy/include -Mbackslash -Mstandard -Kieee -acc -Minfo=accel  -c	../src/BUGSrad/two_rt_sw.F
nvfortran -DNETCDF -DCLUBB_REAL_TYPE=8 -DCLUBB_GPU -DCUDA -DCOAMPS_MICRO -DNR_SP -DSILHS -Dradoffline -Dnooverlap -DCLUBB -I/glade/u/apps/casper/24.12/spack/opt/spack/netcdf/4.9.2/nvhpc/24.11/djgy/include -Mcache_align -O2  -I/glade/u/apps/casper/24.12/spack/opt/spack/netcdf/4.9.2/nvhpc/24.11/djgy/include -Mbackslash -Mstandard -Kieee -acc -Minfo=accel  -c	../src/BUGSrad/two_rt_lw_ocastrndm.F90
nvfortran -DNETCDF -DCLUBB_REAL_TYPE=8 -DCLUBB_GPU -DCUDA -DCOAMPS_MICRO -DNR_SP -DSILHS -Dradoffline -Dnooverlap -DCLUBB -I/glade/u/apps/casper/24.12/spack/opt/spack/netcdf/4.9.2/nvhpc/24.11/djgy/include -Mcache_align -O2  -I/glade/u/apps/casper/24.12/spack/opt/spack/netcdf/4.9.2/nvhpc/24.11/djgy/include -Mbackslash -Mstandard -Kieee -acc -Minfo=accel  -c	../src/BUGSrad/two_rt_sw_bs.F
nvfortran -DNETCDF -DCLUBB_REAL_TYPE=8 -DCLUBB_GPU -DCUDA -DCOAMPS_MICRO -DNR_SP -DSILHS -Dradoffline -Dnooverlap -DCLUBB -I/glade/u/apps/casper/24.12/spack/opt/spack/netcdf/4.9.2/nvhpc/24.11/djgy/include -Mcache_align -O2  -I/glade/u/apps/casper/24.12/spack/opt/spack/netcdf/4.9.2/nvhpc/24.11/djgy/include -Mbackslash -Mstandard -Kieee -acc -Minfo=accel  -c	/glade/u/home/ilinck/clubb_release/compile/../src/COAMPS_microphys/eqa22g.F
nvfortran -DNETCDF -DCLUBB_REAL_TYPE=8 -DCLUBB_GPU -DCUDA -DCOAMPS_MICRO -DNR_SP -DSILHS -Dradoffline -Dnooverlap -DCLUBB -I/glade/u/apps/casper/24.12/spack/opt/spack/netcdf/4.9.2/nvhpc/24.11/djgy/include -Mcache_align -O2  -I/glade/u/apps/casper/24.12/spack/opt/spack/netcdf/4.9.2/nvhpc/24.11/djgy/include -Mbackslash -Mstandard -Kieee -acc -Minfo=accel  -c	/glade/u/home/ilinck/clubb_release/compile/../src/COAMPS_microphys/eqa22.F
nvfortran -DNETCDF -DCLUBB_REAL_TYPE=8 -DCLUBB_GPU -DCUDA -DCOAMPS_MICRO -DNR_SP -DSILHS -Dradoffline -Dnooverlap -DCLUBB -I/glade/u/apps/casper/24.12/spack/opt/spack/netcdf/4.9.2/nvhpc/24.11/djgy/include -Mcache_align -O2  -I/glade/u/apps/casper/24.12/spack/opt/spack/netcdf/4.9.2/nvhpc/24.11/djgy/include -Mbackslash -Mstandard -Kieee -acc -Minfo=accel  -c	/glade/u/home/ilinck/clubb_release/compile/../src/COAMPS_microphys/eqa18g.F
nvfortran -DNETCDF -DCLUBB_REAL_TYPE=8 -DCLUBB_GPU -DCUDA -DCOAMPS_MICRO -DNR_SP -DSILHS -Dradoffline -Dnooverlap -DCLUBB -I/glade/u/apps/casper/24.12/spack/opt/spack/netcdf/4.9.2/nvhpc/24.11/djgy/include -Mcache_align -O2  -I/glade/u/apps/casper/24.12/spack/opt/spack/netcdf/4.9.2/nvhpc/24.11/djgy/include -Mbackslash -Mstandard -Kieee -acc -Minfo=accel  -c	../src/BUGSrad/two_rt_sw_iter.F
nvfortran -DNETCDF -DCLUBB_REAL_TYPE=8 -DCLUBB_GPU -DCUDA -DCOAMPS_MICRO -DNR_SP -DSILHS -Dradoffline -Dnooverlap -DCLUBB -I/glade/u/apps/casper/24.12/spack/opt/spack/netcdf/4.9.2/nvhpc/24.11/djgy/include -Mcache_align -O2  -I/glade/u/apps/casper/24.12/spack/opt/spack/netcdf/4.9.2/nvhpc/24.11/djgy/include -Mbackslash -Mstandard -Kieee -acc -Minfo=accel  -c	/glade/u/home/ilinck/clubb_release/compile/../src/COAMPS_microphys/eqa9g.F
nvfortran -DNETCDF -DCLUBB_REAL_TYPE=8 -DCLUBB_GPU -DCUDA -DCOAMPS_MICRO -DNR_SP -DSILHS -Dradoffline -Dnooverlap -DCLUBB -I/glade/u/apps/casper/24.12/spack/opt/spack/netcdf/4.9.2/nvhpc/24.11/djgy/include -Mcache_align -O2  -I/glade/u/apps/casper/24.12/spack/opt/spack/netcdf/4.9.2/nvhpc/24.11/djgy/include -Mbackslash -Mstandard -Kieee -acc -Minfo=accel  -c	/glade/u/home/ilinck/clubb_release/compile/../src/COAMPS_microphys/tgqs.F
nvfortran -DNETCDF -DCLUBB_REAL_TYPE=8 -DCLUBB_GPU -DCUDA -DCOAMPS_MICRO -DNR_SP -DSILHS -Dradoffline -Dnooverlap -DCLUBB -I/glade/u/apps/casper/24.12/spack/opt/spack/netcdf/4.9.2/nvhpc/24.11/djgy/include -Mcache_align -O2  -I/glade/u/apps/casper/24.12/spack/opt/spack/netcdf/4.9.2/nvhpc/24.11/djgy/include -Mbackslash -Mstandard -Kieee -acc -Minfo=accel  -c	../src/BUGSrad/comscp1.F
nvfortran -DNETCDF -DCLUBB_REAL_TYPE=8 -DCLUBB_GPU -DCUDA -DCOAMPS_MICRO -DNR_SP -DSILHS -Dradoffline -Dnooverlap -DCLUBB -I/glade/u/apps/casper/24.12/spack/opt/spack/netcdf/4.9.2/nvhpc/24.11/djgy/include -Mcache_align -O2  -I/glade/u/apps/casper/24.12/spack/opt/spack/netcdf/4.9.2/nvhpc/24.11/djgy/include -Mbackslash -Mstandard -Kieee -acc -Minfo=accel  -c	/glade/u/home/ilinck/clubb_release/compile/../src/COAMPS_microphys/gamma.F
nvfortran -DNETCDF -DCLUBB_REAL_TYPE=8 -DCLUBB_GPU -DCUDA -DCOAMPS_MICRO -DNR_SP -DSILHS -Dradoffline -Dnooverlap -DCLUBB -I/glade/u/apps/casper/24.12/spack/opt/spack/netcdf/4.9.2/nvhpc/24.11/djgy/include -Mcache_align -O2  -I/glade/u/apps/casper/24.12/spack/opt/spack/netcdf/4.9.2/nvhpc/24.11/djgy/include -Mbackslash -Mstandard -Kieee -acc -Minfo=accel  -c	../src/BUGSrad/gascon.F
nvfortran -DNETCDF -DCLUBB_REAL_TYPE=8 -DCLUBB_GPU -DCUDA -DCOAMPS_MICRO -DNR_SP -DSILHS -Dradoffline -Dnooverlap -DCLUBB -I/glade/u/apps/casper/24.12/spack/opt/spack/netcdf/4.9.2/nvhpc/24.11/djgy/include -Mcache_align -O2  -I/glade/u/apps/casper/24.12/spack/opt/spack/netcdf/4.9.2/nvhpc/24.11/djgy/include -Mbackslash -Mstandard -Kieee -acc -Minfo=accel  -c	/glade/u/home/ilinck/clubb_release/compile/../src/COAMPS_microphys/eqa12.F
nvfortran -DNETCDF -DCLUBB_REAL_TYPE=8 -DCLUBB_GPU -DCUDA -DCOAMPS_MICRO -DNR_SP -DSILHS -Dradoffline -Dnooverlap -DCLUBB -I/glade/u/apps/casper/24.12/spack/opt/spack/netcdf/4.9.2/nvhpc/24.11/djgy/include -Mcache_align -O2  -I/glade/u/apps/casper/24.12/spack/opt/spack/netcdf/4.9.2/nvhpc/24.11/djgy/include -Mbackslash -Mstandard -Kieee -acc -Minfo=accel  -c	../src/BUGSrad/two_rt_lw.F
nvfortran -DNETCDF -DCLUBB_REAL_TYPE=8 -DCLUBB_GPU -DCUDA -DCOAMPS_MICRO -DNR_SP -DSILHS -Dradoffline -Dnooverlap -DCLUBB -I/glade/u/apps/casper/24.12/spack/opt/spack/netcdf/4.9.2/nvhpc/24.11/djgy/include -Mcache_align -O2  -I/glade/u/apps/casper/24.12/spack/opt/spack/netcdf/4.9.2/nvhpc/24.11/djgy/include -Mbackslash -Mstandard -Kieee -acc -Minfo=accel  -c	/glade/u/home/ilinck/clubb_release/compile/../src/COAMPS_microphys/eqa21.F
nvfortran -DNETCDF -DCLUBB_REAL_TYPE=8 -DCLUBB_GPU -DCUDA -DCOAMPS_MICRO -DNR_SP -DSILHS -Dradoffline -Dnooverlap -DCLUBB -I/glade/u/apps/casper/24.12/spack/opt/spack/netcdf/4.9.2/nvhpc/24.11/djgy/include -Mcache_align -O2  -I/glade/u/apps/casper/24.12/spack/opt/spack/netcdf/4.9.2/nvhpc/24.11/djgy/include -Mbackslash -Mstandard -Kieee -acc -Minfo=accel  -c	/glade/u/home/ilinck/clubb_release/compile/../src/COAMPS_microphys/adjmlt.F
nvfortran -DNETCDF -DCLUBB_REAL_TYPE=8 -DCLUBB_GPU -DCUDA -DCOAMPS_MICRO -DNR_SP -DSILHS -Dradoffline -Dnooverlap -DCLUBB -I/glade/u/apps/casper/24.12/spack/opt/spack/netcdf/4.9.2/nvhpc/24.11/djgy/include -Mcache_align -O2  -I/glade/u/apps/casper/24.12/spack/opt/spack/netcdf/4.9.2/nvhpc/24.11/djgy/include -Mbackslash -Mstandard -Kieee -acc -Minfo=accel  -c	../src/BUGSrad/cloudg.F
nvfortran -DNETCDF -DCLUBB_REAL_TYPE=8 -DCLUBB_GPU -DCUDA -DCOAMPS_MICRO -DNR_SP -DSILHS -Dradoffline -Dnooverlap -DCLUBB -I/glade/u/apps/casper/24.12/spack/opt/spack/netcdf/4.9.2/nvhpc/24.11/djgy/include -Mcache_align -O2  -I/glade/u/apps/casper/24.12/spack/opt/spack/netcdf/4.9.2/nvhpc/24.11/djgy/include -Mbackslash -Mstandard -Kieee -acc -Minfo=accel  -c	../src/BUGSrad/comscp2.F
nvfortran -DNETCDF -DCLUBB_REAL_TYPE=8 -DCLUBB_GPU -DCUDA -DCOAMPS_MICRO -DNR_SP -DSILHS -Dradoffline -Dnooverlap -DCLUBB -I/glade/u/apps/casper/24.12/spack/opt/spack/netcdf/4.9.2/nvhpc/24.11/djgy/include -Mcache_align -O2  -I/glade/u/apps/casper/24.12/spack/opt/spack/netcdf/4.9.2/nvhpc/24.11/djgy/include -Mbackslash -Mstandard -Kieee -acc -Minfo=accel  -c	/glade/u/home/ilinck/clubb_release/compile/../src/COAMPS_microphys/qtadj.F
nvfortran -DNETCDF -DCLUBB_REAL_TYPE=8 -DCLUBB_GPU -DCUDA -DCOAMPS_MICRO -DNR_SP -DSILHS -Dradoffline -Dnooverlap -DCLUBB -I/glade/u/apps/casper/24.12/spack/opt/spack/netcdf/4.9.2/nvhpc/24.11/djgy/include -Mcache_align -O2  -I/glade/u/apps/casper/24.12/spack/opt/spack/netcdf/4.9.2/nvhpc/24.11/djgy/include -Mbackslash -Mstandard -Kieee -acc -Minfo=accel  -c	../src/BUGSrad/bugs_rad.F
nvfortran -DNETCDF -DCLUBB_REAL_TYPE=8 -DCLUBB_GPU -DCUDA -DCOAMPS_MICRO -DNR_SP -DSILHS -Dradoffline -Dnooverlap -DCLUBB -I/glade/u/apps/casper/24.12/spack/opt/spack/netcdf/4.9.2/nvhpc/24.11/djgy/include -Mcache_align -O2  -I/glade/u/apps/casper/24.12/spack/opt/spack/netcdf/4.9.2/nvhpc/24.11/djgy/include -Mbackslash -Mstandard -Kieee -acc -Minfo=accel  -c	/glade/u/home/ilinck/clubb_release/compile/../src/COAMPS_microphys/eqa15.F
nvfortran -DNETCDF -DCLUBB_REAL_TYPE=8 -DCLUBB_GPU -DCUDA -DCOAMPS_MICRO -DNR_SP -DSILHS -Dradoffline -Dnooverlap -DCLUBB -I/glade/u/apps/casper/24.12/spack/opt/spack/netcdf/4.9.2/nvhpc/24.11/djgy/include -Mcache_align -O2  -I/glade/u/apps/casper/24.12/spack/opt/spack/netcdf/4.9.2/nvhpc/24.11/djgy/include -Mbackslash -Mstandard -Kieee -acc -Minfo=accel  -c	/glade/u/home/ilinck/clubb_release/compile/../src/COAMPS_microphys/eqa12g.F
nvfortran -DNETCDF -DCLUBB_REAL_TYPE=8 -DCLUBB_GPU -DCUDA -DCOAMPS_MICRO -DNR_SP -DSILHS -Dradoffline -Dnooverlap -DCLUBB -I/glade/u/apps/casper/24.12/spack/opt/spack/netcdf/4.9.2/nvhpc/24.11/djgy/include -Mcache_align -O2  -I/glade/u/apps/casper/24.12/spack/opt/spack/netcdf/4.9.2/nvhpc/24.11/djgy/include -Mbackslash -Mstandard -Kieee -acc -Minfo=accel  -c	/glade/u/home/ilinck/clubb_release/compile/../src/COAMPS_microphys/esat_new.F
nvfortran -DNETCDF -DCLUBB_REAL_TYPE=8 -DCLUBB_GPU -DCUDA -DCOAMPS_MICRO -DNR_SP -DSILHS -Dradoffline -Dnooverlap -DCLUBB -I/glade/u/apps/casper/24.12/spack/opt/spack/netcdf/4.9.2/nvhpc/24.11/djgy/include -Mcache_align -O2  -I/glade/u/apps/casper/24.12/spack/opt/spack/netcdf/4.9.2/nvhpc/24.11/djgy/include -Mbackslash -Mstandard -Kieee -acc -Minfo=accel  -c	/glade/u/home/ilinck/clubb_release/compile/../src/COAMPS_microphys/eqa8g.F
nvfortran -DNETCDF -DCLUBB_REAL_TYPE=8 -DCLUBB_GPU -DCUDA -DCOAMPS_MICRO -DNR_SP -DSILHS -Dradoffline -Dnooverlap -DCLUBB -I/glade/u/apps/casper/24.12/spack/opt/spack/netcdf/4.9.2/nvhpc/24.11/djgy/include -Mcache_align -O2  -I/glade/u/apps/casper/24.12/spack/opt/spack/netcdf/4.9.2/nvhpc/24.11/djgy/include -Mbackslash -Mstandard -Kieee -acc -Minfo=accel  -c	../src/BUGSrad/two_rt_lw_iter.F
nvfortran -DNETCDF -DCLUBB_REAL_TYPE=8 -DCLUBB_GPU -DCUDA -DCOAMPS_MICRO -DNR_SP -DSILHS -Dradoffline -Dnooverlap -DCLUBB -I/glade/u/apps/casper/24.12/spack/opt/spack/netcdf/4.9.2/nvhpc/24.11/djgy/include -Mcache_align -O2  -I/glade/u/apps/casper/24.12/spack/opt/spack/netcdf/4.9.2/nvhpc/24.11/djgy/include -Mbackslash -Mstandard -Kieee -acc -Minfo=accel  -c	/glade/u/home/ilinck/clubb_release/compile/../src/COAMPS_microphys/eqa20g.F
nvfortran -DNETCDF -DCLUBB_REAL_TYPE=8 -DCLUBB_GPU -DCUDA -DCOAMPS_MICRO -DNR_SP -DSILHS -Dradoffline -Dnooverlap -DCLUBB -I/glade/u/apps/casper/24.12/spack/opt/spack/netcdf/4.9.2/nvhpc/24.11/djgy/include -Mcache_align -O2  -I/glade/u/apps/casper/24.12/spack/opt/spack/netcdf/4.9.2/nvhpc/24.11/djgy/include -Mbackslash -Mstandard -Kieee -acc -Minfo=accel  -c	/glade/u/home/ilinck/clubb_release/compile/../src/COAMPS_microphys/eqa7g.F
nvfortran -DNETCDF -DCLUBB_REAL_TYPE=8 -DCLUBB_GPU -DCUDA -DCOAMPS_MICRO -DNR_SP -DSILHS -Dradoffline -Dnooverlap -DCLUBB -I/glade/u/apps/casper/24.12/spack/opt/spack/netcdf/4.9.2/nvhpc/24.11/djgy/include -Mcache_align -O2  -I/glade/u/apps/casper/24.12/spack/opt/spack/netcdf/4.9.2/nvhpc/24.11/djgy/include -Mbackslash -Mstandard -Kieee -acc -Minfo=accel  -c	../src/BUGSrad/two_rt_lw_sel.F
nvfortran -DNETCDF -DCLUBB_REAL_TYPE=8 -DCLUBB_GPU -DCUDA -DCOAMPS_MICRO -DNR_SP -DSILHS -Dradoffline -Dnooverlap -DCLUBB -I/glade/u/apps/casper/24.12/spack/opt/spack/netcdf/4.9.2/nvhpc/24.11/djgy/include -Mcache_align -O2  -I/glade/u/apps/casper/24.12/spack/opt/spack/netcdf/4.9.2/nvhpc/24.11/djgy/include -Mbackslash -Mstandard -Kieee -acc -Minfo=accel  -c	/glade/u/home/ilinck/clubb_release/compile/../src/COAMPS_microphys/qsatvi.F
nvfortran -DNETCDF -DCLUBB_REAL_TYPE=8 -DCLUBB_GPU -DCUDA -DCOAMPS_MICRO -DNR_SP -DSILHS -Dradoffline -Dnooverlap -DCLUBB -I/glade/u/apps/casper/24.12/spack/opt/spack/netcdf/4.9.2/nvhpc/24.11/djgy/include -Mcache_align -O2  -I/glade/u/apps/casper/24.12/spack/opt/spack/netcdf/4.9.2/nvhpc/24.11/djgy/include -Mbackslash -Mstandard -Kieee -acc -Minfo=accel  -c -I../src/BUGSrad	../src/BUGSrad/gases_ckd.F90
nvfortran -DNETCDF -DCLUBB_REAL_TYPE=8 -DCLUBB_GPU -DCUDA -DCOAMPS_MICRO -DNR_SP -DSILHS -Dradoffline -Dnooverlap -DCLUBB -I/glade/u/apps/casper/24.12/spack/opt/spack/netcdf/4.9.2/nvhpc/24.11/djgy/include -Mcache_align -O2  -I/glade/u/apps/casper/24.12/spack/opt/spack/netcdf/4.9.2/nvhpc/24.11/djgy/include -Mbackslash -Mstandard -Kieee -acc -Minfo=accel  -c	/glade/u/home/ilinck/clubb_release/compile/../src/COAMPS_microphys/eqa13g.F
nvfortran -DNETCDF -DCLUBB_REAL_TYPE=8 -DCLUBB_GPU -DCUDA -DCOAMPS_MICRO -DNR_SP -DSILHS -Dradoffline -Dnooverlap -DCLUBB -I/glade/u/apps/casper/24.12/spack/opt/spack/netcdf/4.9.2/nvhpc/24.11/djgy/include -Mcache_align -O2  -I/glade/u/apps/casper/24.12/spack/opt/spack/netcdf/4.9.2/nvhpc/24.11/djgy/include -Mbackslash -Mstandard -Kieee -acc -Minfo=accel  -c	/glade/u/home/ilinck/clubb_release/compile/../src/COAMPS_microphys/eqa19.F
nvfortran -DNETCDF -DCLUBB_REAL_TYPE=8 -DCLUBB_GPU -DCUDA -DCOAMPS_MICRO -DNR_SP -DSILHS -Dradoffline -Dnooverlap -DCLUBB -I/glade/u/apps/casper/24.12/spack/opt/spack/netcdf/4.9.2/nvhpc/24.11/djgy/include -Mcache_align -O2  -I/glade/u/apps/casper/24.12/spack/opt/spack/netcdf/4.9.2/nvhpc/24.11/djgy/include -Mbackslash -Mstandard -Kieee -acc -Minfo=accel  -c	/glade/u/home/ilinck/clubb_release/compile/../src/COAMPS_microphys/eqa6.F
nvfortran -DNETCDF -DCLUBB_REAL_TYPE=8 -DCLUBB_GPU -DCUDA -DCOAMPS_MICRO -DNR_SP -DSILHS -Dradoffline -Dnooverlap -DCLUBB -I/glade/u/apps/casper/24.12/spack/opt/spack/netcdf/4.9.2/nvhpc/24.11/djgy/include -Mcache_align -O2  -I/glade/u/apps/casper/24.12/spack/opt/spack/netcdf/4.9.2/nvhpc/24.11/djgy/include -Mbackslash -Mstandard -Kieee -acc -Minfo=accel  -c	/glade/u/home/ilinck/clubb_release/compile/../src/COAMPS_microphys/tgqg.F
nvfortran -DNETCDF -DCLUBB_REAL_TYPE=8 -DCLUBB_GPU -DCUDA -DCOAMPS_MICRO -DNR_SP -DSILHS -Dradoffline -Dnooverlap -DCLUBB -I/glade/u/apps/casper/24.12/spack/opt/spack/netcdf/4.9.2/nvhpc/24.11/djgy/include -Mcache_align -O2  -I/glade/u/apps/casper/24.12/spack/opt/spack/netcdf/4.9.2/nvhpc/24.11/djgy/include -Mbackslash -Mstandard -Kieee -acc -Minfo=accel  -c	/glade/u/home/ilinck/clubb_release/compile/../src/COAMPS_microphys/eqa25.F
nvfortran -DNETCDF -DCLUBB_REAL_TYPE=8 -DCLUBB_GPU -DCUDA -DCOAMPS_MICRO -DNR_SP -DSILHS -Dradoffline -Dnooverlap -DCLUBB -I/glade/u/apps/casper/24.12/spack/opt/spack/netcdf/4.9.2/nvhpc/24.11/djgy/include -Mcache_align -O2  -I/glade/u/apps/casper/24.12/spack/opt/spack/netcdf/4.9.2/nvhpc/24.11/djgy/include -Mbackslash -Mstandard -Kieee -acc -Minfo=accel  -c	/glade/u/home/ilinck/clubb_release/compile/../src/COAMPS_microphys/eqa19g.F
nvfortran -DNETCDF -DCLUBB_REAL_TYPE=8 -DCLUBB_GPU -DCUDA -DCOAMPS_MICRO -DNR_SP -DSILHS -Dradoffline -Dnooverlap -DCLUBB -I/glade/u/apps/casper/24.12/spack/opt/spack/netcdf/4.9.2/nvhpc/24.11/djgy/include -Mcache_align -O2  -I/glade/u/apps/casper/24.12/spack/opt/spack/netcdf/4.9.2/nvhpc/24.11/djgy/include -Mbackslash -Mstandard -Kieee -acc -Minfo=accel  -c	/glade/u/home/ilinck/clubb_release/compile/../src/COAMPS_microphys/tgqi.F
nvfortran -DNETCDF -DCLUBB_REAL_TYPE=8 -DCLUBB_GPU -DCUDA -DCOAMPS_MICRO -DNR_SP -DSILHS -Dradoffline -Dnooverlap -DCLUBB -I/glade/u/apps/casper/24.12/spack/opt/spack/netcdf/4.9.2/nvhpc/24.11/djgy/include -Mcache_align -O2  -I/glade/u/apps/casper/24.12/spack/opt/spack/netcdf/4.9.2/nvhpc/24.11/djgy/include -Mbackslash -Mstandard -Kieee -acc -Minfo=accel  -c	/glade/u/home/ilinck/clubb_release/compile/../src/COAMPS_microphys/eqa5g.F
nvfortran -DNETCDF -DCLUBB_REAL_TYPE=8 -DCLUBB_GPU -DCUDA -DCOAMPS_MICRO -DNR_SP -DSILHS -Dradoffline -Dnooverlap -DCLUBB -I/glade/u/apps/casper/24.12/spack/opt/spack/netcdf/4.9.2/nvhpc/24.11/djgy/include -Mcache_align -O2  -I/glade/u/apps/casper/24.12/spack/opt/spack/netcdf/4.9.2/nvhpc/24.11/djgy/include -Mbackslash -Mstandard -Kieee -acc -Minfo=accel  -c	../src/BUGSrad/bugs_lwr.F
nvfortran -DNETCDF -DCLUBB_REAL_TYPE=8 -DCLUBB_GPU -DCUDA -DCOAMPS_MICRO -DNR_SP -DSILHS -Dradoffline -Dnooverlap -DCLUBB -I/glade/u/apps/casper/24.12/spack/opt/spack/netcdf/4.9.2/nvhpc/24.11/djgy/include -Mcache_align -O2  -I/glade/u/apps/casper/24.12/spack/opt/spack/netcdf/4.9.2/nvhpc/24.11/djgy/include -Mbackslash -Mstandard -Kieee -acc -Minfo=accel  -c	/glade/u/home/ilinck/clubb_release/compile/../src/COAMPS_microphys/nrmtqi.F
nvfortran -DNETCDF -DCLUBB_REAL_TYPE=8 -DCLUBB_GPU -DCUDA -DCOAMPS_MICRO -DNR_SP -DSILHS -Dradoffline -Dnooverlap -DCLUBB -I/glade/u/apps/casper/24.12/spack/opt/spack/netcdf/4.9.2/nvhpc/24.11/djgy/include -Mcache_align -O2  -I/glade/u/apps/casper/24.12/spack/opt/spack/netcdf/4.9.2/nvhpc/24.11/djgy/include -Mbackslash -Mstandard -Kieee -acc -Minfo=accel  -c	/glade/u/home/ilinck/clubb_release/compile/../src/COAMPS_microphys/eqa26.F
nvfortran -DNETCDF -DCLUBB_REAL_TYPE=8 -DCLUBB_GPU -DCUDA -DCOAMPS_MICRO -DNR_SP -DSILHS -Dradoffline -Dnooverlap -DCLUBB -I/glade/u/apps/casper/24.12/spack/opt/spack/netcdf/4.9.2/nvhpc/24.11/djgy/include -Mcache_align -O2  -I/glade/u/apps/casper/24.12/spack/opt/spack/netcdf/4.9.2/nvhpc/24.11/djgy/include -Mbackslash -Mstandard -Kieee -acc -Minfo=accel  -c	/glade/u/home/ilinck/clubb_release/compile/../src/COAMPS_microphys/eqa27.F
nvfortran -DNETCDF -DCLUBB_REAL_TYPE=8 -DCLUBB_GPU -DCUDA -DCOAMPS_MICRO -DNR_SP -DSILHS -Dradoffline -Dnooverlap -DCLUBB -I/glade/u/apps/casper/24.12/spack/opt/spack/netcdf/4.9.2/nvhpc/24.11/djgy/include -Mcache_align -O2  -I/glade/u/apps/casper/24.12/spack/opt/spack/netcdf/4.9.2/nvhpc/24.11/djgy/include -Mbackslash -Mstandard -Kieee -acc -Minfo=accel  -c	/glade/u/home/ilinck/clubb_release/compile/../src/COAMPS_microphys/esatv.F
nvfortran -DNETCDF -DCLUBB_REAL_TYPE=8 -DCLUBB_GPU -DCUDA -DCOAMPS_MICRO -DNR_SP -DSILHS -Dradoffline -Dnooverlap -DCLUBB -I/glade/u/apps/casper/24.12/spack/opt/spack/netcdf/4.9.2/nvhpc/24.11/djgy/include -Mcache_align -O2  -I/glade/u/apps/casper/24.12/spack/opt/spack/netcdf/4.9.2/nvhpc/24.11/djgy/include -Mbackslash -Mstandard -Kieee -acc -Minfo=accel  -c	/glade/u/home/ilinck/clubb_release/compile/../src/COAMPS_microphys/eqa17g.F
nvfortran -DNETCDF -DCLUBB_REAL_TYPE=8 -DCLUBB_GPU -DCUDA -DCOAMPS_MICRO -DNR_SP -DSILHS -Dradoffline -Dnooverlap -DCLUBB -I/glade/u/apps/casper/24.12/spack/opt/spack/netcdf/4.9.2/nvhpc/24.11/djgy/include -Mcache_align -O2  -I/glade/u/apps/casper/24.12/spack/opt/spack/netcdf/4.9.2/nvhpc/24.11/djgy/include -Mbackslash -Mstandard -Kieee -acc -Minfo=accel  -c	../src/BUGSrad/bugs_swr.F
nvfortran -DNETCDF -DCLUBB_REAL_TYPE=8 -DCLUBB_GPU -DCUDA -DCOAMPS_MICRO -DNR_SP -DSILHS -Dradoffline -Dnooverlap -DCLUBB -I/glade/u/apps/casper/24.12/spack/opt/spack/netcdf/4.9.2/nvhpc/24.11/djgy/include -Mcache_align -O2  -I/glade/u/apps/casper/24.12/spack/opt/spack/netcdf/4.9.2/nvhpc/24.11/djgy/include -Mbackslash -Mstandard -Kieee -acc -Minfo=accel  -c	/glade/u/home/ilinck/clubb_release/compile/../src/COAMPS_microphys/conice.F
nvfortran -DNETCDF -DCLUBB_REAL_TYPE=8 -DCLUBB_GPU -DCUDA -DCOAMPS_MICRO -DNR_SP -DSILHS -Dradoffline -Dnooverlap -DCLUBB -I/glade/u/apps/casper/24.12/spack/opt/spack/netcdf/4.9.2/nvhpc/24.11/djgy/include -Mcache_align -O2  -I/glade/u/apps/casper/24.12/spack/opt/spack/netcdf/4.9.2/nvhpc/24.11/djgy/include -Mbackslash -Mstandard -Kieee -acc -Minfo=accel  -c	/glade/u/home/ilinck/clubb_release/compile/../src/COAMPS_microphys/slope.F
nvfortran -DNETCDF -DCLUBB_REAL_TYPE=8 -DCLUBB_GPU -DCUDA -DCOAMPS_MICRO -DNR_SP -DSILHS -Dradoffline -Dnooverlap -DCLUBB -I/glade/u/apps/casper/24.12/spack/opt/spack/netcdf/4.9.2/nvhpc/24.11/djgy/include -Mcache_align -O2  -I/glade/u/apps/casper/24.12/spack/opt/spack/netcdf/4.9.2/nvhpc/24.11/djgy/include -Mbackslash -Mstandard -Kieee -acc -Minfo=accel  -c	/glade/u/home/ilinck/clubb_release/compile/../src/COAMPS_microphys/nrmcol.F
nvfortran -DNETCDF -DCLUBB_REAL_TYPE=8 -DCLUBB_GPU -DCUDA -DCOAMPS_MICRO -DNR_SP -DSILHS -Dradoffline -Dnooverlap -DCLUBB -I/glade/u/apps/casper/24.12/spack/opt/spack/netcdf/4.9.2/nvhpc/24.11/djgy/include -Mcache_align -O2  -I/glade/u/apps/casper/24.12/spack/opt/spack/netcdf/4.9.2/nvhpc/24.11/djgy/include -Mbackslash -Mstandard -Kieee -acc -Minfo=accel  -c	/glade/u/home/ilinck/clubb_release/compile/../src/COAMPS_microphys/eqa14g.F
nvfortran -DNETCDF -DCLUBB_REAL_TYPE=8 -DCLUBB_GPU -DCUDA -DCOAMPS_MICRO -DNR_SP -DSILHS -Dradoffline -Dnooverlap -DCLUBB -I/glade/u/apps/casper/24.12/spack/opt/spack/netcdf/4.9.2/nvhpc/24.11/djgy/include -Mcache_align -O2  -I/glade/u/apps/casper/24.12/spack/opt/spack/netcdf/4.9.2/nvhpc/24.11/djgy/include -Mbackslash -Mstandard -Kieee -acc -Minfo=accel  -c	/glade/u/home/ilinck/clubb_release/compile/../src/COAMPS_microphys/frzh.F
nvfortran -DNETCDF -DCLUBB_REAL_TYPE=8 -DCLUBB_GPU -DCUDA -DCOAMPS_MICRO -DNR_SP -DSILHS -Dradoffline -Dnooverlap -DCLUBB -I/glade/u/apps/casper/24.12/spack/opt/spack/netcdf/4.9.2/nvhpc/24.11/djgy/include -Mcache_align -O2  -I/glade/u/apps/casper/24.12/spack/opt/spack/netcdf/4.9.2/nvhpc/24.11/djgy/include -Mbackslash -Mstandard -Kieee -acc -Minfo=accel  -c	/glade/u/home/ilinck/clubb_release/compile/../src/COAMPS_microphys/eqa21g.F
ar rv /glade/u/home/ilinck/clubb_release/compile/../lib/libclubb_bugsrad.a comscp2.o bugs_rad.o two_rt_sw_ocastrndm.o bugsrad_planck.o two_rt_lw_iter.o two_rt_lw_sel.o gases_ckd.o rayle.o two_rt_sw.o newexp.o two_rt_lw_ocastrndm.o cloud_correlate.o two_rt_sw_bs.o bugs_lwr.o kinds.o two_rt_sw_iter.o comscp1.o bugsrad_physconst.o gascon.o two_rt_lw.o bugs_swr.o cloudg.o variables_radiation_module.o
ar: creating /glade/u/home/ilinck/clubb_release/compile/../lib/libclubb_bugsrad.a
a - comscp2.o
a - bugs_rad.o
a - two_rt_sw_ocastrndm.o
a - bugsrad_planck.o
a - two_rt_lw_iter.o
a - two_rt_lw_sel.o
a - gases_ckd.o
a - rayle.o
a - two_rt_sw.o
a - newexp.o
a - two_rt_lw_ocastrndm.o
a - cloud_correlate.o
a - two_rt_sw_bs.o
a - bugs_lwr.o
a - kinds.o
a - two_rt_sw_iter.o
a - comscp1.o
a - bugsrad_physconst.o
a - gascon.o
a - two_rt_lw.o
a - bugs_swr.o
a - cloudg.o
a - variables_radiation_module.o
make[1]: Leaving directory '/glade/u/home/ilinck/clubb_release/obj'
nvfortran -DNETCDF -DCLUBB_REAL_TYPE=8 -DCLUBB_GPU -DCUDA -DCOAMPS_MICRO -DNR_SP -DSILHS -Dradoffline -Dnooverlap -DCLUBB -I/glade/u/apps/casper/24.12/spack/opt/spack/netcdf/4.9.2/nvhpc/24.11/djgy/include -Mcache_align -O2  -I/glade/u/apps/casper/24.12/spack/opt/spack/netcdf/4.9.2/nvhpc/24.11/djgy/include -Mbackslash -Mstandard -Kieee -acc -Minfo=accel  -c	/glade/u/home/ilinck/clubb_release/compile/../src/COAMPS_microphys/tgqr.F
cd /glade/u/home/ilinck/clubb_release/compile/../obj; make -f Make.clubb_morrison
make[1]: Entering directory '/glade/u/home/ilinck/clubb_release/obj'
nvfortran -DNETCDF -DCLUBB_REAL_TYPE=8 -DCLUBB_GPU -DCUDA -DCOAMPS_MICRO -DNR_SP -DSILHS -Dradoffline -Dnooverlap -DCLUBB -I/glade/u/apps/casper/24.12/spack/opt/spack/netcdf/4.9.2/nvhpc/24.11/djgy/include -Mcache_align -O2  -I/glade/u/apps/casper/24.12/spack/opt/spack/netcdf/4.9.2/nvhpc/24.11/djgy/include -Mbackslash -Mstandard -Kieee -acc -Minfo=accel  -c	../src/Morrison_microphys/module_mp_graupel.F90
nvfortran -DNETCDF -DCLUBB_REAL_TYPE=8 -DCLUBB_GPU -DCUDA -DCOAMPS_MICRO -DNR_SP -DSILHS -Dradoffline -Dnooverlap -DCLUBB -I/glade/u/apps/casper/24.12/spack/opt/spack/netcdf/4.9.2/nvhpc/24.11/djgy/include -Mcache_align -O2  -I/glade/u/apps/casper/24.12/spack/opt/spack/netcdf/4.9.2/nvhpc/24.11/djgy/include -Mbackslash -Mstandard -Kieee -acc -Minfo=accel  -c	/glade/u/home/ilinck/clubb_release/compile/../src/COAMPS_microphys/eqa10g.F
NVFORTRAN-W-0173-PGI Fortran extension: nonstandard use of data type length specifier (../src/Morrison_microphys/module_mp_graupel.F90: 300)
  0 inform,   1 warnings,   0 severes, 0 fatal for module_mp_graupel
NVFORTRAN-W-0173-PGI Fortran extension: nonstandard use of data type length specifier (../src/Morrison_microphys/module_mp_graupel.F90: 5894)
NVFORTRAN-W-0173-PGI Fortran extension: nonstandard use of data type length specifier (../src/Morrison_microphys/module_mp_graupel.F90: 5905)
NVFORTRAN-W-0173-PGI Fortran extension: nonstandard use of data type length specifier (../src/Morrison_microphys/module_mp_graupel.F90: 5928)
NVFORTRAN-W-0173-PGI Fortran extension: nonstandard use of data type length specifier (../src/Morrison_microphys/module_mp_graupel.F90: 5976)
NVFORTRAN-W-0173-PGI Fortran extension: nonstandard use of data type length specifier (../src/Morrison_microphys/module_mp_graupel.F90: 5980)
NVFORTRAN-W-0173-PGI Fortran extension: nonstandard use of data type length specifier (../src/Morrison_microphys/module_mp_graupel.F90: 6066)
NVFORTRAN-W-0173-PGI Fortran extension: nonstandard use of data type length specifier (../src/Morrison_microphys/module_mp_graupel.F90: 6073)
NVFORTRAN-W-0173-PGI Fortran extension: nonstandard use of data type length specifier (../src/Morrison_microphys/module_mp_graupel.F90: 6079)
NVFORTRAN-W-0173-PGI Fortran extension: nonstandard use of data type length specifier (../src/Morrison_microphys/module_mp_graupel.F90: 6204)
NVFORTRAN-W-0173-PGI Fortran extension: nonstandard use of data type length specifier (../src/Morrison_microphys/module_mp_graupel.F90: 6210)
NVFORTRAN-W-0173-PGI Fortran extension: nonstandard use of data type length specifier (../src/Morrison_microphys/module_mp_graupel.F90: 6248)
NVFORTRAN-W-0173-PGI Fortran extension: nonstandard use of data type length specifier (../src/Morrison_microphys/module_mp_graupel.F90: 6253)
NVFORTRAN-W-0173-PGI Fortran extension: nonstandard use of data type length specifier (../src/Morrison_microphys/module_mp_graupel.F90: 6257)
nvfortran -DNETCDF -DCLUBB_REAL_TYPE=8 -DCLUBB_GPU -DCUDA -DCOAMPS_MICRO -DNR_SP -DSILHS -Dradoffline -Dnooverlap -DCLUBB -I/glade/u/apps/casper/24.12/spack/opt/spack/netcdf/4.9.2/nvhpc/24.11/djgy/include -Mcache_align -O2  -I/glade/u/apps/casper/24.12/spack/opt/spack/netcdf/4.9.2/nvhpc/24.11/djgy/include -Mbackslash -Mstandard -Kieee -acc -Minfo=accel  -c	/glade/u/home/ilinck/clubb_release/compile/../src/COAMPS_microphys/eqa18.F
nvfortran -DNETCDF -DCLUBB_REAL_TYPE=8 -DCLUBB_GPU -DCUDA -DCOAMPS_MICRO -DNR_SP -DSILHS -Dradoffline -Dnooverlap -DCLUBB -I/glade/u/apps/casper/24.12/spack/opt/spack/netcdf/4.9.2/nvhpc/24.11/djgy/include -Mcache_align -O2  -I/glade/u/apps/casper/24.12/spack/opt/spack/netcdf/4.9.2/nvhpc/24.11/djgy/include -Mbackslash -Mstandard -Kieee -acc -Minfo=accel  -c	/glade/u/home/ilinck/clubb_release/compile/../src/COAMPS_microphys/eqa11g.F
nvfortran -DNETCDF -DCLUBB_REAL_TYPE=8 -DCLUBB_GPU -DCUDA -DCOAMPS_MICRO -DNR_SP -DSILHS -Dradoffline -Dnooverlap -DCLUBB -I/glade/u/apps/casper/24.12/spack/opt/spack/netcdf/4.9.2/nvhpc/24.11/djgy/include -Mcache_align -O2  -I/glade/u/apps/casper/24.12/spack/opt/spack/netcdf/4.9.2/nvhpc/24.11/djgy/include -Mbackslash -Mstandard -Kieee -acc -Minfo=accel  -c	/glade/u/home/ilinck/clubb_release/compile/../src/COAMPS_microphys/eqa7.F
nvfortran -DNETCDF -DCLUBB_REAL_TYPE=8 -DCLUBB_GPU -DCUDA -DCOAMPS_MICRO -DNR_SP -DSILHS -Dradoffline -Dnooverlap -DCLUBB -I/glade/u/apps/casper/24.12/spack/opt/spack/netcdf/4.9.2/nvhpc/24.11/djgy/include -Mcache_align -O2  -I/glade/u/apps/casper/24.12/spack/opt/spack/netcdf/4.9.2/nvhpc/24.11/djgy/include -Mbackslash -Mstandard -Kieee -acc -Minfo=accel  -c	/glade/u/home/ilinck/clubb_release/compile/../src/COAMPS_microphys/eqa9.F
nvfortran -DNETCDF -DCLUBB_REAL_TYPE=8 -DCLUBB_GPU -DCUDA -DCOAMPS_MICRO -DNR_SP -DSILHS -Dradoffline -Dnooverlap -DCLUBB -I/glade/u/apps/casper/24.12/spack/opt/spack/netcdf/4.9.2/nvhpc/24.11/djgy/include -Mcache_align -O2  -I/glade/u/apps/casper/24.12/spack/opt/spack/netcdf/4.9.2/nvhpc/24.11/djgy/include -Mbackslash -Mstandard -Kieee -acc -Minfo=accel  -c	/glade/u/home/ilinck/clubb_release/compile/../src/COAMPS_microphys/eqa27r.F
nvfortran -DNETCDF -DCLUBB_REAL_TYPE=8 -DCLUBB_GPU -DCUDA -DCOAMPS_MICRO -DNR_SP -DSILHS -Dradoffline -Dnooverlap -DCLUBB -I/glade/u/apps/casper/24.12/spack/opt/spack/netcdf/4.9.2/nvhpc/24.11/djgy/include -Mcache_align -O2  -I/glade/u/apps/casper/24.12/spack/opt/spack/netcdf/4.9.2/nvhpc/24.11/djgy/include -Mbackslash -Mstandard -Kieee -acc -Minfo=accel  -c	/glade/u/home/ilinck/clubb_release/compile/../src/COAMPS_microphys/nrmtqw.F
nvfortran -DNETCDF -DCLUBB_REAL_TYPE=8 -DCLUBB_GPU -DCUDA -DCOAMPS_MICRO -DNR_SP -DSILHS -Dradoffline -Dnooverlap -DCLUBB -I/glade/u/apps/casper/24.12/spack/opt/spack/netcdf/4.9.2/nvhpc/24.11/djgy/include -Mcache_align -O2  -I/glade/u/apps/casper/24.12/spack/opt/spack/netcdf/4.9.2/nvhpc/24.11/djgy/include -Mbackslash -Mstandard -Kieee -acc -Minfo=accel  -c	/glade/u/home/ilinck/clubb_release/compile/../src/COAMPS_microphys/esati.F
nvfortran -DNETCDF -DCLUBB_REAL_TYPE=8 -DCLUBB_GPU -DCUDA -DCOAMPS_MICRO -DNR_SP -DSILHS -Dradoffline -Dnooverlap -DCLUBB -I/glade/u/apps/casper/24.12/spack/opt/spack/netcdf/4.9.2/nvhpc/24.11/djgy/include -Mcache_align -O2  -I/glade/u/apps/casper/24.12/spack/opt/spack/netcdf/4.9.2/nvhpc/24.11/djgy/include -Mbackslash -Mstandard -Kieee -acc -Minfo=accel  -c	/glade/u/home/ilinck/clubb_release/compile/../src/COAMPS_microphys/eqa28.F
ar rv /glade/u/home/ilinck/clubb_release/compile/../lib/libclubb_coamps.a adjtq.o eqa22g.o eqa22.o eqa18g.o eqa9g.o tgqs.o gamma.o eqa12.o eqa21.o adjmlt.o qtadj.o eqa15.o eqa12g.o esat_new.o eqa8g.o eqa20g.o eqa7g.o qsatvi.o eqa13g.o eqa19.o eqa6.o tgqg.o eqa25.o eqa19g.o tgqi.o eqa5g.o nrmtqi.o eqa26.o eqa27.o esatv.o eqa17g.o conice.o slope.o nrmcol.o eqa14g.o frzh.o eqa21g.o tgqr.o eqa10g.o eqa18.o eqa11g.o eqa7.o eqa9.o eqa27r.o nrmtqw.o esati.o eqa28.o
ar: creating /glade/u/home/ilinck/clubb_release/compile/../lib/libclubb_coamps.a
a - adjtq.o
a - eqa22g.o
a - eqa22.o
a - eqa18g.o
a - eqa9g.o
a - tgqs.o
a - gamma.o
a - eqa12.o
a - eqa21.o
a - adjmlt.o
a - qtadj.o
a - eqa15.o
a - eqa12g.o
a - esat_new.o
a - eqa8g.o
a - eqa20g.o
a - eqa7g.o
a - qsatvi.o
a - eqa13g.o
a - eqa19.o
a - eqa6.o
a - tgqg.o
a - eqa25.o
a - eqa19g.o
a - tgqi.o
a - eqa5g.o
a - nrmtqi.o
a - eqa26.o
a - eqa27.o
a - esatv.o
a - eqa17g.o
a - conice.o
a - slope.o
a - nrmcol.o
a - eqa14g.o
a - frzh.o
a - eqa21g.o
a - tgqr.o
a - eqa10g.o
a - eqa18.o
a - eqa11g.o
a - eqa7.o
a - eqa9.o
a - eqa27r.o
a - nrmtqw.o
a - esati.o
a - eqa28.o
make[1]: Leaving directory '/glade/u/home/ilinck/clubb_release/obj'
cd /glade/u/home/ilinck/clubb_release/compile/../obj; make -f Make.clubb_KK_microphys
make[1]: Entering directory '/glade/u/home/ilinck/clubb_release/obj'
nvfortran -DNETCDF -DCLUBB_REAL_TYPE=8 -DCLUBB_GPU -DCUDA -DCOAMPS_MICRO -DNR_SP -DSILHS -Dradoffline -Dnooverlap -DCLUBB -I/glade/u/apps/casper/24.12/spack/opt/spack/netcdf/4.9.2/nvhpc/24.11/djgy/include -Mcache_align -O2  -I/glade/u/apps/casper/24.12/spack/opt/spack/netcdf/4.9.2/nvhpc/24.11/djgy/include -Mbackslash -Mstandard -Kieee -acc -Minfo=accel  -c	../src/KK_microphys/KK_utilities.F90
nvfortran -DNETCDF -DCLUBB_REAL_TYPE=8 -DCLUBB_GPU -DCUDA -DCOAMPS_MICRO -DNR_SP -DSILHS -Dradoffline -Dnooverlap -DCLUBB -I/glade/u/apps/casper/24.12/spack/opt/spack/netcdf/4.9.2/nvhpc/24.11/djgy/include -Mcache_align -O2  -I/glade/u/apps/casper/24.12/spack/opt/spack/netcdf/4.9.2/nvhpc/24.11/djgy/include -Mbackslash -Mstandard -Kieee -acc -Minfo=accel  -c	../src/KK_microphys/parameters_KK.F90
nvfortran -DNETCDF -DCLUBB_REAL_TYPE=8 -DCLUBB_GPU -DCUDA -DCOAMPS_MICRO -DNR_SP -DSILHS -Dradoffline -Dnooverlap -DCLUBB -I/glade/u/apps/casper/24.12/spack/opt/spack/netcdf/4.9.2/nvhpc/24.11/djgy/include -Mcache_align -O2  -I/glade/u/apps/casper/24.12/spack/opt/spack/netcdf/4.9.2/nvhpc/24.11/djgy/include -Mbackslash -Mstandard -Kieee -acc -Minfo=accel  -c	../src/KK_microphys/PDF_integrals_covar.F90
nvfortran -DNETCDF -DCLUBB_REAL_TYPE=8 -DCLUBB_GPU -DCUDA -DCOAMPS_MICRO -DNR_SP -DSILHS -Dradoffline -Dnooverlap -DCLUBB -I/glade/u/apps/casper/24.12/spack/opt/spack/netcdf/4.9.2/nvhpc/24.11/djgy/include -Mcache_align -O2  -I/glade/u/apps/casper/24.12/spack/opt/spack/netcdf/4.9.2/nvhpc/24.11/djgy/include -Mbackslash -Mstandard -Kieee -acc -Minfo=accel  -c	../src/KK_microphys/KK_local_means.F90
nvfortran -DNETCDF -DCLUBB_REAL_TYPE=8 -DCLUBB_GPU -DCUDA -DCOAMPS_MICRO -DNR_SP -DSILHS -Dradoffline -Dnooverlap -DCLUBB -I/glade/u/apps/casper/24.12/spack/opt/spack/netcdf/4.9.2/nvhpc/24.11/djgy/include -Mcache_align -O2  -I/glade/u/apps/casper/24.12/spack/opt/spack/netcdf/4.9.2/nvhpc/24.11/djgy/include -Mbackslash -Mstandard -Kieee -acc -Minfo=accel  -c	../src/text_writer.F90
nvfortran -DNETCDF -DCLUBB_REAL_TYPE=8 -DCLUBB_GPU -DCUDA -DCOAMPS_MICRO -DNR_SP -DSILHS -Dradoffline -Dnooverlap -DCLUBB -I/glade/u/apps/casper/24.12/spack/opt/spack/netcdf/4.9.2/nvhpc/24.11/djgy/include -Mcache_align -O2  -I/glade/u/apps/casper/24.12/spack/opt/spack/netcdf/4.9.2/nvhpc/24.11/djgy/include -Mbackslash -Mstandard -Kieee -acc -Minfo=accel  -c	../src/KK_microphys/PDF_integrals_all_MM.F90
ar rv /glade/u/home/ilinck/clubb_release/compile/../lib/libclubb_morrison.a module_mp_graupel.o
ar: creating /glade/u/home/ilinck/clubb_release/compile/../lib/libclubb_morrison.a
a - module_mp_graupel.o
make[1]: Leaving directory '/glade/u/home/ilinck/clubb_release/obj'
nvfortran -DNETCDF -DCLUBB_REAL_TYPE=8 -DCLUBB_GPU -DCUDA -DCOAMPS_MICRO -DNR_SP -DSILHS -Dradoffline -Dnooverlap -DCLUBB -I/glade/u/apps/casper/24.12/spack/opt/spack/netcdf/4.9.2/nvhpc/24.11/djgy/include -Mcache_align -O2  -I/glade/u/apps/casper/24.12/spack/opt/spack/netcdf/4.9.2/nvhpc/24.11/djgy/include -Mbackslash -Mstandard -Kieee -acc -Minfo=accel  -c	../src/KK_microphys/PDF_integrals_means.F90
nvfortran -DNETCDF -DCLUBB_REAL_TYPE=8 -DCLUBB_GPU -DCUDA -DCOAMPS_MICRO -DNR_SP -DSILHS -Dradoffline -Dnooverlap -DCLUBB -I/glade/u/apps/casper/24.12/spack/opt/spack/netcdf/4.9.2/nvhpc/24.11/djgy/include -Mcache_align -O2  -I/glade/u/apps/casper/24.12/spack/opt/spack/netcdf/4.9.2/nvhpc/24.11/djgy/include -Mbackslash -Mstandard -Kieee -acc -Minfo=accel  -c	../src/KK_microphys/KK_upscaled_means.F90
nvfortran -DNETCDF -DCLUBB_REAL_TYPE=8 -DCLUBB_GPU -DCUDA -DCOAMPS_MICRO -DNR_SP -DSILHS -Dradoffline -Dnooverlap -DCLUBB -I/glade/u/apps/casper/24.12/spack/opt/spack/netcdf/4.9.2/nvhpc/24.11/djgy/include -Mcache_align -O2  -I/glade/u/apps/casper/24.12/spack/opt/spack/netcdf/4.9.2/nvhpc/24.11/djgy/include -Mbackslash -Mstandard -Kieee -acc -Minfo=accel  -c	../src/KK_microphys/KK_Nrm_tendencies.F90
nvfortran -DNETCDF -DCLUBB_REAL_TYPE=8 -DCLUBB_GPU -DCUDA -DCOAMPS_MICRO -DNR_SP -DSILHS -Dradoffline -Dnooverlap -DCLUBB -I/glade/u/apps/casper/24.12/spack/opt/spack/netcdf/4.9.2/nvhpc/24.11/djgy/include -Mcache_align -O2  -I/glade/u/apps/casper/24.12/spack/opt/spack/netcdf/4.9.2/nvhpc/24.11/djgy/include -Mbackslash -Mstandard -Kieee -acc -Minfo=accel  -c	../src/KK_microphys/KK_upscaled_variances.F90
nvfortran -DNETCDF -DCLUBB_REAL_TYPE=8 -DCLUBB_GPU -DCUDA -DCOAMPS_MICRO -DNR_SP -DSILHS -Dradoffline -Dnooverlap -DCLUBB -I/glade/u/apps/casper/24.12/spack/opt/spack/netcdf/4.9.2/nvhpc/24.11/djgy/include -Mcache_align -O2  -I/glade/u/apps/casper/24.12/spack/opt/spack/netcdf/4.9.2/nvhpc/24.11/djgy/include -Mbackslash -Mstandard -Kieee -acc -Minfo=accel  -c	../src/KK_microphys/KK_upscaled_turbulent_sed.F90
nvfortran -DNETCDF -DCLUBB_REAL_TYPE=8 -DCLUBB_GPU -DCUDA -DCOAMPS_MICRO -DNR_SP -DSILHS -Dradoffline -Dnooverlap -DCLUBB -I/glade/u/apps/casper/24.12/spack/opt/spack/netcdf/4.9.2/nvhpc/24.11/djgy/include -Mcache_align -O2  -I/glade/u/apps/casper/24.12/spack/opt/spack/netcdf/4.9.2/nvhpc/24.11/djgy/include -Mbackslash -Mstandard -Kieee -acc -Minfo=accel  -c	../src/KK_microphys/KK_upscaled_covariances.F90
ar rv /glade/u/home/ilinck/clubb_release/compile/../lib/libclubb_KK_microphys.a PDF_integrals_means.o KK_Nrm_tendencies.o parameters_KK.o PDF_integrals_covar.o KK_local_means.o KK_upscaled_means.o text_writer.o KK_upscaled_variances.o KK_upscaled_turbulent_sed.o KK_upscaled_covariances.o KK_utilities.o PDF_integrals_all_MM.o
ar: creating /glade/u/home/ilinck/clubb_release/compile/../lib/libclubb_KK_microphys.a
a - PDF_integrals_means.o
a - KK_Nrm_tendencies.o
a - parameters_KK.o
a - PDF_integrals_covar.o
a - KK_local_means.o
a - KK_upscaled_means.o
a - text_writer.o
a - KK_upscaled_variances.o
a - KK_upscaled_turbulent_sed.o
a - KK_upscaled_covariances.o
a - KK_utilities.o
a - PDF_integrals_all_MM.o
make[1]: Leaving directory '/glade/u/home/ilinck/clubb_release/obj'
cd /glade/u/home/ilinck/clubb_release/compile/../obj; make -f Make.silhs
make[1]: Entering directory '/glade/u/home/ilinck/clubb_release/obj'
nvfortran -DNETCDF -DCLUBB_REAL_TYPE=8 -DCLUBB_GPU -DCUDA -DCOAMPS_MICRO -DNR_SP -DSILHS -Dradoffline -Dnooverlap -DCLUBB -I/glade/u/apps/casper/24.12/spack/opt/spack/netcdf/4.9.2/nvhpc/24.11/djgy/include -Mcache_align -O2  -I/glade/u/apps/casper/24.12/spack/opt/spack/netcdf/4.9.2/nvhpc/24.11/djgy/include -Mbackslash -Mstandard -Kieee -acc -Minfo=accel  -c	/glade/u/home/ilinck/clubb_release/compile/../src/SILHS/latin_hypercube_arrays.F90
nvfortran -DNETCDF -DCLUBB_REAL_TYPE=8 -DCLUBB_GPU -DCUDA -DCOAMPS_MICRO -DNR_SP -DSILHS -Dradoffline -Dnooverlap -DCLUBB -I/glade/u/apps/casper/24.12/spack/opt/spack/netcdf/4.9.2/nvhpc/24.11/djgy/include -Mcache_align -O2  -I/glade/u/apps/casper/24.12/spack/opt/spack/netcdf/4.9.2/nvhpc/24.11/djgy/include -Mbackslash -Mstandard -Kieee -acc -Minfo=accel  -c	/glade/u/home/ilinck/clubb_release/compile/../src/SILHS/parameters_silhs.F90
nvfortran -DNETCDF -DCLUBB_REAL_TYPE=8 -DCLUBB_GPU -DCUDA -DCOAMPS_MICRO -DNR_SP -DSILHS -Dradoffline -Dnooverlap -DCLUBB -I/glade/u/apps/casper/24.12/spack/opt/spack/netcdf/4.9.2/nvhpc/24.11/djgy/include -Mcache_align -O2  -I/glade/u/apps/casper/24.12/spack/opt/spack/netcdf/4.9.2/nvhpc/24.11/djgy/include -Mbackslash -Mstandard -Kieee -acc -Minfo=accel  -c	/glade/u/home/ilinck/clubb_release/compile/../src/SILHS/transform_to_pdf_module.F90
nvfortran -DNETCDF -DCLUBB_REAL_TYPE=8 -DCLUBB_GPU -DCUDA -DCOAMPS_MICRO -DNR_SP -DSILHS -Dradoffline -Dnooverlap -DCLUBB -I/glade/u/apps/casper/24.12/spack/opt/spack/netcdf/4.9.2/nvhpc/24.11/djgy/include -Mcache_align -O2  -I/glade/u/apps/casper/24.12/spack/opt/spack/netcdf/4.9.2/nvhpc/24.11/djgy/include -Mbackslash -Mstandard -Kieee -acc -Minfo=accel  -c	/glade/u/home/ilinck/clubb_release/compile/../src/SILHS/output_2D_samples_module.F90
transform_uniform_samples_to_pdf:
    110, Generating create(std_normal(:,:,:,:)) [if not already present]
    124, Generating implicit firstprivate(ngrdcol,num_samples,pdf_dim,nz)
         Generating NVIDIA GPU code
        125, !$acc loop gang, vector(128) collapse(4) ! blockidx%x threadidx%x
        126,   ! blockidx%x threadidx%x collapsed
        127,   ! blockidx%x threadidx%x collapsed
        128,   ! blockidx%x threadidx%x collapsed
    124, Generating default present(x_nl_all_levs(:ngrdcol,:num_samples,:nz,:),hm_metadata)
    136, Generating implicit firstprivate(ngrdcol,num_samples,pdf_dim,nz)
         Generating NVIDIA GPU code
        137, !$acc loop gang, vector(128) collapse(4) ! blockidx%x threadidx%x
        138,   ! blockidx%x threadidx%x collapsed
        139,   ! blockidx%x threadidx%x collapsed
        140,   ! blockidx%x threadidx%x collapsed
    136, Generating default present(hm_metadata,l_in_precip_all_levs(:ngrdcol,:num_samples,:nz),x_nl_all_levs(:ngrdcol,:num_samples,:nz,hm_metadata%iipdf_ncn+1:pdf_dim))
    161, Generating implicit firstprivate(ngrdcol,num_samples,nz)
         Generating NVIDIA GPU code
        162, !$acc loop gang, vector(128) collapse(3) ! blockidx%x threadidx%x
        163,   ! blockidx%x threadidx%x collapsed
        164,   ! blockidx%x threadidx%x collapsed
    161, Generating default present(x_nl_all_levs(:ngrdcol,:num_samples,:nz,hm_metadata%iipdf_chi),hm_metadata,cloud_frac(:ngrdcol,:num_samples,:nz))
cdfnorminv:
    255, Generating implicit firstprivate(pdf_dim,nz,num_samples,ngrdcol)
         Generating NVIDIA GPU code
        256, !$acc loop gang, vector(128) collapse(4) ! blockidx%x threadidx%x
        257,   ! blockidx%x threadidx%x collapsed
        258,   ! blockidx%x threadidx%x collapsed
        259,   ! blockidx%x threadidx%x collapsed
    255, Generating implicit copy(std_normal(:pdf_dim,:ngrdcol,:nz,:num_samples)) [if not already present]
         Generating implicit copyin(x_u_all_levs(:ngrdcol,:num_samples,:nz,:pdf_dim)) [if not already present]
    259, Generating implicit firstprivate(x,w)
multiply_cholesky:
    545, Generating copyin(mu2(:,:,:),sigma_cholesky1(:,:,:,:),sigma_cholesky2(:,:,:,:),mu1(:,:,:)) [if not already present]
    547, Generating implicit firstprivate(num_samples,ngrdcol,pdf_dim,nz)
         Generating NVIDIA GPU code
        548, !$acc loop gang, vector(128) collapse(4) ! blockidx%x threadidx%x
        549,   ! blockidx%x threadidx%x collapsed
        550,   ! blockidx%x threadidx%x collapsed
        551,   ! blockidx%x threadidx%x collapsed
        561, !$acc loop seq
    547, Generating default present(x_nl_all_levs(:ngrdcol,:num_samples,:nz,:pdf_dim),x_mixt_comp_all_levs(:ngrdcol,:num_samples,:nz),std_normal(:,:ngrdcol,:nz,:num_samples))
    551, Generating implicit firstprivate(j,x_nl_k_sample_i_tmp,l_first_comp)
    561, Loop carried scalar dependence for x_nl_k_sample_i_tmp at line 564,567
         Scalar last value needed after loop for x_nl_k_sample_i_tmp at line 572
chi_eta_2_rtthl:
    650, Generating copyin(mu_chi_2(:,:),rt_1(:,:),rt_2(:,:),thl_2(:,:),thl_1(:,:),chi(:,:,:),crt_1(:,:),crt_2(:,:),cthl_1(:,:),eta(:,:,:),mu_chi_1(:,:),cthl_2(:,:)) [if not already present]
    654, Generating implicit firstprivate(nz,num_samples,ngrdcol)
         Generating NVIDIA GPU code
        655, !$acc loop gang, vector(128) collapse(3) ! blockidx%x threadidx%x
        656,   ! blockidx%x threadidx%x collapsed
        657,   ! blockidx%x threadidx%x collapsed
    654, Generating default present(lh_rt(:ngrdcol,:num_samples,2:nz),x_mixt_comp_all_levs(:ngrdcol,:num_samples,2:nz),lh_thl(:ngrdcol,:num_samples,2:nz))
    657, Generating implicit firstprivate(lh_dev_thl_lim)
nvfortran -DNETCDF -DCLUBB_REAL_TYPE=8 -DCLUBB_GPU -DCUDA -DCOAMPS_MICRO -DNR_SP -DSILHS -Dradoffline -Dnooverlap -DCLUBB -I/glade/u/apps/casper/24.12/spack/opt/spack/netcdf/4.9.2/nvhpc/24.11/djgy/include -Mcache_align -O2  -I/glade/u/apps/casper/24.12/spack/opt/spack/netcdf/4.9.2/nvhpc/24.11/djgy/include -Mbackslash -Mstandard -Kieee -acc -Minfo=accel  -c	/glade/u/home/ilinck/clubb_release/compile/../src/SILHS/math_utilities.F90
nvfortran -DNETCDF -DCLUBB_REAL_TYPE=8 -DCLUBB_GPU -DCUDA -DCOAMPS_MICRO -DNR_SP -DSILHS -Dradoffline -Dnooverlap -DCLUBB -I/glade/u/apps/casper/24.12/spack/opt/spack/netcdf/4.9.2/nvhpc/24.11/djgy/include -Mcache_align -O2  -I/glade/u/apps/casper/24.12/spack/opt/spack/netcdf/4.9.2/nvhpc/24.11/djgy/include -Mbackslash -Mstandard -Kieee -acc -Minfo=accel  -c	/glade/u/home/ilinck/clubb_release/compile/../src/SILHS/est_kessler_microphys_module.F90
nvfortran -DNETCDF -DCLUBB_REAL_TYPE=8 -DCLUBB_GPU -DCUDA -DCOAMPS_MICRO -DNR_SP -DSILHS -Dradoffline -Dnooverlap -DCLUBB -I/glade/u/apps/casper/24.12/spack/opt/spack/netcdf/4.9.2/nvhpc/24.11/djgy/include -Mcache_align -O2  -I/glade/u/apps/casper/24.12/spack/opt/spack/netcdf/4.9.2/nvhpc/24.11/djgy/include -Mbackslash -Mstandard -Kieee -acc -Minfo=accel  -c	/glade/u/home/ilinck/clubb_release/compile/../src/SILHS/lh_microphys_var_covar_module.F90
nvfortran -DNETCDF -DCLUBB_REAL_TYPE=8 -DCLUBB_GPU -DCUDA -DCOAMPS_MICRO -DNR_SP -DSILHS -Dradoffline -Dnooverlap -DCLUBB -I/glade/u/apps/casper/24.12/spack/opt/spack/netcdf/4.9.2/nvhpc/24.11/djgy/include -Mcache_align -O2  -I/glade/u/apps/casper/24.12/spack/opt/spack/netcdf/4.9.2/nvhpc/24.11/djgy/include -Mbackslash -Mstandard -Kieee -acc -Minfo=accel  -c	/glade/u/home/ilinck/clubb_release/compile/../src/SILHS/generate_uniform_sample_module.F90
nvfortran -DNETCDF -DCLUBB_REAL_TYPE=8 -DCLUBB_GPU -DCUDA -DCOAMPS_MICRO -DNR_SP -DSILHS -Dradoffline -Dnooverlap -DCLUBB -I/glade/u/apps/casper/24.12/spack/opt/spack/netcdf/4.9.2/nvhpc/24.11/djgy/include -Mcache_align -O2  -I/glade/u/apps/casper/24.12/spack/opt/spack/netcdf/4.9.2/nvhpc/24.11/djgy/include -Mbackslash -Mstandard -Kieee -acc -Minfo=accel  -c	/glade/u/home/ilinck/clubb_release/compile/../src/SILHS/silhs_importance_sample_module.F90
nvfortran -DNETCDF -DCLUBB_REAL_TYPE=8 -DCLUBB_GPU -DCUDA -DCOAMPS_MICRO -DNR_SP -DSILHS -Dradoffline -Dnooverlap -DCLUBB -I/glade/u/apps/casper/24.12/spack/opt/spack/netcdf/4.9.2/nvhpc/24.11/djgy/include -Mcache_align -O2  -I/glade/u/apps/casper/24.12/spack/opt/spack/netcdf/4.9.2/nvhpc/24.11/djgy/include -Mbackslash -Mstandard -Kieee -acc -Minfo=accel  -c	/glade/u/home/ilinck/clubb_release/compile/../src/SILHS/latin_hypercube_driver_module.F90
generate_silhs_sample:
    298, Generating copyin(k_lh_start(:)) [if not already present]
         Generating create(rand_pool(:,:,:,:),x_u_all_levs(:,:,:,:)) [if not already present]
         Generating copyin(x_vert_corr(:,:)) [if not already present]
    326, Generating create(cloud_frac(:,:,:),l_in_precip(:,:,:)) [if not already present]
         Generating copyin(pdf_params%mixt_frac(:,:),pdf_params%cloud_frac_2(:,:),pdf_params,pdf_params%cloud_frac_1(:,:),precip_fracs,precip_fracs%precip_frac_2(:,:),precip_fracs%precip_frac_1(:,:)) [if not already present]
    332, Generating implicit firstprivate(ngrdcol,nz,num_samples)
         Generating NVIDIA GPU code
        333, !$acc loop gang, vector(128) collapse(3) ! blockidx%x threadidx%x
        334,   ! blockidx%x threadidx%x collapsed
        335,   ! blockidx%x threadidx%x collapsed
    332, Generating default present(x_mixt_comp_all_levs(:ngrdcol,:num_samples,:nz))
    335, Generating implicit firstprivate(pdf_dim)
    391, Generating update self(lh_sample_point_weights(:,:,:),l_in_precip(:,:,:),x_u_all_levs(:,:,:,:),x_mixt_comp_all_levs(:,:,:))
    428, Generating update self(x_mixt_comp_all_levs(:,:,:),x_u_all_levs(:,:,:,:),x_nl_all_levs(:,:,:,:))
generate_all_uniform_samples:
    720, Generating implicit firstprivate(d_uniform_extra,ngrdcol,num_samples,pdf_dim,nz)
         Generating NVIDIA GPU code
        721, !$acc loop gang, vector(128) collapse(4) ! blockidx%x threadidx%x
        722,   ! blockidx%x threadidx%x collapsed
        723,   ! blockidx%x threadidx%x collapsed
        724,   ! blockidx%x threadidx%x collapsed
    720, Generating default present(x_u_all_levs(:ngrdcol,:num_samples,:nz,:d_uniform_extra+pdf_dim),rand_pool(:ngrdcol,:num_samples,:nz,:d_uniform_extra+pdf_dim))
    733, Generating implicit firstprivate(ngrdcol,num_samples,nz)
         Generating NVIDIA GPU code
        734, !$acc loop gang, vector(128) collapse(3) ! blockidx%x threadidx%x
        735,   ! blockidx%x threadidx%x collapsed
        736,   ! blockidx%x threadidx%x collapsed
    733, Generating default present(lh_sample_point_weights(:ngrdcol,:num_samples,:nz))
    816, Generating implicit firstprivate(d_uniform_extra,ngrdcol,num_samples,pdf_dim,nz)
         Generating NVIDIA GPU code
        817, !$acc loop gang, vector(128) collapse(4) ! blockidx%x threadidx%x
        818,   ! blockidx%x threadidx%x collapsed
        819,   ! blockidx%x threadidx%x collapsed
        820,   ! blockidx%x threadidx%x collapsed
    816, Generating default present(x_u_all_levs(:ngrdcol,:num_samples,:nz,:d_uniform_extra+pdf_dim),rand_pool(:ngrdcol,:num_samples,:nz,:d_uniform_extra+pdf_dim))
    829, Generating implicit firstprivate(ngrdcol,nz,num_samples)
         Generating NVIDIA GPU code
        830, !$acc loop gang, vector(128) collapse(3) ! blockidx%x threadidx%x
        831,   ! blockidx%x threadidx%x collapsed
        832,   ! blockidx%x threadidx%x collapsed
    829, Generating default present(lh_sample_point_weights(:ngrdcol,:num_samples,:nz))
clip_transform_silhs_output:
   1119, Generating implicit firstprivate(num_samples,ngrdcol)
         Generating NVIDIA GPU code
       1120, !$acc loop gang, vector(128) collapse(2) ! blockidx%x threadidx%x
       1121,   ! blockidx%x threadidx%x collapsed
   1119, Generating default present(lh_rt_clipped(:ngrdcol,:num_samples,:1),lh_nc_clipped(:ngrdcol,:num_samples,:1),lh_rv_clipped(:ngrdcol,:num_samples,:1),lh_thl_clipped(:ngrdcol,:num_samples,:1),lh_rc_clipped(:ngrdcol,:num_samples,:1))
   1131, Generating implicit firstprivate(ngrdcol,nz,num_samples)
         Generating NVIDIA GPU code
       1132, !$acc loop gang, vector(128) collapse(3) ! blockidx%x threadidx%x
       1133,   ! blockidx%x threadidx%x collapsed
       1134,   ! blockidx%x threadidx%x collapsed
   1131, Generating default present(lh_rc_clipped(:ngrdcol,:num_samples,2:nz),lh_nc_clipped(:ngrdcol,:num_samples,2:nz),lh_rt_clipped(:ngrdcol,:num_samples,2:nz),x_nl_all_levs(:ngrdcol,:num_samples,2:nz,:),lh_rv_clipped(:ngrdcol,:num_samples,2:nz),hm_metadata)
   1134, Generating implicit firstprivate(l_use_ncn_to_nc)
compute_arb_overlap:
   1905, Generating implicit firstprivate(d_uniform_extra,ngrdcol,pdf_dim,num_samples)
         Generating NVIDIA GPU code
       1906, !$acc loop gang, vector(128) collapse(3) ! blockidx%x threadidx%x
       1907,   ! blockidx%x threadidx%x collapsed
       1908,   ! blockidx%x threadidx%x collapsed
       1913, !$acc loop seq
   1905, Generating default present(x_u_all_levs(:ngrdcol,:num_samples,:,:d_uniform_extra+pdf_dim),vert_corr(:ngrdcol,:),k_lh_start(:ngrdcol),rand_pool(:ngrdcol,:num_samples,:,:d_uniform_extra+pdf_dim))
   1908, Generating implicit firstprivate(k,unbounded_point,nz,k_lh_start_i)
   1913, Loop carried scalar dependence for unbounded_point at line 1916
         Generating implicit firstprivate(half_width,offset,min_val)
         Loop carried scalar dependence for unbounded_point at line 1916
   1939, Generating implicit firstprivate(d_uniform_extra,ngrdcol,pdf_dim,num_samples)
         Generating NVIDIA GPU code
       1940, !$acc loop gang, vector(128) collapse(3) ! blockidx%x threadidx%x
       1941,   ! blockidx%x threadidx%x collapsed
       1942,   ! blockidx%x threadidx%x collapsed
       1947, !$acc loop seq
   1939, Generating default present(x_u_all_levs(:ngrdcol,:num_samples,:,:d_uniform_extra+pdf_dim),vert_corr(:ngrdcol,:),k_lh_start(:ngrdcol),rand_pool(:ngrdcol,:num_samples,:,:d_uniform_extra+pdf_dim))
   1942, Generating implicit firstprivate(k,unbounded_point,k_lh_start_i)
   1947, Loop carried scalar dependence for unbounded_point at line 1950
         Generating implicit firstprivate(half_width,offset,min_val)
         Loop carried scalar dependence for unbounded_point at line 1950
nvfortran -DNETCDF -DCLUBB_REAL_TYPE=8 -DCLUBB_GPU -DCUDA -DCOAMPS_MICRO -DNR_SP -DSILHS -Dradoffline -Dnooverlap -DCLUBB -I/glade/u/apps/casper/24.12/spack/opt/spack/netcdf/4.9.2/nvhpc/24.11/djgy/include -Mcache_align -O2  -I/glade/u/apps/casper/24.12/spack/opt/spack/netcdf/4.9.2/nvhpc/24.11/djgy/include -Mbackslash -Mstandard -Kieee -acc -Minfo=accel  -c	/glade/u/home/ilinck/clubb_release/compile/../src/SILHS/silhs_api_module.F90
ar rv /glade/u/home/ilinck/clubb_release/compile/../lib/libsilhs.a generate_uniform_sample_module.o parameters_silhs.o latin_hypercube_driver_module.o math_utilities.o est_kessler_microphys_module.o transform_to_pdf_module.o silhs_importance_sample_module.o lh_microphys_var_covar_module.o output_2D_samples_module.o latin_hypercube_arrays.o silhs_api_module.o
ar: creating /glade/u/home/ilinck/clubb_release/compile/../lib/libsilhs.a
a - generate_uniform_sample_module.o
a - parameters_silhs.o
a - latin_hypercube_driver_module.o
a - math_utilities.o
a - est_kessler_microphys_module.o
a - transform_to_pdf_module.o
a - silhs_importance_sample_module.o
a - lh_microphys_var_covar_module.o
a - output_2D_samples_module.o
a - latin_hypercube_arrays.o
a - silhs_api_module.o
make[1]: Leaving directory '/glade/u/home/ilinck/clubb_release/obj'
cd /glade/u/home/ilinck/clubb_release/compile/../obj; make -f Make.clubb_other
make[1]: Entering directory '/glade/u/home/ilinck/clubb_release/obj'
nvfortran -DNETCDF -DCLUBB_REAL_TYPE=8 -DCLUBB_GPU -DCUDA -DCOAMPS_MICRO -DNR_SP -DSILHS -Dradoffline -Dnooverlap -DCLUBB -I/glade/u/apps/casper/24.12/spack/opt/spack/netcdf/4.9.2/nvhpc/24.11/djgy/include -Mcache_align -O2  -I/glade/u/apps/casper/24.12/spack/opt/spack/netcdf/4.9.2/nvhpc/24.11/djgy/include -Mbackslash -Mstandard -Kieee -acc -Minfo=accel  -c	../src/hydrostatic_module.F90
nvfortran -DNETCDF -DCLUBB_REAL_TYPE=8 -DCLUBB_GPU -DCUDA -DCOAMPS_MICRO -DNR_SP -DSILHS -Dradoffline -Dnooverlap -DCLUBB -I/glade/u/apps/casper/24.12/spack/opt/spack/netcdf/4.9.2/nvhpc/24.11/djgy/include -Mcache_align -O2  -I/glade/u/apps/casper/24.12/spack/opt/spack/netcdf/4.9.2/nvhpc/24.11/djgy/include -Mbackslash -Mstandard -Kieee -acc -Minfo=accel  -c	../src/parameters_microphys.F90
nvfortran -DNETCDF -DCLUBB_REAL_TYPE=8 -DCLUBB_GPU -DCUDA -DCOAMPS_MICRO -DNR_SP -DSILHS -Dradoffline -Dnooverlap -DCLUBB -I/glade/u/apps/casper/24.12/spack/opt/spack/netcdf/4.9.2/nvhpc/24.11/djgy/include -Mcache_align -O2  -I/glade/u/apps/casper/24.12/spack/opt/spack/netcdf/4.9.2/nvhpc/24.11/djgy/include -Mbackslash -Mstandard -Kieee -acc -Minfo=accel  -c	../src/Benchmark_cases/spec_hum_to_mixing_ratio.F90
nvfortran -DNETCDF -DCLUBB_REAL_TYPE=8 -DCLUBB_GPU -DCUDA -DCOAMPS_MICRO -DNR_SP -DSILHS -Dradoffline -Dnooverlap -DCLUBB -I/glade/u/apps/casper/24.12/spack/opt/spack/netcdf/4.9.2/nvhpc/24.11/djgy/include -Mcache_align -O2  -I/glade/u/apps/casper/24.12/spack/opt/spack/netcdf/4.9.2/nvhpc/24.11/djgy/include -Mbackslash -Mstandard -Kieee -acc -Minfo=accel  -c	../src/time_dependent_input.F90
nvfortran -DNETCDF -DCLUBB_REAL_TYPE=8 -DCLUBB_GPU -DCUDA -DCOAMPS_MICRO -DNR_SP -DSILHS -Dradoffline -Dnooverlap -DCLUBB -I/glade/u/apps/casper/24.12/spack/opt/spack/netcdf/4.9.2/nvhpc/24.11/djgy/include -Mcache_align -O2  -I/glade/u/apps/casper/24.12/spack/opt/spack/netcdf/4.9.2/nvhpc/24.11/djgy/include -Mbackslash -Mstandard -Kieee -acc -Minfo=accel  -c	../src/quicksort.F90
nvfortran -DNETCDF -DCLUBB_REAL_TYPE=8 -DCLUBB_GPU -DCUDA -DCOAMPS_MICRO -DNR_SP -DSILHS -Dradoffline -Dnooverlap -DCLUBB -I/glade/u/apps/casper/24.12/spack/opt/spack/netcdf/4.9.2/nvhpc/24.11/djgy/include -Mcache_align -O2  -I/glade/u/apps/casper/24.12/spack/opt/spack/netcdf/4.9.2/nvhpc/24.11/djgy/include -Mbackslash -Mstandard -Kieee -acc -Minfo=accel  -c	../src/Benchmark_cases/diag_ustar_module.F90
nvfortran -DNETCDF -DCLUBB_REAL_TYPE=8 -DCLUBB_GPU -DCUDA -DCOAMPS_MICRO -DNR_SP -DSILHS -Dradoffline -Dnooverlap -DCLUBB -I/glade/u/apps/casper/24.12/spack/opt/spack/netcdf/4.9.2/nvhpc/24.11/djgy/include -Mcache_align -O2  -I/glade/u/apps/casper/24.12/spack/opt/spack/netcdf/4.9.2/nvhpc/24.11/djgy/include -Mbackslash -Mstandard -Kieee -acc -Minfo=accel  -c	../src/clubb_model_settings.F90
nvfortran -DNETCDF -DCLUBB_REAL_TYPE=8 -DCLUBB_GPU -DCUDA -DCOAMPS_MICRO -DNR_SP -DSILHS -Dradoffline -Dnooverlap -DCLUBB -I/glade/u/apps/casper/24.12/spack/opt/spack/netcdf/4.9.2/nvhpc/24.11/djgy/include -Mcache_align -O2  -I/glade/u/apps/casper/24.12/spack/opt/spack/netcdf/4.9.2/nvhpc/24.11/djgy/include -Mbackslash -Mstandard -Kieee -acc -Minfo=accel  -c -I../src/CLUBB_core	../src/input_grads.F90
nvfortran -DNETCDF -DCLUBB_REAL_TYPE=8 -DCLUBB_GPU -DCUDA -DCOAMPS_MICRO -DNR_SP -DSILHS -Dradoffline -Dnooverlap -DCLUBB -I/glade/u/apps/casper/24.12/spack/opt/spack/netcdf/4.9.2/nvhpc/24.11/djgy/include -Mcache_align -O2  -I/glade/u/apps/casper/24.12/spack/opt/spack/netcdf/4.9.2/nvhpc/24.11/djgy/include -Mbackslash -Mstandard -Kieee -acc -Minfo=accel  -c	../src/Benchmark_cases/clex9_nov02.F90
nvfortran -DNETCDF -DCLUBB_REAL_TYPE=8 -DCLUBB_GPU -DCUDA -DCOAMPS_MICRO -DNR_SP -DSILHS -Dradoffline -Dnooverlap -DCLUBB -I/glade/u/apps/casper/24.12/spack/opt/spack/netcdf/4.9.2/nvhpc/24.11/djgy/include -Mcache_align -O2  -I/glade/u/apps/casper/24.12/spack/opt/spack/netcdf/4.9.2/nvhpc/24.11/djgy/include -Mbackslash -Mstandard -Kieee -acc -Minfo=accel  -c	../src/silhs_category_variance_module.F90
nvfortran -DNETCDF -DCLUBB_REAL_TYPE=8 -DCLUBB_GPU -DCUDA -DCOAMPS_MICRO -DNR_SP -DSILHS -Dradoffline -Dnooverlap -DCLUBB -I/glade/u/apps/casper/24.12/spack/opt/spack/netcdf/4.9.2/nvhpc/24.11/djgy/include -Mcache_align -O2  -I/glade/u/apps/casper/24.12/spack/opt/spack/netcdf/4.9.2/nvhpc/24.11/djgy/include -Mbackslash -Mstandard -Kieee -acc -Minfo=accel  -c	../src/advance_microphys_module.F90
nvfortran -DNETCDF -DCLUBB_REAL_TYPE=8 -DCLUBB_GPU -DCUDA -DCOAMPS_MICRO -DNR_SP -DSILHS -Dradoffline -Dnooverlap -DCLUBB -I/glade/u/apps/casper/24.12/spack/opt/spack/netcdf/4.9.2/nvhpc/24.11/djgy/include -Mcache_align -O2  -I/glade/u/apps/casper/24.12/spack/opt/spack/netcdf/4.9.2/nvhpc/24.11/djgy/include -Mbackslash -Mstandard -Kieee -acc -Minfo=accel  -c	../src/extrapolation.F90
nvfortran -DNETCDF -DCLUBB_REAL_TYPE=8 -DCLUBB_GPU -DCUDA -DCOAMPS_MICRO -DNR_SP -DSILHS -Dradoffline -Dnooverlap -DCLUBB -I/glade/u/apps/casper/24.12/spack/opt/spack/netcdf/4.9.2/nvhpc/24.11/djgy/include -Mcache_align -O2  -I/glade/u/apps/casper/24.12/spack/opt/spack/netcdf/4.9.2/nvhpc/24.11/djgy/include -Mbackslash -Mstandard -Kieee -acc -Minfo=accel  -c	../src/parameters_radiation.F90
nvfortran -DNETCDF -DCLUBB_REAL_TYPE=8 -DCLUBB_GPU -DCUDA -DCOAMPS_MICRO -DNR_SP -DSILHS -Dradoffline -Dnooverlap -DCLUBB -I/glade/u/apps/casper/24.12/spack/opt/spack/netcdf/4.9.2/nvhpc/24.11/djgy/include -Mcache_align -O2  -I/glade/u/apps/casper/24.12/spack/opt/spack/netcdf/4.9.2/nvhpc/24.11/djgy/include -Mbackslash -Mstandard -Kieee -acc -Minfo=accel  -c	../src/Benchmark_cases/clex9_oct14.F90
nvfortran -DNETCDF -DCLUBB_REAL_TYPE=8 -DCLUBB_GPU -DCUDA -DCOAMPS_MICRO -DNR_SP -DSILHS -Dradoffline -Dnooverlap -DCLUBB -I/glade/u/apps/casper/24.12/spack/opt/spack/netcdf/4.9.2/nvhpc/24.11/djgy/include -Mcache_align -O2  -I/glade/u/apps/casper/24.12/spack/opt/spack/netcdf/4.9.2/nvhpc/24.11/djgy/include -Mbackslash -Mstandard -Kieee -acc -Minfo=accel  -c	../src/ice_dfsn_module.F90
nvfortran -DNETCDF -DCLUBB_REAL_TYPE=8 -DCLUBB_GPU -DCUDA -DCOAMPS_MICRO -DNR_SP -DSILHS -Dradoffline -Dnooverlap -DCLUBB -I/glade/u/apps/casper/24.12/spack/opt/spack/netcdf/4.9.2/nvhpc/24.11/djgy/include -Mcache_align -O2  -I/glade/u/apps/casper/24.12/spack/opt/spack/netcdf/4.9.2/nvhpc/24.11/djgy/include -Mbackslash -Mstandard -Kieee -acc -Minfo=accel  -c	../src/Benchmark_cases/rad_lwsw_module.F90
nvfortran -DNETCDF -DCLUBB_REAL_TYPE=8 -DCLUBB_GPU -DCUDA -DCOAMPS_MICRO -DNR_SP -DSILHS -Dradoffline -Dnooverlap -DCLUBB -I/glade/u/apps/casper/24.12/spack/opt/spack/netcdf/4.9.2/nvhpc/24.11/djgy/include -Mcache_align -O2  -I/glade/u/apps/casper/24.12/spack/opt/spack/netcdf/4.9.2/nvhpc/24.11/djgy/include -Mbackslash -Mstandard -Kieee -acc -Minfo=accel  -c	../src/Benchmark_cases/mpace_a.F90
nvfortran -DNETCDF -DCLUBB_REAL_TYPE=8 -DCLUBB_GPU -DCUDA -DCOAMPS_MICRO -DNR_SP -DSILHS -Dradoffline -Dnooverlap -DCLUBB -I/glade/u/apps/casper/24.12/spack/opt/spack/netcdf/4.9.2/nvhpc/24.11/djgy/include -Mcache_align -O2  -I/glade/u/apps/casper/24.12/spack/opt/spack/netcdf/4.9.2/nvhpc/24.11/djgy/include -Mbackslash -Mstandard -Kieee -acc -Minfo=accel  -c	../src/input_interpret.F90
nvfortran -DNETCDF -DCLUBB_REAL_TYPE=8 -DCLUBB_GPU -DCUDA -DCOAMPS_MICRO -DNR_SP -DSILHS -Dradoffline -Dnooverlap -DCLUBB -I/glade/u/apps/casper/24.12/spack/opt/spack/netcdf/4.9.2/nvhpc/24.11/djgy/include -Mcache_align -O2  -I/glade/u/apps/casper/24.12/spack/opt/spack/netcdf/4.9.2/nvhpc/24.11/djgy/include -Mbackslash -Mstandard -Kieee -acc -Minfo=accel  -c	../src/soil_vegetation.F90
nvfortran -DNETCDF -DCLUBB_REAL_TYPE=8 -DCLUBB_GPU -DCUDA -DCOAMPS_MICRO -DNR_SP -DSILHS -Dradoffline -Dnooverlap -DCLUBB -I/glade/u/apps/casper/24.12/spack/opt/spack/netcdf/4.9.2/nvhpc/24.11/djgy/include -Mcache_align -O2  -I/glade/u/apps/casper/24.12/spack/opt/spack/netcdf/4.9.2/nvhpc/24.11/djgy/include -Mbackslash -Mstandard -Kieee -acc -Minfo=accel  -c	../src/Benchmark_cases/cloud_sed_module.F90
nvfortran -DNETCDF -DCLUBB_REAL_TYPE=8 -DCLUBB_GPU -DCUDA -DCOAMPS_MICRO -DNR_SP -DSILHS -Dradoffline -Dnooverlap -DCLUBB -I/glade/u/apps/casper/24.12/spack/opt/spack/netcdf/4.9.2/nvhpc/24.11/djgy/include -Mcache_align -O2  -I/glade/u/apps/casper/24.12/spack/opt/spack/netcdf/4.9.2/nvhpc/24.11/djgy/include -Mbackslash -Mstandard -Kieee -acc -Minfo=accel  -c	../src/coamps_microphys_driver_module.F90
nvfortran -DNETCDF -DCLUBB_REAL_TYPE=8 -DCLUBB_GPU -DCUDA -DCOAMPS_MICRO -DNR_SP -DSILHS -Dradoffline -Dnooverlap -DCLUBB -I/glade/u/apps/casper/24.12/spack/opt/spack/netcdf/4.9.2/nvhpc/24.11/djgy/include -Mcache_align -O2  -I/glade/u/apps/casper/24.12/spack/opt/spack/netcdf/4.9.2/nvhpc/24.11/djgy/include -Mbackslash -Mstandard -Kieee -acc -Minfo=accel  -c	../src/gfdl_activation.F90
nvfortran -DNETCDF -DCLUBB_REAL_TYPE=8 -DCLUBB_GPU -DCUDA -DCOAMPS_MICRO -DNR_SP -DSILHS -Dradoffline -Dnooverlap -DCLUBB -I/glade/u/apps/casper/24.12/spack/opt/spack/netcdf/4.9.2/nvhpc/24.11/djgy/include -Mcache_align -O2  -I/glade/u/apps/casper/24.12/spack/opt/spack/netcdf/4.9.2/nvhpc/24.11/djgy/include -Mbackslash -Mstandard -Kieee -acc -Minfo=accel  -c	../src/mixed_moment_PDF_integrals.F90
nvfortran -DNETCDF -DCLUBB_REAL_TYPE=8 -DCLUBB_GPU -DCUDA -DCOAMPS_MICRO -DNR_SP -DSILHS -Dradoffline -Dnooverlap -DCLUBB -I/glade/u/apps/casper/24.12/spack/opt/spack/netcdf/4.9.2/nvhpc/24.11/djgy/include -Mcache_align -O2  -I/glade/u/apps/casper/24.12/spack/opt/spack/netcdf/4.9.2/nvhpc/24.11/djgy/include -Mbackslash -Mstandard -Kieee -acc -Minfo=accel  -c	../src/Benchmark_cases/jun25.F90
nvfortran -DNETCDF -DCLUBB_REAL_TYPE=8 -DCLUBB_GPU -DCUDA -DCOAMPS_MICRO -DNR_SP -DSILHS -Dradoffline -Dnooverlap -DCLUBB -I/glade/u/apps/casper/24.12/spack/opt/spack/netcdf/4.9.2/nvhpc/24.11/djgy/include -Mcache_align -O2  -I/glade/u/apps/casper/24.12/spack/opt/spack/netcdf/4.9.2/nvhpc/24.11/djgy/include -Mbackslash -Mstandard -Kieee -acc -Minfo=accel  -c	../src/Benchmark_cases/nov11.F90
nvfortran -DNETCDF -DCLUBB_REAL_TYPE=8 -DCLUBB_GPU -DCUDA -DCOAMPS_MICRO -DNR_SP -DSILHS -Dradoffline -Dnooverlap -DCLUBB -I/glade/u/apps/casper/24.12/spack/opt/spack/netcdf/4.9.2/nvhpc/24.11/djgy/include -Mcache_align -O2  -I/glade/u/apps/casper/24.12/spack/opt/spack/netcdf/4.9.2/nvhpc/24.11/djgy/include -Mbackslash -Mstandard -Kieee -acc -Minfo=accel  -c	../src/Benchmark_cases/wangara.F90
nvfortran -DNETCDF -DCLUBB_REAL_TYPE=8 -DCLUBB_GPU -DCUDA -DCOAMPS_MICRO -DNR_SP -DSILHS -Dradoffline -Dnooverlap -DCLUBB -I/glade/u/apps/casper/24.12/spack/opt/spack/netcdf/4.9.2/nvhpc/24.11/djgy/include -Mcache_align -O2  -I/glade/u/apps/casper/24.12/spack/opt/spack/netcdf/4.9.2/nvhpc/24.11/djgy/include -Mbackslash -Mstandard -Kieee -acc -Minfo=accel  -c	../src/cos_solar_zen_module.F90
nvfortran -DNETCDF -DCLUBB_REAL_TYPE=8 -DCLUBB_GPU -DCUDA -DCOAMPS_MICRO -DNR_SP -DSILHS -Dradoffline -Dnooverlap -DCLUBB -I/glade/u/apps/casper/24.12/spack/opt/spack/netcdf/4.9.2/nvhpc/24.11/djgy/include -Mcache_align -O2  -I/glade/u/apps/casper/24.12/spack/opt/spack/netcdf/4.9.2/nvhpc/24.11/djgy/include -Mbackslash -Mstandard -Kieee -acc -Minfo=accel  -c	../src/morrison_microphys_module.F90
nvfortran -DNETCDF -DCLUBB_REAL_TYPE=8 -DCLUBB_GPU -DCUDA -DCOAMPS_MICRO -DNR_SP -DSILHS -Dradoffline -Dnooverlap -DCLUBB -I/glade/u/apps/casper/24.12/spack/opt/spack/netcdf/4.9.2/nvhpc/24.11/djgy/include -Mcache_align -O2  -I/glade/u/apps/casper/24.12/spack/opt/spack/netcdf/4.9.2/nvhpc/24.11/djgy/include -Mbackslash -Mstandard -Kieee -acc -Minfo=accel  -c	../src/Benchmark_cases/bomex.F90
nvfortran -DNETCDF -DCLUBB_REAL_TYPE=8 -DCLUBB_GPU -DCUDA -DCOAMPS_MICRO -DNR_SP -DSILHS -Dradoffline -Dnooverlap -DCLUBB -I/glade/u/apps/casper/24.12/spack/opt/spack/netcdf/4.9.2/nvhpc/24.11/djgy/include -Mcache_align -O2  -I/glade/u/apps/casper/24.12/spack/opt/spack/netcdf/4.9.2/nvhpc/24.11/djgy/include -Mbackslash -Mstandard -Kieee -acc -Minfo=accel  -c	../src/Benchmark_cases/sfc_flux.F90
nvfortran -DNETCDF -DCLUBB_REAL_TYPE=8 -DCLUBB_GPU -DCUDA -DCOAMPS_MICRO -DNR_SP -DSILHS -Dradoffline -Dnooverlap -DCLUBB -I/glade/u/apps/casper/24.12/spack/opt/spack/netcdf/4.9.2/nvhpc/24.11/djgy/include -Mcache_align -O2  -I/glade/u/apps/casper/24.12/spack/opt/spack/netcdf/4.9.2/nvhpc/24.11/djgy/include -Mbackslash -Mstandard -Kieee -acc -Minfo=accel  -c	../src/input_netcdf.F90
nvfortran -DNETCDF -DCLUBB_REAL_TYPE=8 -DCLUBB_GPU -DCUDA -DCOAMPS_MICRO -DNR_SP -DSILHS -Dradoffline -Dnooverlap -DCLUBB -I/glade/u/apps/casper/24.12/spack/opt/spack/netcdf/4.9.2/nvhpc/24.11/djgy/include -Mcache_align -O2  -I/glade/u/apps/casper/24.12/spack/opt/spack/netcdf/4.9.2/nvhpc/24.11/djgy/include -Mbackslash -Mstandard -Kieee -acc -Minfo=accel  -c	../src/Benchmark_cases/cobra.F90
nvfortran -DNETCDF -DCLUBB_REAL_TYPE=8 -DCLUBB_GPU -DCUDA -DCOAMPS_MICRO -DNR_SP -DSILHS -Dradoffline -Dnooverlap -DCLUBB -I/glade/u/apps/casper/24.12/spack/opt/spack/netcdf/4.9.2/nvhpc/24.11/djgy/include -Mcache_align -O2  -I/glade/u/apps/casper/24.12/spack/opt/spack/netcdf/4.9.2/nvhpc/24.11/djgy/include -Mbackslash -Mstandard -Kieee -acc -Minfo=accel  -c	../src/Benchmark_cases/fire.F90
nvfortran -DNETCDF -DCLUBB_REAL_TYPE=8 -DCLUBB_GPU -DCUDA -DCOAMPS_MICRO -DNR_SP -DSILHS -Dradoffline -Dnooverlap -DCLUBB -I/glade/u/apps/casper/24.12/spack/opt/spack/netcdf/4.9.2/nvhpc/24.11/djgy/include -Mcache_align -O2  -I/glade/u/apps/casper/24.12/spack/opt/spack/netcdf/4.9.2/nvhpc/24.11/djgy/include -Mbackslash -Mstandard -Kieee -acc -Minfo=accel  -c	../src/KK_microphys_module.F90
nvfortran -DNETCDF -DCLUBB_REAL_TYPE=8 -DCLUBB_GPU -DCUDA -DCOAMPS_MICRO -DNR_SP -DSILHS -Dradoffline -Dnooverlap -DCLUBB -I/glade/u/apps/casper/24.12/spack/opt/spack/netcdf/4.9.2/nvhpc/24.11/djgy/include -Mcache_align -O2  -I/glade/u/apps/casper/24.12/spack/opt/spack/netcdf/4.9.2/nvhpc/24.11/djgy/include -Mbackslash -Mstandard -Kieee -acc -Minfo=accel  -c	../src/Benchmark_cases/arm_3year.F90
nvfortran -DNETCDF -DCLUBB_REAL_TYPE=8 -DCLUBB_GPU -DCUDA -DCOAMPS_MICRO -DNR_SP -DSILHS -Dradoffline -Dnooverlap -DCLUBB -I/glade/u/apps/casper/24.12/spack/opt/spack/netcdf/4.9.2/nvhpc/24.11/djgy/include -Mcache_align -O2  -I/glade/u/apps/casper/24.12/spack/opt/spack/netcdf/4.9.2/nvhpc/24.11/djgy/include -Mbackslash -Mstandard -Kieee -acc -Minfo=accel  -c	../src/Benchmark_cases/neutral_case.F90
nvfortran -DNETCDF -DCLUBB_REAL_TYPE=8 -DCLUBB_GPU -DCUDA -DCOAMPS_MICRO -DNR_SP -DSILHS -Dradoffline -Dnooverlap -DCLUBB -I/glade/u/apps/casper/24.12/spack/opt/spack/netcdf/4.9.2/nvhpc/24.11/djgy/include -Mcache_align -O2  -I/glade/u/apps/casper/24.12/spack/opt/spack/netcdf/4.9.2/nvhpc/24.11/djgy/include -Mbackslash -Mstandard -Kieee -acc -Minfo=accel  -c	../src/Benchmark_cases/arm.F90
nvfortran -DNETCDF -DCLUBB_REAL_TYPE=8 -DCLUBB_GPU -DCUDA -DCOAMPS_MICRO -DNR_SP -DSILHS -Dradoffline -Dnooverlap -DCLUBB -I/glade/u/apps/casper/24.12/spack/opt/spack/netcdf/4.9.2/nvhpc/24.11/djgy/include -Mcache_align -O2  -I/glade/u/apps/casper/24.12/spack/opt/spack/netcdf/4.9.2/nvhpc/24.11/djgy/include -Mbackslash -Mstandard -Kieee -acc -Minfo=accel  -c	../src/Benchmark_cases/arm_0003.F90
nvfortran -DNETCDF -DCLUBB_REAL_TYPE=8 -DCLUBB_GPU -DCUDA -DCOAMPS_MICRO -DNR_SP -DSILHS -Dradoffline -Dnooverlap -DCLUBB -I/glade/u/apps/casper/24.12/spack/opt/spack/netcdf/4.9.2/nvhpc/24.11/djgy/include -Mcache_align -O2  -I/glade/u/apps/casper/24.12/spack/opt/spack/netcdf/4.9.2/nvhpc/24.11/djgy/include -Mbackslash -Mstandard -Kieee -acc -Minfo=accel  -c	../src/Benchmark_cases/arm_97.F90
nvfortran -DNETCDF -DCLUBB_REAL_TYPE=8 -DCLUBB_GPU -DCUDA -DCOAMPS_MICRO -DNR_SP -DSILHS -Dradoffline -Dnooverlap -DCLUBB -I/glade/u/apps/casper/24.12/spack/opt/spack/netcdf/4.9.2/nvhpc/24.11/djgy/include -Mcache_align -O2  -I/glade/u/apps/casper/24.12/spack/opt/spack/netcdf/4.9.2/nvhpc/24.11/djgy/include -Mbackslash -Mstandard -Kieee -acc -Minfo=accel  -c	../src/simple_rad_module.F90
nvfortran -DNETCDF -DCLUBB_REAL_TYPE=8 -DCLUBB_GPU -DCUDA -DCOAMPS_MICRO -DNR_SP -DSILHS -Dradoffline -Dnooverlap -DCLUBB -I/glade/u/apps/casper/24.12/spack/opt/spack/netcdf/4.9.2/nvhpc/24.11/djgy/include -Mcache_align -O2  -I/glade/u/apps/casper/24.12/spack/opt/spack/netcdf/4.9.2/nvhpc/24.11/djgy/include -Mbackslash -Mstandard -Kieee -acc -Minfo=accel  -c	../src/Benchmark_cases/mpace_b.F90
nvfortran -DNETCDF -DCLUBB_REAL_TYPE=8 -DCLUBB_GPU -DCUDA -DCOAMPS_MICRO -DNR_SP -DSILHS -Dradoffline -Dnooverlap -DCLUBB -I/glade/u/apps/casper/24.12/spack/opt/spack/netcdf/4.9.2/nvhpc/24.11/djgy/include -Mcache_align -O2  -I/glade/u/apps/casper/24.12/spack/opt/spack/netcdf/4.9.2/nvhpc/24.11/djgy/include -Mbackslash -Mstandard -Kieee -acc -Minfo=accel  -c	../src/Benchmark_cases/gabls3.F90
nvfortran -DNETCDF -DCLUBB_REAL_TYPE=8 -DCLUBB_GPU -DCUDA -DCOAMPS_MICRO -DNR_SP -DSILHS -Dradoffline -Dnooverlap -DCLUBB -I/glade/u/apps/casper/24.12/spack/opt/spack/netcdf/4.9.2/nvhpc/24.11/djgy/include -Mcache_align -O2  -I/glade/u/apps/casper/24.12/spack/opt/spack/netcdf/4.9.2/nvhpc/24.11/djgy/include -Mbackslash -Mstandard -Kieee -acc -Minfo=accel  -c	../src/extended_atmosphere_module.F90
nvfortran -DNETCDF -DCLUBB_REAL_TYPE=8 -DCLUBB_GPU -DCUDA -DCOAMPS_MICRO -DNR_SP -DSILHS -Dradoffline -Dnooverlap -DCLUBB -I/glade/u/apps/casper/24.12/spack/opt/spack/netcdf/4.9.2/nvhpc/24.11/djgy/include -Mcache_align -O2  -I/glade/u/apps/casper/24.12/spack/opt/spack/netcdf/4.9.2/nvhpc/24.11/djgy/include -Mbackslash -Mstandard -Kieee -acc -Minfo=accel  -c	../src/microphys_init_cleanup.F90
nvfortran -DNETCDF -DCLUBB_REAL_TYPE=8 -DCLUBB_GPU -DCUDA -DCOAMPS_MICRO -DNR_SP -DSILHS -Dradoffline -Dnooverlap -DCLUBB -I/glade/u/apps/casper/24.12/spack/opt/spack/netcdf/4.9.2/nvhpc/24.11/djgy/include -Mcache_align -O2  -I/glade/u/apps/casper/24.12/spack/opt/spack/netcdf/4.9.2/nvhpc/24.11/djgy/include -Mbackslash -Mstandard -Kieee -acc -Minfo=accel  -c	../src/Benchmark_cases/astex_a209.F90
nvfortran -DNETCDF -DCLUBB_REAL_TYPE=8 -DCLUBB_GPU -DCUDA -DCOAMPS_MICRO -DNR_SP -DSILHS -Dradoffline -Dnooverlap -DCLUBB -I/glade/u/apps/casper/24.12/spack/opt/spack/netcdf/4.9.2/nvhpc/24.11/djgy/include -Mcache_align -O2  -I/glade/u/apps/casper/24.12/spack/opt/spack/netcdf/4.9.2/nvhpc/24.11/djgy/include -Mbackslash -Mstandard -Kieee -acc -Minfo=accel  -c	../src/Benchmark_cases/atex.F90
nvfortran -DNETCDF -DCLUBB_REAL_TYPE=8 -DCLUBB_GPU -DCUDA -DCOAMPS_MICRO -DNR_SP -DSILHS -Dradoffline -Dnooverlap -DCLUBB -I/glade/u/apps/casper/24.12/spack/opt/spack/netcdf/4.9.2/nvhpc/24.11/djgy/include -Mcache_align -O2  -I/glade/u/apps/casper/24.12/spack/opt/spack/netcdf/4.9.2/nvhpc/24.11/djgy/include -Mbackslash -Mstandard -Kieee -acc -Minfo=accel  -c	../src/Benchmark_cases/dycoms2_rf01.F90
nvfortran -DNETCDF -DCLUBB_REAL_TYPE=8 -DCLUBB_GPU -DCUDA -DCOAMPS_MICRO -DNR_SP -DSILHS -Dradoffline -Dnooverlap -DCLUBB -I/glade/u/apps/casper/24.12/spack/opt/spack/netcdf/4.9.2/nvhpc/24.11/djgy/include -Mcache_align -O2  -I/glade/u/apps/casper/24.12/spack/opt/spack/netcdf/4.9.2/nvhpc/24.11/djgy/include -Mbackslash -Mstandard -Kieee -acc -Minfo=accel  -c	../src/Benchmark_cases/dycoms2_rf02.F90
nvfortran -DNETCDF -DCLUBB_REAL_TYPE=8 -DCLUBB_GPU -DCUDA -DCOAMPS_MICRO -DNR_SP -DSILHS -Dradoffline -Dnooverlap -DCLUBB -I/glade/u/apps/casper/24.12/spack/opt/spack/netcdf/4.9.2/nvhpc/24.11/djgy/include -Mcache_align -O2  -I/glade/u/apps/casper/24.12/spack/opt/spack/netcdf/4.9.2/nvhpc/24.11/djgy/include -Mbackslash -Mstandard -Kieee -acc -Minfo=accel  -c	../src/Benchmark_cases/gabls3_night.F90
nvfortran -DNETCDF -DCLUBB_REAL_TYPE=8 -DCLUBB_GPU -DCUDA -DCOAMPS_MICRO -DNR_SP -DSILHS -Dradoffline -Dnooverlap -DCLUBB -I/glade/u/apps/casper/24.12/spack/opt/spack/netcdf/4.9.2/nvhpc/24.11/djgy/include -Mcache_align -O2  -I/glade/u/apps/casper/24.12/spack/opt/spack/netcdf/4.9.2/nvhpc/24.11/djgy/include -Mbackslash -Mstandard -Kieee -acc -Minfo=accel  -c	../src/Benchmark_cases/lba.F90
nvfortran -DNETCDF -DCLUBB_REAL_TYPE=8 -DCLUBB_GPU -DCUDA -DCOAMPS_MICRO -DNR_SP -DSILHS -Dradoffline -Dnooverlap -DCLUBB -I/glade/u/apps/casper/24.12/spack/opt/spack/netcdf/4.9.2/nvhpc/24.11/djgy/include -Mcache_align -O2  -I/glade/u/apps/casper/24.12/spack/opt/spack/netcdf/4.9.2/nvhpc/24.11/djgy/include -Mbackslash -Mstandard -Kieee -acc -Minfo=accel  -c	../src/Benchmark_cases/rico.F90
nvfortran -DNETCDF -DCLUBB_REAL_TYPE=8 -DCLUBB_GPU -DCUDA -DCOAMPS_MICRO -DNR_SP -DSILHS -Dradoffline -Dnooverlap -DCLUBB -I/glade/u/apps/casper/24.12/spack/opt/spack/netcdf/4.9.2/nvhpc/24.11/djgy/include -Mcache_align -O2  -I/glade/u/apps/casper/24.12/spack/opt/spack/netcdf/4.9.2/nvhpc/24.11/djgy/include -Mbackslash -Mstandard -Kieee -acc -Minfo=accel  -c	../src/Benchmark_cases/twp_ice.F90
nvfortran -DNETCDF -DCLUBB_REAL_TYPE=8 -DCLUBB_GPU -DCUDA -DCOAMPS_MICRO -DNR_SP -DSILHS -Dradoffline -Dnooverlap -DCLUBB -I/glade/u/apps/casper/24.12/spack/opt/spack/netcdf/4.9.2/nvhpc/24.11/djgy/include -Mcache_align -O2  -I/glade/u/apps/casper/24.12/spack/opt/spack/netcdf/4.9.2/nvhpc/24.11/djgy/include -Mbackslash -Mstandard -Kieee -acc -Minfo=accel  -c	../src/Benchmark_cases/cloud_feedback.F90
nvfortran -DNETCDF -DCLUBB_REAL_TYPE=8 -DCLUBB_GPU -DCUDA -DCOAMPS_MICRO -DNR_SP -DSILHS -Dradoffline -Dnooverlap -DCLUBB -I/glade/u/apps/casper/24.12/spack/opt/spack/netcdf/4.9.2/nvhpc/24.11/djgy/include -Mcache_align -O2  -I/glade/u/apps/casper/24.12/spack/opt/spack/netcdf/4.9.2/nvhpc/24.11/djgy/include -Mbackslash -Mstandard -Kieee -acc -Minfo=accel  -c	../src/Benchmark_cases/gabls2.F90
nvfortran -DNETCDF -DCLUBB_REAL_TYPE=8 -DCLUBB_GPU -DCUDA -DCOAMPS_MICRO -DNR_SP -DSILHS -Dradoffline -Dnooverlap -DCLUBB -I/glade/u/apps/casper/24.12/spack/opt/spack/netcdf/4.9.2/nvhpc/24.11/djgy/include -Mcache_align -O2  -I/glade/u/apps/casper/24.12/spack/opt/spack/netcdf/4.9.2/nvhpc/24.11/djgy/include -Mbackslash -Mstandard -Kieee -acc -Minfo=accel  -c	../src/stat_file_utils.F90
nvfortran -DNETCDF -DCLUBB_REAL_TYPE=8 -DCLUBB_GPU -DCUDA -DCOAMPS_MICRO -DNR_SP -DSILHS -Dradoffline -Dnooverlap -DCLUBB -I/glade/u/apps/casper/24.12/spack/opt/spack/netcdf/4.9.2/nvhpc/24.11/djgy/include -Mcache_align -O2  -I/glade/u/apps/casper/24.12/spack/opt/spack/netcdf/4.9.2/nvhpc/24.11/djgy/include -Mbackslash -Mstandard -Kieee -acc -Minfo=accel  -c -I../src	../src/estimate_scm_microphys_module.F90
nvfortran -DNETCDF -DCLUBB_REAL_TYPE=8 -DCLUBB_GPU -DCUDA -DCOAMPS_MICRO -DNR_SP -DSILHS -Dradoffline -Dnooverlap -DCLUBB -I/glade/u/apps/casper/24.12/spack/opt/spack/netcdf/4.9.2/nvhpc/24.11/djgy/include -Mcache_align -O2  -I/glade/u/apps/casper/24.12/spack/opt/spack/netcdf/4.9.2/nvhpc/24.11/djgy/include -Mbackslash -Mstandard -Kieee -acc -Minfo=accel  -c	../src/sounding.F90
nvfortran -DNETCDF -DCLUBB_REAL_TYPE=8 -DCLUBB_GPU -DCUDA -DCOAMPS_MICRO -DNR_SP -DSILHS -Dradoffline -Dnooverlap -DCLUBB -I/glade/u/apps/casper/24.12/spack/opt/spack/netcdf/4.9.2/nvhpc/24.11/djgy/include -Mcache_align -O2  -I/glade/u/apps/casper/24.12/spack/opt/spack/netcdf/4.9.2/nvhpc/24.11/djgy/include -Mbackslash -Mstandard -Kieee -acc -Minfo=accel  -c	../src/input_fields.F90
nvfortran -DNETCDF -DCLUBB_REAL_TYPE=8 -DCLUBB_GPU -DCUDA -DCOAMPS_MICRO -DNR_SP -DSILHS -Dradoffline -Dnooverlap -DCLUBB -I/glade/u/apps/casper/24.12/spack/opt/spack/netcdf/4.9.2/nvhpc/24.11/djgy/include -Mcache_align -O2  -I/glade/u/apps/casper/24.12/spack/opt/spack/netcdf/4.9.2/nvhpc/24.11/djgy/include -Mbackslash -Mstandard -Kieee -acc -Minfo=accel  -c	../src/bugsrad_driver.F90
nvfortran -DNETCDF -DCLUBB_REAL_TYPE=8 -DCLUBB_GPU -DCUDA -DCOAMPS_MICRO -DNR_SP -DSILHS -Dradoffline -Dnooverlap -DCLUBB -I/glade/u/apps/casper/24.12/spack/opt/spack/netcdf/4.9.2/nvhpc/24.11/djgy/include -Mcache_align -O2  -I/glade/u/apps/casper/24.12/spack/opt/spack/netcdf/4.9.2/nvhpc/24.11/djgy/include -Mbackslash -Mstandard -Kieee -acc -Minfo=accel  -c -I../src	../src/lh_microphys_driver_module.F90
nvfortran -DNETCDF -DCLUBB_REAL_TYPE=8 -DCLUBB_GPU -DCUDA -DCOAMPS_MICRO -DNR_SP -DSILHS -Dradoffline -Dnooverlap -DCLUBB -I/glade/u/apps/casper/24.12/spack/opt/spack/netcdf/4.9.2/nvhpc/24.11/djgy/include -Mcache_align -O2  -I/glade/u/apps/casper/24.12/spack/opt/spack/netcdf/4.9.2/nvhpc/24.11/djgy/include -Mbackslash -Mstandard -Kieee -acc -Minfo=accel  -c	../src/microphys_driver.F90
nvfortran -DNETCDF -DCLUBB_REAL_TYPE=8 -DCLUBB_GPU -DCUDA -DCOAMPS_MICRO -DNR_SP -DSILHS -Dradoffline -Dnooverlap -DCLUBB -I/glade/u/apps/casper/24.12/spack/opt/spack/netcdf/4.9.2/nvhpc/24.11/djgy/include -Mcache_align -O2  -I/glade/u/apps/casper/24.12/spack/opt/spack/netcdf/4.9.2/nvhpc/24.11/djgy/include -Mbackslash -Mstandard -Kieee -acc -Minfo=accel  -c	../src/clubb_driver.F90
NVFORTRAN-W-0435-Array declared with zero size (../src/clubb_driver.F90: 419)
run_clubb:
   2700, Generating copyout(lh_thl_clipped(:,:,:),x_nl_all_levs(:,:,:,:),x_mixt_comp_all_levs(:,:,:),lh_rv_clipped(:,:,:),lh_rc_clipped(:,:,:),lh_sample_point_weights(:,:,:),lh_nc_clipped(:,:,:),lh_rt_clipped(:,:,:)) [if not already present]
         Generating copyin(hm_metadata) [if not already present]
nvfortran -DNETCDF -DCLUBB_REAL_TYPE=8 -DCLUBB_GPU -DCUDA -DCOAMPS_MICRO -DNR_SP -DSILHS -Dradoffline -Dnooverlap -DCLUBB -I/glade/u/apps/casper/24.12/spack/opt/spack/netcdf/4.9.2/nvhpc/24.11/djgy/include -Mcache_align -O2  -I/glade/u/apps/casper/24.12/spack/opt/spack/netcdf/4.9.2/nvhpc/24.11/djgy/include -Mbackslash -Mstandard -Kieee -acc -Minfo=accel  -c	../src/error.F90
nvfortran -DNETCDF -DCLUBB_REAL_TYPE=8 -DCLUBB_GPU -DCUDA -DCOAMPS_MICRO -DNR_SP -DSILHS -Dradoffline -Dnooverlap -DCLUBB -I/glade/u/apps/casper/24.12/spack/opt/spack/netcdf/4.9.2/nvhpc/24.11/djgy/include -Mcache_align -O2  -I/glade/u/apps/casper/24.12/spack/opt/spack/netcdf/4.9.2/nvhpc/24.11/djgy/include -Mbackslash -Mstandard -Kieee -acc -Minfo=accel  -c -I../src	../src/enhanced_simann.F90
ar rv /glade/u/home/ilinck/clubb_release/compile/../lib/libclubb_other.a hydrostatic_module.o morrison_microphys_module.o bomex.o sfc_flux.o cloud_feedback.o quicksort.o gabls2.o input_netcdf.o stat_file_utils.o clex9_nov02.o cobra.o fire.o estimate_scm_microphys_module.o extrapolation.o arm_3year.o neutral_case.o parameters_radiation.o arm.o arm_0003.o clex9_oct14.o ice_dfsn_module.o silhs_category_variance_module.o arm_97.o simple_rad_module.o rad_lwsw_module.o mpace_b.o mpace_a.o gabls3.o sounding.o clubb_driver.o cos_solar_zen_module.o diag_ustar_module.o advance_microphys_module.o twp_ice.o spec_hum_to_mixing_ratio.o microphys_init_cleanup.o cloud_sed_module.o input_grads.o nov11.o clubb_model_settings.o bugsrad_driver.o microphys_driver.o error.o gfdl_activation.o wangara.o astex_a209.o mixed_moment_PDF_integrals.o extended_atmosphere_module.o input_fields.o lh_microphys_driver_module.o jun25.o KK_microphys_module.o rico.o lba.o gabls3_night.o time_dependent_input.o soil_vegetation.o input_interpret.o coamps_microphys_driver_module.o dycoms2_rf01.o atex.o parameters_microphys.o enhanced_simann.o dycoms2_rf02.o
ar: creating /glade/u/home/ilinck/clubb_release/compile/../lib/libclubb_other.a
a - hydrostatic_module.o
a - morrison_microphys_module.o
a - bomex.o
a - sfc_flux.o
a - cloud_feedback.o
a - quicksort.o
a - gabls2.o
a - input_netcdf.o
a - stat_file_utils.o
a - clex9_nov02.o
a - cobra.o
a - fire.o
a - estimate_scm_microphys_module.o
a - extrapolation.o
a - arm_3year.o
a - neutral_case.o
a - parameters_radiation.o
a - arm.o
a - arm_0003.o
a - clex9_oct14.o
a - ice_dfsn_module.o
a - silhs_category_variance_module.o
a - arm_97.o
a - simple_rad_module.o
a - rad_lwsw_module.o
a - mpace_b.o
a - mpace_a.o
a - gabls3.o
a - sounding.o
a - clubb_driver.o
a - cos_solar_zen_module.o
a - diag_ustar_module.o
a - advance_microphys_module.o
a - twp_ice.o
a - spec_hum_to_mixing_ratio.o
a - microphys_init_cleanup.o
a - cloud_sed_module.o
a - input_grads.o
a - nov11.o
a - clubb_model_settings.o
a - bugsrad_driver.o
a - microphys_driver.o
a - error.o
a - gfdl_activation.o
a - wangara.o
a - astex_a209.o
a - mixed_moment_PDF_integrals.o
a - extended_atmosphere_module.o
a - input_fields.o
a - lh_microphys_driver_module.o
a - jun25.o
a - KK_microphys_module.o
a - rico.o
a - lba.o
a - gabls3_night.o
a - time_dependent_input.o
a - soil_vegetation.o
a - input_interpret.o
a - coamps_microphys_driver_module.o
a - dycoms2_rf01.o
a - atex.o
a - parameters_microphys.o
a - enhanced_simann.o
a - dycoms2_rf02.o
make[1]: Leaving directory '/glade/u/home/ilinck/clubb_release/obj'
cd /glade/u/home/ilinck/clubb_release/compile/../obj; make -f Make.clubb_standalone
cd /glade/u/home/ilinck/clubb_release/compile/../obj; make -f Make.clubb_tuner
make[1]: Entering directory '/glade/u/home/ilinck/clubb_release/obj'
nvfortran -DNETCDF -DCLUBB_REAL_TYPE=8 -DCLUBB_GPU -DCUDA -DCOAMPS_MICRO -DNR_SP -DSILHS -Dradoffline -Dnooverlap -DCLUBB -I/glade/u/apps/casper/24.12/spack/opt/spack/netcdf/4.9.2/nvhpc/24.11/djgy/include -Mcache_align -O2  -I/glade/u/apps/casper/24.12/spack/opt/spack/netcdf/4.9.2/nvhpc/24.11/djgy/include -Mbackslash -Mstandard -Kieee -acc -Minfo=accel  -c	../src/clubb_standalone.F90
make[1]: Entering directory '/glade/u/home/ilinck/clubb_release/obj'
nvfortran -Mcache_align -O2  -I/glade/u/apps/casper/24.12/spack/opt/spack/netcdf/4.9.2/nvhpc/24.11/djgy/include -Mbackslash -Mstandard -Kieee -acc -Minfo=accel  -c	/glade/u/home/ilinck/clubb_release/compile/../src/Numerical_recipes/nrtype.f90
nvfortran -Mcache_align -O2  -I/glade/u/apps/casper/24.12/spack/opt/spack/netcdf/4.9.2/nvhpc/24.11/djgy/include -Mbackslash -Mstandard -Kieee -acc -Minfo=accel  -c	/glade/u/home/ilinck/clubb_release/compile/../src/Numerical_recipes/nr.f90
nvfortran clubb_standalone.o -o /glade/u/home/ilinck/clubb_release/compile/../bin/clubb_standalone  -L/glade/u/home/ilinck/clubb_release/compile/../lib -lclubb_other -lclubb_coamps -lclubb_gfdlact -lsilhs -lclubb_bugsrad -lclubb_KK_microphys -lclubb_parabolic -lclubb_morrison -lmicrophys_utils -lclubb_param -lclubb_lapack -Mcache_align -L/glade/u/apps/casper/24.12/spack/opt/spack/netcdf/4.9.2/nvhpc/24.11/djgy/lib -lnetcdff  -acc -cuda -gpu=cc80
nvfortran -Mcache_align -O2  -I/glade/u/apps/casper/24.12/spack/opt/spack/netcdf/4.9.2/nvhpc/24.11/djgy/include -Mbackslash -Mstandard -Kieee -acc -Minfo=accel  -c	/glade/u/home/ilinck/clubb_release/compile/../src/Numerical_recipes/nrutil.f90
nvfortran -DNETCDF -DCLUBB_REAL_TYPE=8 -DCLUBB_GPU -DCUDA -DCOAMPS_MICRO -DNR_SP -DSILHS -Dradoffline -Dnooverlap -DCLUBB -I/glade/u/apps/casper/24.12/spack/opt/spack/netcdf/4.9.2/nvhpc/24.11/djgy/include -Mcache_align -O2  -I/glade/u/apps/casper/24.12/spack/opt/spack/netcdf/4.9.2/nvhpc/24.11/djgy/include -Mbackslash -Mstandard -Kieee -acc -Minfo=accel  -c	../src/clubb_tuner.F90
make[1]: Leaving directory '/glade/u/home/ilinck/clubb_release/obj'
nvfortran -Mcache_align -O2  -I/glade/u/apps/casper/24.12/spack/opt/spack/netcdf/4.9.2/nvhpc/24.11/djgy/include -Mbackslash -Mstandard -Kieee -acc -Minfo=accel  -c	/glade/u/home/ilinck/clubb_release/compile/../src/Numerical_recipes/amoeba.f90
nvfortran -Mcache_align -O2  -I/glade/u/apps/casper/24.12/spack/opt/spack/netcdf/4.9.2/nvhpc/24.11/djgy/include -Mbackslash -Mstandard -Kieee -acc -Minfo=accel  -c	/glade/u/home/ilinck/clubb_release/compile/../src/Numerical_recipes/ran_state.f90
cd /glade/u/home/ilinck/clubb_release/compile/../obj; make -f Make.jacobian
make[1]: Entering directory '/glade/u/home/ilinck/clubb_release/obj'
nvfortran -DNETCDF -DCLUBB_REAL_TYPE=8 -DCLUBB_GPU -DCUDA -DCOAMPS_MICRO -DNR_SP -DSILHS -Dradoffline -Dnooverlap -DCLUBB -I/glade/u/apps/casper/24.12/spack/opt/spack/netcdf/4.9.2/nvhpc/24.11/djgy/include -Mcache_align -O2  -I/glade/u/apps/casper/24.12/spack/opt/spack/netcdf/4.9.2/nvhpc/24.11/djgy/include -Mbackslash -Mstandard -Kieee -acc -Minfo=accel  -c	../src/jacobian.F90
nvfortran -Mcache_align -O2  -I/glade/u/apps/casper/24.12/spack/opt/spack/netcdf/4.9.2/nvhpc/24.11/djgy/include -Mbackslash -Mstandard -Kieee -acc -Minfo=accel  -c	/glade/u/home/ilinck/clubb_release/compile/../src/Numerical_recipes/amebsa.f90
nvfortran -Mcache_align -O2  -I/glade/u/apps/casper/24.12/spack/opt/spack/netcdf/4.9.2/nvhpc/24.11/djgy/include -Mbackslash -Mstandard -Kieee -acc -Minfo=accel  -c	/glade/u/home/ilinck/clubb_release/compile/../src/Numerical_recipes/ran1_v.f90
nvfortran -Mcache_align -O2  -I/glade/u/apps/casper/24.12/spack/opt/spack/netcdf/4.9.2/nvhpc/24.11/djgy/include -Mbackslash -Mstandard -Kieee -acc -Minfo=accel  -c	/glade/u/home/ilinck/clubb_release/compile/../src/Numerical_recipes/ran1_s.f90
nvfortran jacobian.o -o /glade/u/home/ilinck/clubb_release/compile/../bin/jacobian  -L/glade/u/home/ilinck/clubb_release/compile/../lib -lclubb_other -lclubb_coamps -lclubb_gfdlact -lsilhs -lclubb_bugsrad -lclubb_KK_microphys -lclubb_parabolic -lclubb_morrison -lmicrophys_utils -lclubb_param -lclubb_lapack -Mcache_align -L/glade/u/apps/casper/24.12/spack/opt/spack/netcdf/4.9.2/nvhpc/24.11/djgy/lib -lnetcdff  -acc -cuda -gpu=cc80
nvfortran nr.o nrutil.o clubb_tuner.o amoeba.o ran1_s.o amebsa.o nrtype.o ran1_v.o ran_state.o -o /glade/u/home/ilinck/clubb_release/compile/../bin/clubb_tuner  -L/glade/u/home/ilinck/clubb_release/compile/../lib -lclubb_other -lclubb_coamps -lclubb_gfdlact -lsilhs -lclubb_bugsrad -lclubb_KK_microphys -lclubb_parabolic -lclubb_morrison -lmicrophys_utils -lclubb_param -lclubb_lapack -Mcache_align -L/glade/u/apps/casper/24.12/spack/opt/spack/netcdf/4.9.2/nvhpc/24.11/djgy/lib -lnetcdff  -acc -cuda -gpu=cc80
make[1]: Leaving directory '/glade/u/home/ilinck/clubb_release/obj'
cd /glade/u/home/ilinck/clubb_release/compile/../obj; make -f Make.G_unit_tests
make[1]: Entering directory '/glade/u/home/ilinck/clubb_release/obj'
nvfortran -DNETCDF -DCLUBB_REAL_TYPE=8 -DCLUBB_GPU -DCUDA -DCOAMPS_MICRO -DNR_SP -DSILHS -Dradoffline -Dnooverlap -DCLUBB -I/glade/u/apps/casper/24.12/spack/opt/spack/netcdf/4.9.2/nvhpc/24.11/djgy/include -Mcache_align -O2  -I/glade/u/apps/casper/24.12/spack/opt/spack/netcdf/4.9.2/nvhpc/24.11/djgy/include -Mbackslash -Mstandard -Kieee -acc -Minfo=accel  -c	../src/G_unit_test_types/KK_integrals_tests.F90
make[1]: Leaving directory '/glade/u/home/ilinck/clubb_release/obj'
cd /glade/u/home/ilinck/clubb_release/compile/../obj; make -f Make.int2txt
make[1]: Entering directory '/glade/u/home/ilinck/clubb_release/obj'
nvfortran  -I/glade/u/apps/casper/24.12/spack/opt/spack/netcdf/4.9.2/nvhpc/24.11/djgy/include -Mcache_align -O2  -I/glade/u/apps/casper/24.12/spack/opt/spack/netcdf/4.9.2/nvhpc/24.11/djgy/include -Mbackslash -Mstandard -Kieee -acc -Minfo=accel  -c -I../src/CLUBB_core	../src/int2txt.F90
nvfortran int2txt.o -o /glade/u/home/ilinck/clubb_release/compile/../bin/int2txt  -L/glade/u/home/ilinck/clubb_release/compile/../lib -lclubb_other -lclubb_coamps -lclubb_gfdlact -lsilhs -lclubb_bugsrad -lclubb_KK_microphys -lclubb_parabolic -lclubb_morrison -lmicrophys_utils -lclubb_param -lclubb_lapack -Mcache_align -L/glade/u/apps/casper/24.12/spack/opt/spack/netcdf/4.9.2/nvhpc/24.11/djgy/lib -lnetcdff  -acc -cuda -gpu=cc80
nvfortran -DNETCDF -DCLUBB_REAL_TYPE=8 -DCLUBB_GPU -DCUDA -DCOAMPS_MICRO -DNR_SP -DSILHS -Dradoffline -Dnooverlap -DCLUBB -I/glade/u/apps/casper/24.12/spack/opt/spack/netcdf/4.9.2/nvhpc/24.11/djgy/include -Mcache_align -O2  -I/glade/u/apps/casper/24.12/spack/opt/spack/netcdf/4.9.2/nvhpc/24.11/djgy/include -Mbackslash -Mstandard -Kieee -acc -Minfo=accel  -c	../src/G_unit_test_types/corr_cholesky_mtx_tests.F90
nvfortran -DNETCDF -DCLUBB_REAL_TYPE=8 -DCLUBB_GPU -DCUDA -DCOAMPS_MICRO -DNR_SP -DSILHS -Dradoffline -Dnooverlap -DCLUBB -I/glade/u/apps/casper/24.12/spack/opt/spack/netcdf/4.9.2/nvhpc/24.11/djgy/include -Mcache_align -O2  -I/glade/u/apps/casper/24.12/spack/opt/spack/netcdf/4.9.2/nvhpc/24.11/djgy/include -Mbackslash -Mstandard -Kieee -acc -Minfo=accel  -c	../src/G_unit_test_types/hole_filling_tests.F90
nvfortran -DNETCDF -DCLUBB_REAL_TYPE=8 -DCLUBB_GPU -DCUDA -DCOAMPS_MICRO -DNR_SP -DSILHS -Dradoffline -Dnooverlap -DCLUBB -I/glade/u/apps/casper/24.12/spack/opt/spack/netcdf/4.9.2/nvhpc/24.11/djgy/include -Mcache_align -O2  -I/glade/u/apps/casper/24.12/spack/opt/spack/netcdf/4.9.2/nvhpc/24.11/djgy/include -Mbackslash -Mstandard -Kieee -acc -Minfo=accel  -c	../src/G_unit_test_types/smooth_heaviside_tests.F90
nvfortran -DNETCDF -DCLUBB_REAL_TYPE=8 -DCLUBB_GPU -DCUDA -DCOAMPS_MICRO -DNR_SP -DSILHS -Dradoffline -Dnooverlap -DCLUBB -I/glade/u/apps/casper/24.12/spack/opt/spack/netcdf/4.9.2/nvhpc/24.11/djgy/include -Mcache_align -O2  -I/glade/u/apps/casper/24.12/spack/opt/spack/netcdf/4.9.2/nvhpc/24.11/djgy/include -Mbackslash -Mstandard -Kieee -acc -Minfo=accel  -c	../src/G_unit_test_types/tuner_tests.F90
make[1]: Leaving directory '/glade/u/home/ilinck/clubb_release/obj'
cd /glade/u/home/ilinck/clubb_release/compile/../obj; make -f Make.clubb_thread_test
make[1]: Entering directory '/glade/u/home/ilinck/clubb_release/obj'
nvfortran -DNETCDF -DCLUBB_REAL_TYPE=8 -DCLUBB_GPU -DCUDA -DCOAMPS_MICRO -DNR_SP -DSILHS -Dradoffline -Dnooverlap -DCLUBB -I/glade/u/apps/casper/24.12/spack/opt/spack/netcdf/4.9.2/nvhpc/24.11/djgy/include -Mcache_align -O2  -I/glade/u/apps/casper/24.12/spack/opt/spack/netcdf/4.9.2/nvhpc/24.11/djgy/include -Mbackslash -Mstandard -Kieee -acc -Minfo=accel  -c	../src/clubb_thread_test.F90
nvfortran -DNETCDF -DCLUBB_REAL_TYPE=8 -DCLUBB_GPU -DCUDA -DCOAMPS_MICRO -DNR_SP -DSILHS -Dradoffline -Dnooverlap -DCLUBB -I/glade/u/apps/casper/24.12/spack/opt/spack/netcdf/4.9.2/nvhpc/24.11/djgy/include -Mcache_align -O2  -I/glade/u/apps/casper/24.12/spack/opt/spack/netcdf/4.9.2/nvhpc/24.11/djgy/include -Mbackslash -Mstandard -Kieee -acc -Minfo=accel  -c	../src/G_unit_test_types/silhs_category_test.F90
nvfortran clubb_thread_test.o -o /glade/u/home/ilinck/clubb_release/compile/../bin/clubb_thread_test  -L/glade/u/home/ilinck/clubb_release/compile/../lib -lclubb_other -lclubb_coamps -lclubb_gfdlact -lsilhs -lclubb_bugsrad -lclubb_KK_microphys -lclubb_parabolic -lclubb_morrison -lmicrophys_utils -lclubb_param -lclubb_lapack -Mcache_align -L/glade/u/apps/casper/24.12/spack/opt/spack/netcdf/4.9.2/nvhpc/24.11/djgy/lib -lnetcdff  -acc -cuda -gpu=cc80
nvfortran -DNETCDF -DCLUBB_REAL_TYPE=8 -DCLUBB_GPU -DCUDA -DCOAMPS_MICRO -DNR_SP -DSILHS -Dradoffline -Dnooverlap -DCLUBB -I/glade/u/apps/casper/24.12/spack/opt/spack/netcdf/4.9.2/nvhpc/24.11/djgy/include -Mcache_align -O2  -I/glade/u/apps/casper/24.12/spack/opt/spack/netcdf/4.9.2/nvhpc/24.11/djgy/include -Mbackslash -Mstandard -Kieee -acc -Minfo=accel  -c	../src/G_unit_test_types/w_up_in_cloud_tests.F90
nvfortran -DNETCDF -DCLUBB_REAL_TYPE=8 -DCLUBB_GPU -DCUDA -DCOAMPS_MICRO -DNR_SP -DSILHS -Dradoffline -Dnooverlap -DCLUBB -I/glade/u/apps/casper/24.12/spack/opt/spack/netcdf/4.9.2/nvhpc/24.11/djgy/include -Mcache_align -O2  -I/glade/u/apps/casper/24.12/spack/opt/spack/netcdf/4.9.2/nvhpc/24.11/djgy/include -Mbackslash -Mstandard -Kieee -acc -Minfo=accel  -c	../src/G_unit_test_types/Nc_Ncn_test.F90
nvfortran -DNETCDF -DCLUBB_REAL_TYPE=8 -DCLUBB_GPU -DCUDA -DCOAMPS_MICRO -DNR_SP -DSILHS -Dradoffline -Dnooverlap -DCLUBB -I/glade/u/apps/casper/24.12/spack/opt/spack/netcdf/4.9.2/nvhpc/24.11/djgy/include -Mcache_align -O2  -I/glade/u/apps/casper/24.12/spack/opt/spack/netcdf/4.9.2/nvhpc/24.11/djgy/include -Mbackslash -Mstandard -Kieee -acc -Minfo=accel  -c	../src/G_unit_test_types/mu_sigma_hm_tests.F90
nvfortran -DNETCDF -DCLUBB_REAL_TYPE=8 -DCLUBB_GPU -DCUDA -DCOAMPS_MICRO -DNR_SP -DSILHS -Dradoffline -Dnooverlap -DCLUBB -I/glade/u/apps/casper/24.12/spack/opt/spack/netcdf/4.9.2/nvhpc/24.11/djgy/include -Mcache_align -O2  -I/glade/u/apps/casper/24.12/spack/opt/spack/netcdf/4.9.2/nvhpc/24.11/djgy/include -Mbackslash -Mstandard -Kieee -acc -Minfo=accel  -c	../src/G_unit_test_types/spurious_source_test.F90
NVFORTRAN-W-0435-Array declared with zero size (../src/G_unit_test_types/spurious_source_test.F90: 211)
NVFORTRAN-W-0435-Array declared with zero size (../src/G_unit_test_types/spurious_source_test.F90: 257)
make[1]: Leaving directory '/glade/u/home/ilinck/clubb_release/obj'
nvfortran -DNETCDF -DCLUBB_REAL_TYPE=8 -DCLUBB_GPU -DCUDA -DCOAMPS_MICRO -DNR_SP -DSILHS -Dradoffline -Dnooverlap -DCLUBB -I/glade/u/apps/casper/24.12/spack/opt/spack/netcdf/4.9.2/nvhpc/24.11/djgy/include -Mcache_align -O2  -I/glade/u/apps/casper/24.12/spack/opt/spack/netcdf/4.9.2/nvhpc/24.11/djgy/include -Mbackslash -Mstandard -Kieee -acc -Minfo=accel  -c	../src/G_unit_test_types/smooth_min_max_tests.F90
nvfortran -DNETCDF -DCLUBB_REAL_TYPE=8 -DCLUBB_GPU -DCUDA -DCOAMPS_MICRO -DNR_SP -DSILHS -Dradoffline -Dnooverlap -DCLUBB -I/glade/u/apps/casper/24.12/spack/opt/spack/netcdf/4.9.2/nvhpc/24.11/djgy/include -Mcache_align -O2  -I/glade/u/apps/casper/24.12/spack/opt/spack/netcdf/4.9.2/nvhpc/24.11/djgy/include -Mbackslash -Mstandard -Kieee -acc -Minfo=accel  -c	../src/G_unit_test_types/read_corr_mtx_test.F90
nvfortran -DNETCDF -DCLUBB_REAL_TYPE=8 -DCLUBB_GPU -DCUDA -DCOAMPS_MICRO -DNR_SP -DSILHS -Dradoffline -Dnooverlap -DCLUBB -I/glade/u/apps/casper/24.12/spack/opt/spack/netcdf/4.9.2/nvhpc/24.11/djgy/include -Mcache_align -O2  -I/glade/u/apps/casper/24.12/spack/opt/spack/netcdf/4.9.2/nvhpc/24.11/djgy/include -Mbackslash -Mstandard -Kieee -acc -Minfo=accel  -c	../src/G_unit_test_types/pdf_parameter_tests.F90
NVFORTRAN-W-0435-Array declared with zero size (../src/G_unit_test_types/pdf_parameter_tests.F90: 416)
nvfortran -DNETCDF -DCLUBB_REAL_TYPE=8 -DCLUBB_GPU -DCUDA -DCOAMPS_MICRO -DNR_SP -DSILHS -Dradoffline -Dnooverlap -DCLUBB -I/glade/u/apps/casper/24.12/spack/opt/spack/netcdf/4.9.2/nvhpc/24.11/djgy/include -Mcache_align -O2  -I/glade/u/apps/casper/24.12/spack/opt/spack/netcdf/4.9.2/nvhpc/24.11/djgy/include -Mbackslash -Mstandard -Kieee -acc -Minfo=accel  -c	../src/G_unit_tests.F90
nvfortran KK_integrals_tests.o corr_cholesky_mtx_tests.o hole_filling_tests.o smooth_heaviside_tests.o tuner_tests.o silhs_category_test.o w_up_in_cloud_tests.o Nc_Ncn_test.o pdf_parameter_tests.o mu_sigma_hm_tests.o spurious_source_test.o smooth_min_max_tests.o read_corr_mtx_test.o G_unit_tests.o -o /glade/u/home/ilinck/clubb_release/compile/../bin/G_unit_tests  -L/glade/u/home/ilinck/clubb_release/compile/../lib -lclubb_other -lclubb_coamps -lclubb_gfdlact -lsilhs -lclubb_bugsrad -lclubb_KK_microphys -lclubb_parabolic -lclubb_morrison -lmicrophys_utils -lclubb_param -lclubb_lapack -Mcache_align -L/glade/u/apps/casper/24.12/spack/opt/spack/netcdf/4.9.2/nvhpc/24.11/djgy/lib -lnetcdff  -acc -cuda -gpu=cc80
make[1]: Leaving directory '/glade/u/home/ilinck/clubb_release/obj'
python ../utilities/check_for_missing_threadprivate.py ../src/CLUBB_core/ ../src/SILHS/
check_for_missing_threadprivate.py has begun.
[91mcheck_for_missing_threadprivate.py did not pass.[0m
[91mfailedFiles = ['../src/CLUBB_core/corr_varnce_module.F90', '../src/CLUBB_core/sponge_layer_damping.F90', '../src/CLUBB_core/parameters_model.F90', '../src/CLUBB_core/error_code.F90'][0m
perl ../utilities/CLUBBStandardsCheck.pl ../src/*.F90
CLUBBStandardsCheck.pl has begun.
--------------------------------------------------------------------------------
CLUBBStandardsCheck.pl WARNING: Line has exceeded 100 characters.
952 :           call stat_update_var_pt( stats_metadata%iNsm, k, real(Nsm(k), kind = core_rknd) ,stats_zt )
CLUBBStandardsCheck.pl WARNING: File has lines that exceed 100 characters.
../src/coamps_microphys_driver_module.F90
--------------------------------------------------------------------------------
--------------------------------------------------------------------------------
CLUBBStandardsCheck.pl WARNING: Line has exceeded 100 characters.
179 :                 max( rtm(1,k) - sat_mixrat_liq( p_in_Pa(k), theta(1,k)*exner(1,k), saturation_formula ), &
CLUBBStandardsCheck.pl WARNING: Line has exceeded 100 characters.
201 :               rcm(1,k) = rcm_sat_adj( thlm(1,k), rtm(1,k), p_in_Pa(k), exner(1,k), saturation_formula )
CLUBBStandardsCheck.pl WARNING: File has lines that exceed 100 characters.
../src/input_interpret.F90
--------------------------------------------------------------------------------
--------------------------------------------------------------------------------
CLUBBStandardsCheck.pl WARNING: Line has exceeded 100 characters.
282 :   nzt = stat_file_num_vertical_levels( "thlm", "../output/"//trim( stats_metadata%fname_zt )//".ctl" )
CLUBBStandardsCheck.pl WARNING: Line has exceeded 100 characters.
283 :   nzm = stat_file_num_vertical_levels( "thlm", "../output/"//trim( stats_metadata%fname_zm )//".ctl" )
CLUBBStandardsCheck.pl WARNING: File has lines that exceed 100 characters.
../src/jacobian.F90
--------------------------------------------------------------------------------
--------------------------------------------------------------------------------
CLUBBStandardsCheck.pl WARNING: Line has exceeded 100 characters.
677 :     l_host_applies_sfc_fluxes       ! Use to determine whether a host model has already applied the surface flux,
CLUBBStandardsCheck.pl WARNING: File has lines that exceed 100 characters.
../src/clubb_tuner.F90
--------------------------------------------------------------------------------
--------------------------------------------------------------------------------
CLUBBStandardsCheck.pl WARNING: Line has exceeded 100 characters.
295 :       z_i = lin_interpolate_two_points( 8.0e-3_core_rknd, rtm(k), rtm(k-1), gr%zt(1,k), gr%zt(1,k-1) )
CLUBBStandardsCheck.pl WARNING: File has lines that exceed 100 characters.
../src/simple_rad_module.F90
--------------------------------------------------------------------------------
--------------------------------------------------------------------------------
CLUBBStandardsCheck.pl WARNING: Line has exceeded 100 characters.
384 :                                         z(kp2), p_in_Pa(km1), p_in_Pa(k00), p_in_Pa(kp1), p_in_Pa(kp2) )
CLUBBStandardsCheck.pl WARNING: Line has exceeded 100 characters.
433 :             press(i) = lin_interpolate_two_points( gr%zt(1,i), z(k), z(k-1), p_in_Pa(k), p_in_Pa(k-1) )
CLUBBStandardsCheck.pl WARNING: File has lines that exceed 100 characters.
../src/sounding.F90
--------------------------------------------------------------------------------
--------------------------------------------------------------------------------
CLUBBStandardsCheck.pl WARNING: Line has exceeded 100 characters.
974 :           = clubb_params(iomicron) * hm_metadata%hmp2_ip_on_hmm2_ip(pdf2hydromet_idx(ivar,hm_metadata))
CLUBBStandardsCheck.pl WARNING: File has lines that exceed 100 characters.
../src/microphys_init_cleanup.F90
--------------------------------------------------------------------------------
--------------------------------------------------------------------------------
CLUBBStandardsCheck.pl WARNING: Line has exceeded 100 characters.
828 :     call microphys_put_var( stats_metadata%irsm_sd_morr_int, (/rsm_sd_morr_int/), microphys_stats_sfc )
CLUBBStandardsCheck.pl WARNING: Line has exceeded 100 characters.
846 :     call microphys_put_var( stats_metadata%ihl_on_Cp_residual, hl_on_Cp_residual, microphys_stats_zt )
CLUBBStandardsCheck.pl WARNING: Line has exceeded 100 characters.
861 :     call microphys_put_var( stats_metadata%iPSMLT, real( PSMLT, kind=core_rknd ), microphys_stats_zt )
CLUBBStandardsCheck.pl WARNING: Line has exceeded 100 characters.
862 :     call microphys_put_var( stats_metadata%iEVPMS, real( EVPMS, kind=core_rknd ), microphys_stats_zt )
CLUBBStandardsCheck.pl WARNING: Line has exceeded 100 characters.
863 :     call microphys_put_var( stats_metadata%iPRACS, real( PRACS, kind=core_rknd ), microphys_stats_zt )
CLUBBStandardsCheck.pl WARNING: Line has exceeded 100 characters.
864 :     call microphys_put_var( stats_metadata%iEVPMG, real( EVPMG, kind=core_rknd ), microphys_stats_zt )
CLUBBStandardsCheck.pl WARNING: Line has exceeded 100 characters.
865 :     call microphys_put_var( stats_metadata%iPRACG, real( PRACG, kind=core_rknd ), microphys_stats_zt )
CLUBBStandardsCheck.pl WARNING: Line has exceeded 100 characters.
866 :     call microphys_put_var( stats_metadata%iPGMLT, real( PGMLT, kind=core_rknd ), microphys_stats_zt )
CLUBBStandardsCheck.pl WARNING: Line has exceeded 100 characters.
867 :     call microphys_put_var( stats_metadata%iMNUCCC, real( MNUCCC, kind=core_rknd ), microphys_stats_zt )
CLUBBStandardsCheck.pl WARNING: Line has exceeded 100 characters.
868 :     call microphys_put_var( stats_metadata%iPSACWS, real( PSACWS, kind=core_rknd ), microphys_stats_zt )
CLUBBStandardsCheck.pl WARNING: Line has exceeded 100 characters.
869 :     call microphys_put_var( stats_metadata%iPSACWI, real( PSACWI, kind=core_rknd ), microphys_stats_zt )
CLUBBStandardsCheck.pl WARNING: Line has exceeded 100 characters.
870 :     call microphys_put_var( stats_metadata%iQMULTS, real( QMULTS, kind=core_rknd ), microphys_stats_zt )
CLUBBStandardsCheck.pl WARNING: Line has exceeded 100 characters.
871 :     call microphys_put_var( stats_metadata%iQMULTG, real( QMULTG, kind=core_rknd ), microphys_stats_zt )
CLUBBStandardsCheck.pl WARNING: Line has exceeded 100 characters.
872 :     call microphys_put_var( stats_metadata%iPSACWG, real( PSACWG, kind=core_rknd ), microphys_stats_zt )
CLUBBStandardsCheck.pl WARNING: Line has exceeded 100 characters.
873 :     call microphys_put_var( stats_metadata%iPGSACW, real( PGSACW, kind=core_rknd ), microphys_stats_zt )
CLUBBStandardsCheck.pl WARNING: Line has exceeded 100 characters.
877 :     call microphys_put_var( stats_metadata%iQMULTR, real( QMULTR, kind=core_rknd ), microphys_stats_zt )
CLUBBStandardsCheck.pl WARNING: Line has exceeded 100 characters.
878 :     call microphys_put_var( stats_metadata%iQMULTRG, real( QMULTRG, kind=core_rknd ), microphys_stats_zt )
CLUBBStandardsCheck.pl WARNING: Line has exceeded 100 characters.
879 :     call microphys_put_var( stats_metadata%iMNUCCD, real( MNUCCD, kind=core_rknd ), microphys_stats_zt )
CLUBBStandardsCheck.pl WARNING: Line has exceeded 100 characters.
880 :     call microphys_put_var( stats_metadata%iPRACI, real( PRACI, kind=core_rknd ), microphys_stats_zt )
CLUBBStandardsCheck.pl WARNING: Line has exceeded 100 characters.
881 :     call microphys_put_var( stats_metadata%iPRACIS, real( PRACIS, kind=core_rknd ), microphys_stats_zt )
CLUBBStandardsCheck.pl WARNING: Line has exceeded 100 characters.
883 :     call microphys_put_var( stats_metadata%iMNUCCR, real( MNUCCR, kind=core_rknd ), microphys_stats_zt )
CLUBBStandardsCheck.pl WARNING: Line has exceeded 100 characters.
884 :     call microphys_put_var( stats_metadata%iPIACR, real( PIACR, kind=core_rknd ), microphys_stats_zt )
CLUBBStandardsCheck.pl WARNING: Line has exceeded 100 characters.
885 :     call microphys_put_var( stats_metadata%iPIACRS, real( PIACRS, kind=core_rknd ), microphys_stats_zt )
CLUBBStandardsCheck.pl WARNING: Line has exceeded 100 characters.
886 :     call microphys_put_var( stats_metadata%iPGRACS, real( PGRACS, kind=core_rknd ), microphys_stats_zt )
CLUBBStandardsCheck.pl WARNING: Line has exceeded 100 characters.
888 :     call microphys_put_var( stats_metadata%iEPRDS, real( EPRDS, kind=core_rknd ), microphys_stats_zt )
CLUBBStandardsCheck.pl WARNING: Line has exceeded 100 characters.
889 :     call microphys_put_var( stats_metadata%iPSACR, real( PSACR, kind=core_rknd ), microphys_stats_zt )
CLUBBStandardsCheck.pl WARNING: Line has exceeded 100 characters.
891 :     call microphys_put_var( stats_metadata%iEPRDG, real( EPRDG, kind=core_rknd ), microphys_stats_zt )
CLUBBStandardsCheck.pl WARNING: Line has exceeded 100 characters.
894 :     call microphys_put_var( stats_metadata%iNGSTEN, real( NGSTEN, kind=core_rknd ), microphys_stats_zt )
CLUBBStandardsCheck.pl WARNING: Line has exceeded 100 characters.
895 :     call microphys_put_var( stats_metadata%iNRSTEN, real( NRSTEN, kind=core_rknd ), microphys_stats_zt )
CLUBBStandardsCheck.pl WARNING: Line has exceeded 100 characters.
896 :     call microphys_put_var( stats_metadata%iNISTEN, real( NISTEN, kind=core_rknd ), microphys_stats_zt )
CLUBBStandardsCheck.pl WARNING: Line has exceeded 100 characters.
897 :     call microphys_put_var( stats_metadata%iNSSTEN, real( NSSTEN, kind=core_rknd ), microphys_stats_zt )
CLUBBStandardsCheck.pl WARNING: Line has exceeded 100 characters.
898 :     call microphys_put_var( stats_metadata%iNCSTEN, real( NCSTEN, kind=core_rknd ), microphys_stats_zt )
CLUBBStandardsCheck.pl WARNING: Line has exceeded 100 characters.
899 :     call microphys_put_var( stats_metadata%iNPRC1, real( NPRC1, kind=core_rknd ), microphys_stats_zt )
CLUBBStandardsCheck.pl WARNING: Line has exceeded 100 characters.
900 :     call microphys_put_var( stats_metadata%iNRAGG, real( NRAGG, kind=core_rknd ), microphys_stats_zt )
CLUBBStandardsCheck.pl WARNING: Line has exceeded 100 characters.
901 :     call microphys_put_var( stats_metadata%iNPRACG, real( NPRACG, kind=core_rknd ), microphys_stats_zt )
CLUBBStandardsCheck.pl WARNING: Line has exceeded 100 characters.
902 :     call microphys_put_var( stats_metadata%iNSUBR, real( NSUBR, kind=core_rknd ), microphys_stats_zt )
CLUBBStandardsCheck.pl WARNING: Line has exceeded 100 characters.
903 :     call microphys_put_var( stats_metadata%iNSMLTR, real( NSMLTR, kind=core_rknd ), microphys_stats_zt )
CLUBBStandardsCheck.pl WARNING: Line has exceeded 100 characters.
904 :     call microphys_put_var( stats_metadata%iNGMLTR, real( NGMLTR, kind=core_rknd ), microphys_stats_zt )
CLUBBStandardsCheck.pl WARNING: Line has exceeded 100 characters.
905 :     call microphys_put_var( stats_metadata%iNPRACS, real( NPRACS, kind=core_rknd ), microphys_stats_zt )
CLUBBStandardsCheck.pl WARNING: Line has exceeded 100 characters.
906 :     call microphys_put_var( stats_metadata%iNNUCCR, real( NNUCCR, kind=core_rknd ), microphys_stats_zt )
CLUBBStandardsCheck.pl WARNING: Line has exceeded 100 characters.
907 :     call microphys_put_var( stats_metadata%iNIACR, real( NIACR, kind=core_rknd ), microphys_stats_zt )
CLUBBStandardsCheck.pl WARNING: Line has exceeded 100 characters.
908 :     call microphys_put_var( stats_metadata%iNIACRS, real( NIACRS, kind=core_rknd ), microphys_stats_zt )
CLUBBStandardsCheck.pl WARNING: Line has exceeded 100 characters.
909 :     call microphys_put_var( stats_metadata%iNGRACS, real( NGRACS, kind=core_rknd ), microphys_stats_zt )
CLUBBStandardsCheck.pl WARNING: Line has exceeded 100 characters.
910 :     call microphys_put_var( stats_metadata%iNSMLTS, real( NSMLTS, kind=core_rknd ), microphys_stats_zt )
CLUBBStandardsCheck.pl WARNING: Line has exceeded 100 characters.
911 :     call microphys_put_var( stats_metadata%iNSAGG, real( NSAGG, kind=core_rknd ), microphys_stats_zt )
CLUBBStandardsCheck.pl WARNING: Line has exceeded 100 characters.
912 :     call microphys_put_var( stats_metadata%iNPRCI, real( NPRCI, kind=core_rknd ), microphys_stats_zt )
CLUBBStandardsCheck.pl WARNING: Line has exceeded 100 characters.
913 :     call microphys_put_var( stats_metadata%iNSCNG, real( NSCNG, kind=core_rknd ), microphys_stats_zt )
CLUBBStandardsCheck.pl WARNING: Line has exceeded 100 characters.
914 :     call microphys_put_var( stats_metadata%iNSUBS, real( NSUBS, kind=core_rknd ), microphys_stats_zt )
CLUBBStandardsCheck.pl WARNING: Line has exceeded 100 characters.
917 :     call microphys_put_var( stats_metadata%iNNUCCC, real( NNUCCC, kind=core_rknd ), microphys_stats_zt )
CLUBBStandardsCheck.pl WARNING: Line has exceeded 100 characters.
918 :     call microphys_put_var( stats_metadata%iNPSACWS, real( NPSACWS, kind=core_rknd ), microphys_stats_zt )
CLUBBStandardsCheck.pl WARNING: Line has exceeded 100 characters.
921 :     call microphys_put_var( stats_metadata%iNPSACWI, real( NPSACWI, kind=core_rknd ), microphys_stats_zt )
CLUBBStandardsCheck.pl WARNING: Line has exceeded 100 characters.
922 :     call microphys_put_var( stats_metadata%iNPSACWG, real( NPSACWG, kind=core_rknd ), microphys_stats_zt )
CLUBBStandardsCheck.pl WARNING: Line has exceeded 100 characters.
923 :     call microphys_put_var( stats_metadata%iNPRAI, real( NPRAI, kind=core_rknd ), microphys_stats_zt )
CLUBBStandardsCheck.pl WARNING: Line has exceeded 100 characters.
924 :     call microphys_put_var( stats_metadata%iNMULTS, real( NMULTS, kind=core_rknd ), microphys_stats_zt )
CLUBBStandardsCheck.pl WARNING: Line has exceeded 100 characters.
925 :     call microphys_put_var( stats_metadata%iNMULTG, real( NMULTG, kind=core_rknd ), microphys_stats_zt )
CLUBBStandardsCheck.pl WARNING: Line has exceeded 100 characters.
926 :     call microphys_put_var( stats_metadata%iNMULTR, real( NMULTR, kind=core_rknd ), microphys_stats_zt )
CLUBBStandardsCheck.pl WARNING: Line has exceeded 100 characters.
927 :     call microphys_put_var( stats_metadata%iNMULTRG, real( NMULTRG, kind=core_rknd ), microphys_stats_zt )
CLUBBStandardsCheck.pl WARNING: Line has exceeded 100 characters.
928 :     call microphys_put_var( stats_metadata%iNNUCCD, real( NNUCCD, kind=core_rknd ), microphys_stats_zt )
CLUBBStandardsCheck.pl WARNING: Line has exceeded 100 characters.
929 :     call microphys_put_var( stats_metadata%iNSUBI, real( NSUBI, kind=core_rknd ), microphys_stats_zt )
CLUBBStandardsCheck.pl WARNING: Line has exceeded 100 characters.
930 :     call microphys_put_var( stats_metadata%iNGMLTG, real( NGMLTG, kind=core_rknd ), microphys_stats_zt )
CLUBBStandardsCheck.pl WARNING: Line has exceeded 100 characters.
931 :     call microphys_put_var( stats_metadata%iNSUBG, real( NSUBG, kind=core_rknd ), microphys_stats_zt )
CLUBBStandardsCheck.pl WARNING: Line has exceeded 100 characters.
933 :     call microphys_put_var( stats_metadata%iSIZEFIX_NR, real( SIZEFIX_NR,kind=core_rknd),microphys_stats_zt )
CLUBBStandardsCheck.pl WARNING: Line has exceeded 100 characters.
934 :     call microphys_put_var( stats_metadata%iSIZEFIX_NC, real( SIZEFIX_NC,kind=core_rknd),microphys_stats_zt )
CLUBBStandardsCheck.pl WARNING: Line has exceeded 100 characters.
935 :     call microphys_put_var( stats_metadata%iSIZEFIX_NI, real( SIZEFIX_NI,kind=core_rknd),microphys_stats_zt )
CLUBBStandardsCheck.pl WARNING: Line has exceeded 100 characters.
936 :     call microphys_put_var( stats_metadata%iSIZEFIX_NS, real( SIZEFIX_NS,kind=core_rknd),microphys_stats_zt )
CLUBBStandardsCheck.pl WARNING: Line has exceeded 100 characters.
937 :     call microphys_put_var( stats_metadata%iSIZEFIX_NG, real( SIZEFIX_NG,kind=core_rknd),microphys_stats_zt )
CLUBBStandardsCheck.pl WARNING: Line has exceeded 100 characters.
938 :     call microphys_put_var( stats_metadata%iNEGFIX_NR, real( NEGFIX_NR,kind=core_rknd ),microphys_stats_zt )
CLUBBStandardsCheck.pl WARNING: Line has exceeded 100 characters.
939 :     call microphys_put_var( stats_metadata%iNEGFIX_NC, real( NEGFIX_NC,kind=core_rknd ),microphys_stats_zt )
CLUBBStandardsCheck.pl WARNING: Line has exceeded 100 characters.
940 :     call microphys_put_var( stats_metadata%iNEGFIX_NI, real( NEGFIX_NI,kind=core_rknd ),microphys_stats_zt )
CLUBBStandardsCheck.pl WARNING: Line has exceeded 100 characters.
941 :     call microphys_put_var( stats_metadata%iNEGFIX_NS, real( NEGFIX_NS,kind=core_rknd ),microphys_stats_zt )
CLUBBStandardsCheck.pl WARNING: Line has exceeded 100 characters.
942 :     call microphys_put_var( stats_metadata%iNEGFIX_NG, real( NEGFIX_NG,kind=core_rknd ),microphys_stats_zt )
CLUBBStandardsCheck.pl WARNING: Line has exceeded 100 characters.
943 :     call microphys_put_var( stats_metadata%iNIM_MORR_CL, real( NIM_MORR_CL,kind=core_rknd ), microphys_stats_zt )
CLUBBStandardsCheck.pl WARNING: Line has exceeded 100 characters.
944 :     call microphys_put_var( stats_metadata%iQC_INST, real( QC_INST,kind=core_rknd ),microphys_stats_zt )
CLUBBStandardsCheck.pl WARNING: Line has exceeded 100 characters.
945 :     call microphys_put_var( stats_metadata%iQR_INST, real( QR_INST,kind=core_rknd ),microphys_stats_zt )
CLUBBStandardsCheck.pl WARNING: Line has exceeded 100 characters.
946 :     call microphys_put_var( stats_metadata%iQI_INST, real( QI_INST,kind=core_rknd ),microphys_stats_zt )
CLUBBStandardsCheck.pl WARNING: Line has exceeded 100 characters.
947 :     call microphys_put_var( stats_metadata%iQS_INST, real( QS_INST,kind=core_rknd ),microphys_stats_zt )
CLUBBStandardsCheck.pl WARNING: Line has exceeded 100 characters.
948 :     call microphys_put_var( stats_metadata%iQG_INST, real( QG_INST,kind=core_rknd ),microphys_stats_zt )
CLUBBStandardsCheck.pl WARNING: Line has exceeded 100 characters.
949 :     call microphys_put_var( stats_metadata%iNC_INST, real( NC_INST,kind=core_rknd ),microphys_stats_zt )
CLUBBStandardsCheck.pl WARNING: Line has exceeded 100 characters.
950 :     call microphys_put_var( stats_metadata%iNR_INST, real( NR_INST,kind=core_rknd ),microphys_stats_zt )
CLUBBStandardsCheck.pl WARNING: Line has exceeded 100 characters.
951 :     call microphys_put_var( stats_metadata%iNI_INST, real( NI_INST,kind=core_rknd ),microphys_stats_zt )
CLUBBStandardsCheck.pl WARNING: Line has exceeded 100 characters.
952 :     call microphys_put_var( stats_metadata%iNS_INST, real( NS_INST,kind=core_rknd ),microphys_stats_zt )
CLUBBStandardsCheck.pl WARNING: Line has exceeded 100 characters.
953 :     call microphys_put_var( stats_metadata%iNG_INST, real( NG_INST,kind=core_rknd ),microphys_stats_zt )
CLUBBStandardsCheck.pl WARNING: Line has exceeded 100 characters.
955 :     call microphys_put_var( stats_metadata%iT_in_K_mc, real( T_in_K_mc, kind=core_rknd ),microphys_stats_zt )
CLUBBStandardsCheck.pl WARNING: Line has exceeded 100 characters.
960 :     call microphys_put_var( stats_metadata%ieff_rad_cloud, real( effc(:), kind = core_rknd ), microphys_stats_zt )
CLUBBStandardsCheck.pl WARNING: Line has exceeded 100 characters.
961 :     call microphys_put_var( stats_metadata%ieff_rad_ice, real( effi(:), kind = core_rknd ), microphys_stats_zt )
CLUBBStandardsCheck.pl WARNING: Line has exceeded 100 characters.
962 :     call microphys_put_var( stats_metadata%ieff_rad_snow, real( effs(:), kind = core_rknd ), microphys_stats_zt )
CLUBBStandardsCheck.pl WARNING: Line has exceeded 100 characters.
963 :     call microphys_put_var( stats_metadata%ieff_rad_rain, real( effr(:), kind = core_rknd ), microphys_stats_zt )
CLUBBStandardsCheck.pl WARNING: Line has exceeded 100 characters.
964 :     call microphys_put_var( stats_metadata%ieff_rad_graupel, real( effg(:), kind=core_rknd ), microphys_stats_zt )
CLUBBStandardsCheck.pl WARNING: File has lines that exceed 100 characters.
../src/morrison_microphys_module.F90
--------------------------------------------------------------------------------
--------------------------------------------------------------------------------
CLUBBStandardsCheck.pl WARNING: Line has exceeded 100 characters.
386 :       call microphys_put_var( stats_metadata%irrm_src_adj, adj_terms%rrm_src_adj, microphys_stats_zt )
CLUBBStandardsCheck.pl WARNING: Line has exceeded 100 characters.
387 :       call microphys_put_var( stats_metadata%iNrm_src_adj, adj_terms%Nrm_src_adj, microphys_stats_zt )
CLUBBStandardsCheck.pl WARNING: Line has exceeded 100 characters.
390 :       call microphys_put_var( stats_metadata%irrm_evap_adj, adj_terms%rrm_evap_adj, microphys_stats_zt )
CLUBBStandardsCheck.pl WARNING: Line has exceeded 100 characters.
391 :       call microphys_put_var( stats_metadata%iNrm_evap_adj, adj_terms%Nrm_evap_adj, microphys_stats_zt )
CLUBBStandardsCheck.pl WARNING: Line has exceeded 100 characters.
393 :     call microphys_put_var( stats_metadata%irrm_mc_nonadj, KK_auto_tndcy+KK_accr_tndcy+KK_evap_tndcy, &
CLUBBStandardsCheck.pl WARNING: Line has exceeded 100 characters.
1102 :          call stat_update_var( stats_metadata%irrm_mc_nonadj, KK_auto_tndcy+KK_accr_tndcy+KK_evap_tndcy, &
CLUBBStandardsCheck.pl WARNING: Line has exceeded 100 characters.
1683 :           call stat_update_var_pt( stats_metadata%im_vol_rad_rain, level, KK_mean_vol_rad, stats_zt )
CLUBBStandardsCheck.pl WARNING: File has lines that exceed 100 characters.
../src/KK_microphys_module.F90
--------------------------------------------------------------------------------
--------------------------------------------------------------------------------
CLUBBStandardsCheck.pl WARNING: Line has exceeded 100 characters.
954 :           if ( trim( hm_metadata%hydromet_list(i) ) == "rrm" .and. stats_metadata%iVrrprrp > 0 ) then
CLUBBStandardsCheck.pl WARNING: Line has exceeded 100 characters.
957 :              call stat_update_var( stats_metadata%iVrrprrp, hydromet_vel_covar(:,hm_metadata%iirr), &
CLUBBStandardsCheck.pl WARNING: Line has exceeded 100 characters.
960 :           elseif ( trim( hm_metadata%hydromet_list(i) ) == "Nrm" .and. stats_metadata%iVNrpNrp > 0 ) then
CLUBBStandardsCheck.pl WARNING: Line has exceeded 100 characters.
963 :              call stat_update_var( stats_metadata%iVNrpNrp, hydromet_vel_covar(:,hm_metadata%iiNr), stats_zm )
CLUBBStandardsCheck.pl WARNING: File has lines that exceed 100 characters.
../src/advance_microphys_module.F90
--------------------------------------------------------------------------------
--------------------------------------------------------------------------------
CLUBBStandardsCheck.pl WARNING: 'use' statement w/o 'only' found in the following line:
6664 :     use netcdf
CLUBBStandardsCheck.pl WARNING: Use check FAILED!
CLUBBStandardsCheck.pl WARNING: Check that comma is on same line as 'use', as CLUBB requires.
../src/clubb_driver.F90
--------------------------------------------------------------------------------
--------------------------------------------------------------------------------
CLUBBStandardsCheck.pl WARNING: Line has exceeded 100 characters.
868 :       l_host_applies_sfc_fluxes       ! Use to determine whether a host model has already applied the surface flux,
CLUBBStandardsCheck.pl WARNING: Line has exceeded 100 characters.
1316 :       call write_text( "l_modify_ic_with_cubic_int = ", l_modify_ic_with_cubic_int, l_write_to_file, iunit )
CLUBBStandardsCheck.pl WARNING: Line has exceeded 100 characters.
1317 :       call write_text( "l_modify_bc_for_cnvg_test = ", l_modify_bc_for_cnvg_test, l_write_to_file, iunit )
CLUBBStandardsCheck.pl WARNING: Line has exceeded 100 characters.
2223 :                        (/lon_vals/), (/lat_vals/), time_current, dt_main, l_silhs_out_in,&!intent(in)
CLUBBStandardsCheck.pl WARNING: Line has exceeded 100 characters.
2240 :                        (/lon_vals/), (/lat_vals/), time_current, dt_main, l_silhs_out_in,&!intent(in)
CLUBBStandardsCheck.pl WARNING: Line has exceeded 100 characters.
2295 :       if ( .not. (( abs(dt_rad/stats_metadata%stats_tout - real(floor(dt_rad/stats_metadata%stats_tout), kind=core_rknd)) &
CLUBBStandardsCheck.pl WARNING: Line has exceeded 100 characters.
2297 :          ( abs(stats_metadata%stats_tout/dt_rad - real(floor(stats_metadata%stats_tout/dt_rad), kind=core_rknd)) &
CLUBBStandardsCheck.pl WARNING: Line has exceeded 100 characters.
2512 :                clubb_params(1,:), nu_vert_res_dep, lmin, &                                     ! Intent(in)
CLUBBStandardsCheck.pl WARNING: Line has exceeded 100 characters.
2563 :                clubb_params(1,:), nu_vert_res_dep, lmin, &                                     ! Intent(in)
CLUBBStandardsCheck.pl WARNING: Line has exceeded 100 characters.
2611 :                         clubb_params(1,:),                                                     & ! Intent(in)
CLUBBStandardsCheck.pl WARNING: Line has exceeded 100 characters.
2620 :                         stats_zt, stats_zm, stats_sfc,                              & ! intent(inout)
CLUBBStandardsCheck.pl WARNING: Line has exceeded 100 characters.
2626 :                         precip_fracs,                                               & ! Intent(inout)
CLUBBStandardsCheck.pl WARNING: Line has exceeded 100 characters.
2646 :                                    stats_zt, stats_zm,                               & ! intent(inout)
CLUBBStandardsCheck.pl WARNING: Line has exceeded 100 characters.
3515 : !               em(k) = ( 0.15_core_rknd * (1.0_core_rknd - gr%zm(1,k)/150.0_core_rknd) ) / rho_zm(k)
CLUBBStandardsCheck.pl WARNING: Line has exceeded 100 characters.
4115 :           = max( rtm(1,k) - sat_mixrat_liq( p_in_Pa(k), thm(1,k) * exner(1,k), saturation_formula ), &
CLUBBStandardsCheck.pl WARNING: File has lines that exceed 100 characters.
../src/clubb_driver.F90
--------------------------------------------------------------------------------
CLUBBStandardsCheck.pl has finished.
perl ../utilities/CLUBBStandardsCheck.pl ../src/CLUBB_core/*.F90
CLUBBStandardsCheck.pl has begun.
--------------------------------------------------------------------------------
CLUBBStandardsCheck.pl WARNING: Line has exceeded 100 characters.
155 :                                   stats_metadata,                                       & ! Intent(in)
CLUBBStandardsCheck.pl WARNING: Line has exceeded 100 characters.
461 :         call stat_update_var( ixp3_dp, -(C_xp3_dissipation * invrs_tau_zt(i,:))*xp3(i,:), & ! intent(in)
CLUBBStandardsCheck.pl WARNING: File has lines that exceed 100 characters.
../src/CLUBB_core/advance_xp3_module.F90
--------------------------------------------------------------------------------
--------------------------------------------------------------------------------
CLUBBStandardsCheck.pl WARNING: Line has exceeded 100 characters.
327 :         stability_correction(i,k) = one + min( lambda0_stability(i,k) * brunt_vaisala_freq_sqd(i,k) &
CLUBBStandardsCheck.pl WARNING: Line has exceeded 100 characters.
632 :                                           ! https://github.com/larson-group/clubb/issues/965#issuecomment-1119816722
CLUBBStandardsCheck.pl WARNING: Line has exceeded 100 characters.
633 :                                           ! for a plot on how output behaves with varying min_max_smth_mag
CLUBBStandardsCheck.pl WARNING: Line has exceeded 100 characters.
797 :           fnc_Richardson(i,k) = ( Ri_zm(i,k) - clubb_params(i,iRichardson_num_min) ) * invrs_min_max_diff
CLUBBStandardsCheck.pl WARNING: File has lines that exceed 100 characters.
../src/CLUBB_core/advance_helper_module.F90
--------------------------------------------------------------------------------
--------------------------------------------------------------------------------
CLUBBStandardsCheck.pl WARNING: Line has exceeded 100 characters.
413 :                          stats_metadata,                              & ! intent(in)                       stats_metadata,                              & ! intent(in)
CLUBBStandardsCheck.pl WARNING: File has lines that exceed 100 characters.
../src/CLUBB_core/clip_explicit.F90
--------------------------------------------------------------------------------
--------------------------------------------------------------------------------
CLUBBStandardsCheck.pl WARNING: Line has exceeded 100 characters.
150 :   (/1._c,-.6_c, .09_c , .09_c , .788_c, .675_c, .240_c, .222_c, .240_c, .222_c, .240_c, .222_c, & ! chi
CLUBBStandardsCheck.pl WARNING: Line has exceeded 100 characters.
151 :     0._c, 1._c, .027_c, .027_c, .114_c, .115_c,-.029_c, .093_c, .022_c, .013_c, 0._c  , 0._c  , & ! eta
CLUBBStandardsCheck.pl WARNING: Line has exceeded 100 characters.
152 :     0._c, 0._c, 1._c  , .34_c , .315_c, .270_c, .120_c, .167_c, 0._c  , 0._c  , 0._c  , 0._c  , & ! w
CLUBBStandardsCheck.pl WARNING: Line has exceeded 100 characters.
153 :     0._c, 0._c, 0._c  , 1._c  , 0._c  , 0._c  , .464_c, .320_c, .168_c, .232_c, 0._c  , 0._c  , & ! Ncn
CLUBBStandardsCheck.pl WARNING: Line has exceeded 100 characters.
154 :     0._c, 0._c, 0._c  , 0._c  , 1._c  , .821_c, 0._c  , 0._c  , .173_c, .164_c, .319_c, .308_c, & ! rr
CLUBBStandardsCheck.pl WARNING: Line has exceeded 100 characters.
155 :     0._c, 0._c, 0._c  , 0._c  , 0._c  , 1._c  , .152_c, .143_c, 0._c  , 0._c  , .285_c, .273_c, & ! Nr
CLUBBStandardsCheck.pl WARNING: Line has exceeded 100 characters.
156 :     0._c, 0._c, 0._c  , 0._c  , 0._c  , 0._c  , 1._c  , .758_c, .585_c, .571_c, .379_c, .363_c, & ! ri
CLUBBStandardsCheck.pl WARNING: Line has exceeded 100 characters.
157 :     0._c, 0._c, 0._c  , 0._c  , 0._c  , 0._c  , 0._c  , 1._c  , .571_c, .550_c, .363_c, .345_c, & ! Ni
CLUBBStandardsCheck.pl WARNING: Line has exceeded 100 characters.
158 :     0._c, 0._c, 0._c  , 0._c  , 0._c  , 0._c  , 0._c  , 0._c  , 1._c  , .758_c, .485_c, .470_c, & ! rs
CLUBBStandardsCheck.pl WARNING: Line has exceeded 100 characters.
159 :     0._c, 0._c, 0._c  , 0._c  , 0._c  , 0._c  , 0._c  , 0._c  , 0._c  , 1._c  , .470_c, .450_c, & ! Ns
CLUBBStandardsCheck.pl WARNING: Line has exceeded 100 characters.
160 :     0._c, 0._c, 0._c  , 0._c  , 0._c  , 0._c  , 0._c  , 0._c  , 0._c  , 0._c  , 1._c  , .758_c, & ! rg
CLUBBStandardsCheck.pl WARNING: Line has exceeded 100 characters.
161 :     0._c, 0._c, 0._c  , 0._c  , 0._c  , 0._c  , 0._c  , 0._c  , 0._c  , 0._c  , 0._c  , 1._c/), & ! Ng
CLUBBStandardsCheck.pl WARNING: Line has exceeded 100 characters.
166 :   (/1._c, .3_c, .09_c , .09_c , .788_c, .675_c, .240_c, .222_c, .240_c, .222_c, .240_c, .222_c, &! chi
CLUBBStandardsCheck.pl WARNING: Line has exceeded 100 characters.
167 :     0._c, 1._c, .027_c, .027_c, .114_c, .115_c,-.029_c, .093_c, .022_c, .013_c, 0._c  , 0._c  , &! eta
CLUBBStandardsCheck.pl WARNING: Line has exceeded 100 characters.
169 :     0._c, 0._c, 0._c  , 1._c  , 0._c  , 0._c  , .464_c, .320_c, .168_c, .232_c, 0._c  , 0._c  , &! Ncn
CLUBBStandardsCheck.pl WARNING: Line has exceeded 100 characters.
170 :     0._c, 0._c, 0._c  , 0._c  , 1._c  , .821_c, 0._c  , 0._c  , .173_c, .164_c, .319_c, .308_c, &! rr
CLUBBStandardsCheck.pl WARNING: Line has exceeded 100 characters.
171 :     0._c, 0._c, 0._c  , 0._c  , 0._c  , 1._c  , .152_c, .143_c, 0._c  , 0._c  , .285_c, .273_c, &! Nr
CLUBBStandardsCheck.pl WARNING: Line has exceeded 100 characters.
172 :     0._c, 0._c, 0._c  , 0._c  , 0._c  , 0._c  , 1._c  , .758_c, .585_c, .571_c, .379_c, .363_c, &! ri
CLUBBStandardsCheck.pl WARNING: Line has exceeded 100 characters.
173 :     0._c, 0._c, 0._c  , 0._c  , 0._c  , 0._c  , 0._c  , 1._c  , .571_c, .550_c, .363_c, .345_c, &! Ni
CLUBBStandardsCheck.pl WARNING: Line has exceeded 100 characters.
174 :     0._c, 0._c, 0._c  , 0._c  , 0._c  , 0._c  , 0._c  , 0._c  , 1._c  , .758_c, .485_c, .470_c, &! rs
CLUBBStandardsCheck.pl WARNING: Line has exceeded 100 characters.
175 :     0._c, 0._c, 0._c  , 0._c  , 0._c  , 0._c  , 0._c  , 0._c  , 0._c  , 1._c  , .470_c, .450_c, &! Ns
CLUBBStandardsCheck.pl WARNING: Line has exceeded 100 characters.
176 :     0._c, 0._c, 0._c  , 0._c  , 0._c  , 0._c  , 0._c  , 0._c  , 0._c  , 0._c  , 1._c  , .758_c, &! rg
CLUBBStandardsCheck.pl WARNING: Line has exceeded 100 characters.
177 :     0._c, 0._c, 0._c  , 0._c  , 0._c  , 0._c  , 0._c  , 0._c  , 0._c  , 0._c  , 0._c  , 1._c/), &! Ng
CLUBBStandardsCheck.pl WARNING: File has lines that exceed 100 characters.
../src/CLUBB_core/corr_varnce_module.F90
--------------------------------------------------------------------------------
--------------------------------------------------------------------------------
CLUBBStandardsCheck.pl WARNING: Line has exceeded 100 characters.
480 :           write(fstderr,*) "grdcol #", i, "rhs # ", n, "band_solvex backward error est. =", berr(i,n)
CLUBBStandardsCheck.pl WARNING: File has lines that exceed 100 characters.
../src/CLUBB_core/lapack_wrap.F90
--------------------------------------------------------------------------------
--------------------------------------------------------------------------------
CLUBBStandardsCheck.pl WARNING: Line has exceeded 100 characters.
480 :           = + gr%invrs_dzt(i,k) * ( K_zt(i,k) + nu(i) ) * ( gr%invrs_dzm(i,k) + gr%invrs_dzm(i,k-1) ) & 
CLUBBStandardsCheck.pl WARNING: Line has exceeded 100 characters.
1124 :           = + gr%invrs_dzm(i,k) * ( K_zm(i,k) + nu(i) ) * ( gr%invrs_dzt(i,k+1) + gr%invrs_dzt(i,k) ) &
CLUBBStandardsCheck.pl WARNING: File has lines that exceed 100 characters.
../src/CLUBB_core/diffusion.F90
--------------------------------------------------------------------------------
--------------------------------------------------------------------------------
CLUBBStandardsCheck.pl WARNING: Line has exceeded 100 characters.
685 :                      * ( one - Skw(i,k) / sqrt( four * ( one - sigma_sqd_w(i,k) )**3 + Skw(i,k)**2 ) )
CLUBBStandardsCheck.pl WARNING: File has lines that exceed 100 characters.
../src/CLUBB_core/adg1_adg2_3d_luhar_pdf.F90
--------------------------------------------------------------------------------
--------------------------------------------------------------------------------
CLUBBStandardsCheck.pl WARNING: Number of "private" statements does not not match number of modules.
CLUBBStandardsCheck.pl WARNING: Private Test failed!
../src/CLUBB_core/matrix_solver_wrapper.F90
--------------------------------------------------------------------------------
--------------------------------------------------------------------------------
CLUBBStandardsCheck.pl WARNING: Line has exceeded 100 characters.
496 :       call windm_edsclrm_solve( nz, ngrdcol, gr, nrhs, stats_metadata%iwindm_matrix_condt_num, & ! intent(in)
CLUBBStandardsCheck.pl WARNING: Line has exceeded 100 characters.
901 :       call windm_edsclrm_solve( nz, ngrdcol, gr, nrhs, stats_metadata%iwindm_matrix_condt_num, & ! intent(in)
CLUBBStandardsCheck.pl WARNING: File has lines that exceed 100 characters.
../src/CLUBB_core/advance_windm_edsclrm_module.F90
--------------------------------------------------------------------------------
--------------------------------------------------------------------------------
CLUBBStandardsCheck.pl WARNING: Line has exceeded 100 characters.
144 :     !$acc enter data create( invrs_denom_integral, field_clipped, denom_integral_global, rho_ds_dz, &
CLUBBStandardsCheck.pl WARNING: Line has exceeded 100 characters.
164 :         !   invrs_denom_integral(i,k) = one / sum(rho_ds_dz(i,k-num_hf_draw_points:k+num_hf_draw_points))
CLUBBStandardsCheck.pl WARNING: Line has exceeded 100 characters.
238 :     !$acc parallel loop gang vector collapse(2) default(present) reduction(.or.:l_field_below_threshold)
CLUBBStandardsCheck.pl WARNING: Line has exceeded 100 characters.
250 :       !$acc exit data delete( invrs_denom_integral, field_clipped, denom_integral_global, rho_ds_dz, &
CLUBBStandardsCheck.pl WARNING: File has lines that exceed 100 characters.
../src/CLUBB_core/fill_holes.F90
--------------------------------------------------------------------------------
--------------------------------------------------------------------------------
CLUBBStandardsCheck.pl WARNING: Missing 'implicit none' statements. 'Implicit None' check FAILED! 
CLUBBStandardsCheck.pl Add a line containing 'implicit none' to each program, module, subroutine, and function.
../src/CLUBB_core/mt95.F90
--------------------------------------------------------------------------------
--------------------------------------------------------------------------------
CLUBBStandardsCheck.pl WARNING: Line has exceeded 100 characters.
174 :     if ( stats_metadata%iwprtpthlp > 0 ) call check_nan( wprtpthlp, "wprtpthlp", proc_name ) ! intnet(in)
CLUBBStandardsCheck.pl WARNING: File has lines that exceed 100 characters.
../src/CLUBB_core/numerical_check.F90
--------------------------------------------------------------------------------
--------------------------------------------------------------------------------
CLUBBStandardsCheck.pl WARNING: Line has exceeded 100 characters.
114 :   character(len=*), private, parameter  :: alph = "0123456789ABCDEFGHIJKLMNOPQRSTUVWXYZabcdefghijklmnopqrstuvwxyz"
CLUBBStandardsCheck.pl WARNING: Line has exceeded 100 characters.
117 :   integer(kind=wi), private, parameter  :: clen = ( n + 1_wi ) * 7_wi !n * ( ceiling( fbs * log( 2.0_core_rknd ) / log( alps ) ) + 1 )
CLUBBStandardsCheck.pl WARNING: File has lines that exceed 100 characters.
../src/CLUBB_core/mt95.F90
--------------------------------------------------------------------------------
--------------------------------------------------------------------------------
CLUBBStandardsCheck.pl WARNING: Line has exceeded 100 characters.
1174 :     !$acc              fcor_col, sfc_elevation_col, thlm_forcing_col, rtm_forcing_col, um_forcing_col, &
CLUBBStandardsCheck.pl WARNING: Line has exceeded 100 characters.
1175 :     !$acc              vm_forcing_col, wprtp_forcing_col, wpthlp_forcing_col, rtp2_forcing_col, thlp2_forcing_col, &
CLUBBStandardsCheck.pl WARNING: Line has exceeded 100 characters.
1176 :     !$acc              rtpthlp_forcing_col, wm_zm_col, wm_zt_col, rho_zm_col, rho_col, rho_ds_zm_col, rho_ds_zt_col, &
CLUBBStandardsCheck.pl WARNING: Line has exceeded 100 characters.
1177 :     !$acc              invrs_rho_ds_zm_col, invrs_rho_ds_zt_col, thv_ds_zm_col, thv_ds_zt_col, rfrzm_col, &
CLUBBStandardsCheck.pl WARNING: Line has exceeded 100 characters.
1180 :     !$acc              upwp_sfc_pert_col, vpwp_sfc_pert_col, rtm_ref_col, thlm_ref_col, um_ref_col, &
CLUBBStandardsCheck.pl WARNING: Line has exceeded 100 characters.
1183 :     !$acc        copy( um_col, upwp_col, vm_col, vpwp_col, up2_col, vp2_col, up3_col, vp3_col, rtm_col, wprtp_col, thlm_col, wpthlp_col, rtp2_col, &
CLUBBStandardsCheck.pl WARNING: Line has exceeded 100 characters.
1186 :     !$acc              rtpthvp_col, thlpthvp_col, wp2rtp_col, wp2thlp_col, uprcp_col, vprcp_col, rc_coef_zm_col, &
CLUBBStandardsCheck.pl WARNING: Line has exceeded 100 characters.
1187 :     !$acc              wp4_col, wpup2_col, wpvp2_col, wp2up2_col, wp2vp2_col, ice_supersat_frac_col, um_pert_col, &
CLUBBStandardsCheck.pl WARNING: Line has exceeded 100 characters.
1235 :     !$acc     copyout( rcm_in_layer_col, cloud_cover_col, wprcp_col, w_up_in_cloud_col, w_down_in_cloud_col, &
CLUBBStandardsCheck.pl WARNING: Line has exceeded 100 characters.
1236 :     !$acc              cloudy_updraft_frac_col, cloudy_downdraft_frac_col, invrs_tau_zm_col, Kh_zt_col, &
CLUBBStandardsCheck.pl WARNING: Line has exceeded 100 characters.
1242 :     !$acc        copy( sclrm_col, wpsclrp_col, sclrp2_col, sclrp3_col, sclrprtp_col, sclrpthlp_col, sclrpthvp_col )
CLUBBStandardsCheck.pl WARNING: File has lines that exceed 100 characters.
../src/CLUBB_core/clubb_api_module.F90
--------------------------------------------------------------------------------
--------------------------------------------------------------------------------
CLUBBStandardsCheck.pl WARNING: Line has exceeded 100 characters.
339 :          call calc_coefs_wpxpyp_semiimpl( nz, wp2(i,:), rtp2(i,:), thlp2(i,:), wprtp(i,:),       & ! In
CLUBBStandardsCheck.pl WARNING: File has lines that exceed 100 characters.
../src/CLUBB_core/new_pdf_main.F90
--------------------------------------------------------------------------------
--------------------------------------------------------------------------------
CLUBBStandardsCheck.pl WARNING: Line has exceeded 100 characters.
43 :   !     lower_1(2)*upper_1(1)+l_diag(2)*1          = lhs(0,2)   =>  l_diag(2)   = lhs(0,2) - lower_1(2)*upper_1(1)
CLUBBStandardsCheck.pl WARNING: Line has exceeded 100 characters.
44 :   !     lower_1(2)*upper_2(1)+l_diag(2)*upper_1(2) = lhs(-1,2)  =>  upper_1(2)  = ( lhs(-1,2)-lower_1(2)*upper_2(1) )
CLUBBStandardsCheck.pl WARNING: Line has exceeded 100 characters.
46 :   !     l_diag(2)*upper_2(2)                       = lhs(-2,2)  =>  upper_2(2)  = lhs(-2,2) / l_diag(2)
CLUBBStandardsCheck.pl WARNING: Line has exceeded 100 characters.
52 :   !     l_2(k)*upper_1(k-2)+lower_1(k)*1            = lhs(1,k)   =>  lower_1(k) = lhs(1,k) - l_2(k)*upper_1(k-2)
CLUBBStandardsCheck.pl WARNING: Line has exceeded 100 characters.
53 :   !     l_2(k)*upper_2(k-2)+lower_1(k)*upper_1(k-1) = lhs( 0,k)  =>  l_diag(k)  = lhs(0,k) - l_2(k)*upper_2(k-2)
CLUBBStandardsCheck.pl WARNING: Line has exceeded 100 characters.
54 :   !                    +l_diag(k)*1                                               + lower_1(k)*upper_1(k-1) 
CLUBBStandardsCheck.pl WARNING: File has lines that exceed 100 characters.
../src/CLUBB_core/penta_lu_solver.F90
--------------------------------------------------------------------------------
--------------------------------------------------------------------------------
CLUBBStandardsCheck.pl WARNING: Line has exceeded 100 characters.
375 :         thv_par_1(i,j) = thl_par_1(i,j) + ep1 * thv_ds(i,j) * rt_par_1(i,j) + Lv_coef(i,j) * rc_par_1(i,j)
CLUBBStandardsCheck.pl WARNING: Line has exceeded 100 characters.
623 :         thv_par_1(i,j) = thl_par_1(i,j) + ep1 * thv_ds(i,j) * rt_par_1(i,j) + Lv_coef(i,j) * rc_par_1(i,j)
CLUBBStandardsCheck.pl WARNING: Line has exceeded 100 characters.
992 :                               ! if l_avg_Lscale is true, compute_mixing_length is called two additional
CLUBBStandardsCheck.pl WARNING: Line has exceeded 100 characters.
1136 :             thlm_pert_pos_rt(i,k) = pdf_params%thl_1(i,k) + ( sign_rtpthlp_zt(i,k) * Lscale_pert_coef &
CLUBBStandardsCheck.pl WARNING: Line has exceeded 100 characters.
1139 :             thlm_pert_neg_rt(i,k) = pdf_params%thl_2(i,k) - ( sign_rtpthlp_zt(i,k) * Lscale_pert_coef &
CLUBBStandardsCheck.pl WARNING: Line has exceeded 100 characters.
1152 :             thlm_pert_pos_rt(i,k) = pdf_params%thl_2(i,k) + ( sign_rtpthlp_zt(i,k) * Lscale_pert_coef &
CLUBBStandardsCheck.pl WARNING: Line has exceeded 100 characters.
1155 :             thlm_pert_neg_rt(i,k) = pdf_params%thl_1(i,k) - ( sign_rtpthlp_zt(i,k) * Lscale_pert_coef &
CLUBBStandardsCheck.pl WARNING: Line has exceeded 100 characters.
1472 :                                               ! https://github.com/larson-group/clubb/issues/965#issuecomment-1119816722
CLUBBStandardsCheck.pl WARNING: Line has exceeded 100 characters.
1473 :                                               ! for a plot on how output behaves with varying min_max_smth_mag
CLUBBStandardsCheck.pl WARNING: Line has exceeded 100 characters.
1476 :     logical, parameter :: l_smooth_min_max = .false.  ! whether to apply smooth min and max functions
CLUBBStandardsCheck.pl WARNING: Line has exceeded 100 characters.
1592 :         invrs_tau_shear_smooth(i,k) = clubb_params(i,iC_invrs_tau_shear) *  smooth_norm_ddzt_umvm(i,k)
CLUBBStandardsCheck.pl WARNING: Line has exceeded 100 characters.
1653 :                                                    1.e8_core_rknd * abs(brunt_vaisala_freq_sqd_mixed(i,k))**3)
CLUBBStandardsCheck.pl WARNING: Line has exceeded 100 characters.
1669 :         call stat_update_var(stats_metadata%ibrunt_vaisala_freq_sqd_smth, brunt_vaisala_freq_sqd_smth(i,:), & ! intent(in)
CLUBBStandardsCheck.pl WARNING: Line has exceeded 100 characters.
1691 :         brunt_vaisala_freq_clipped = smooth_max( nz, ngrdcol, 1.0e-7_core_rknd, brunt_vaisala_freq_sqd_smth, &
CLUBBStandardsCheck.pl WARNING: Line has exceeded 100 characters.
1806 :         call stat_update_var(stats_metadata%ibrunt_freq_out_cloud, brunt_freq_out_cloud(i,:), & ! intent(in)
CLUBBStandardsCheck.pl WARNING: Line has exceeded 100 characters.
1851 :                                   / ( gr%zm(i,k) - sfc_elevation(i) + clubb_params(i,iz_displace) )  ! small
CLUBBStandardsCheck.pl WARNING: Line has exceeded 100 characters.
1904 :                                    + clubb_params(i,iC_invrs_tau_N2_wpxp) * brunt_freq_out_cloud(i,k)
CLUBBStandardsCheck.pl WARNING: Line has exceeded 100 characters.
1983 :           tmp_calc(i,k) = clubb_params(i,iC_invrs_tau_wpxp_Ri) * Ri_zm_smooth(i,k)**clubb_params(i,iwpxp_Ri_exp) 
CLUBBStandardsCheck.pl WARNING: Line has exceeded 100 characters.
2014 :                                       * max( Ri_zm(i,k), zero)**clubb_params(i,iwpxp_Ri_exp), 12.0_core_rknd ) )
CLUBBStandardsCheck.pl WARNING: Line has exceeded 100 characters.
2026 :                                 + clubb_params(i,iC_invrs_tau_N2_clear_wp3) * brunt_freq_out_cloud(i,k)
CLUBBStandardsCheck.pl WARNING: Line has exceeded 100 characters.
2074 :       tau_zt = smooth_min( nz, ngrdcol, tau_zt_unclipped, tau_max_zt, 1.0e3_core_rknd * min_max_smth_mag )
CLUBBStandardsCheck.pl WARNING: File has lines that exceed 100 characters.
../src/CLUBB_core/mixing_length.F90
--------------------------------------------------------------------------------
--------------------------------------------------------------------------------
CLUBBStandardsCheck.pl WARNING: Line has exceeded 100 characters.
102 :           Skx(i,k) = min( max( Skx(i,k), -clubb_params(i,iSkw_max_mag) ), clubb_params(i,iSkw_max_mag) )
CLUBBStandardsCheck.pl WARNING: File has lines that exceed 100 characters.
../src/CLUBB_core/Skx_module.F90
--------------------------------------------------------------------------------
--------------------------------------------------------------------------------
CLUBBStandardsCheck.pl WARNING: Line has exceeded 100 characters.
75 :         call stat_assign( var_index=stats_metadata%ilh_morr_snow_rate, var_name="lh_morr_snow_rate", & !intent(in)
CLUBBStandardsCheck.pl WARNING: Line has exceeded 100 characters.
99 :         call stat_assign( var_index=stats_metadata%ik_lh_start, var_name="k_lh_start", & ! intent(in)
CLUBBStandardsCheck.pl WARNING: File has lines that exceed 100 characters.
../src/CLUBB_core/stats_lh_sfc_module.F90
--------------------------------------------------------------------------------
--------------------------------------------------------------------------------
CLUBBStandardsCheck.pl WARNING: Line has exceeded 100 characters.
88 :         call stat_assign( var_index=stats_metadata%iT_in_K_rad, var_name="T_in_K_rad", & ! intent(in)
CLUBBStandardsCheck.pl WARNING: Line has exceeded 100 characters.
123 :         call stat_assign( var_index=stats_metadata%ircm_in_cloud_rad, var_name="rcm_in_cloud_rad", & ! intent(in)
CLUBBStandardsCheck.pl WARNING: Line has exceeded 100 characters.
132 :         call stat_assign( var_index=stats_metadata%icloud_frac_rad, var_name="cloud_frac_rad", & ! intent(in)
CLUBBStandardsCheck.pl WARNING: Line has exceeded 100 characters.
142 :         call stat_assign( var_index=stats_metadata%iice_supersat_frac_rad, var_name="ice_supersat_frac_rad", & !In
CLUBBStandardsCheck.pl WARNING: Line has exceeded 100 characters.
160 :         call stat_assign( var_index=stats_metadata%iradht_LW_rad, var_name="radht_LW_rad", & ! intent(in)
CLUBBStandardsCheck.pl WARNING: Line has exceeded 100 characters.
169 :         call stat_assign( var_index=stats_metadata%iradht_SW_rad, var_name="radht_SW_rad", & ! intent(in)
CLUBBStandardsCheck.pl WARNING: Line has exceeded 100 characters.
178 :         call stat_assign( var_index=stats_metadata%ip_in_mb_rad, var_name="p_in_mb_rad", & ! intent(in)
CLUBBStandardsCheck.pl WARNING: Line has exceeded 100 characters.
187 :         call stat_assign( var_index=stats_metadata%isp_humidity_rad, var_name="sp_humidity_rad", & ! intent(in)
CLUBBStandardsCheck.pl WARNING: File has lines that exceed 100 characters.
../src/CLUBB_core/stats_rad_zt_module.F90
--------------------------------------------------------------------------------
--------------------------------------------------------------------------------
CLUBBStandardsCheck.pl WARNING: Line has exceeded 100 characters.
259 :       l_host_applies_sfc_fluxes       ! Use to determine whether a host model has already applied the surface flux,
CLUBBStandardsCheck.pl WARNING: Line has exceeded 100 characters.
465 :       l_host_applies_sfc_fluxes       ! Use to determine whether a host model has already applied the surface flux,
CLUBBStandardsCheck.pl WARNING: Line has exceeded 100 characters.
741 :       l_host_applies_sfc_fluxes       ! Use to determine whether a host model has already applied the surface flux,
CLUBBStandardsCheck.pl WARNING: Line has exceeded 100 characters.
868 :     write(iunit,*) "l_fix_w_chi_eta_correlations = ", clubb_config_flags%l_fix_w_chi_eta_correlations
CLUBBStandardsCheck.pl WARNING: Line has exceeded 100 characters.
885 :     write(iunit,*) "l_use_tke_in_wp3_pr_turb_term = ", clubb_config_flags%l_use_tke_in_wp3_pr_turb_term
CLUBBStandardsCheck.pl WARNING: Line has exceeded 100 characters.
887 :     write(iunit,*) "l_use_wp3_lim_with_smth_Heaviside = ", clubb_config_flags%l_use_wp3_lim_with_smth_Heaviside
CLUBBStandardsCheck.pl WARNING: Line has exceeded 100 characters.
889 :     write(iunit,*) "l_modify_limiters_for_cnvg_test = ", clubb_config_flags%l_modify_limiters_for_cnvg_test
CLUBBStandardsCheck.pl WARNING: File has lines that exceed 100 characters.
../src/CLUBB_core/model_flags.F90
--------------------------------------------------------------------------------
--------------------------------------------------------------------------------
CLUBBStandardsCheck.pl WARNING: Line has exceeded 100 characters.
114 :         call stat_assign( var_index=stats_metadata%iFrad_LW_rad, var_name="Frad_LW_rad", & ! intent(in)
CLUBBStandardsCheck.pl WARNING: Line has exceeded 100 characters.
123 :         call stat_assign( var_index=stats_metadata%iFrad_SW_rad, var_name="Frad_SW_rad", & ! intent(in)
CLUBBStandardsCheck.pl WARNING: Line has exceeded 100 characters.
132 :         call stat_assign( var_index=stats_metadata%iFrad_SW_up_rad, var_name="Frad_SW_up_rad", & ! intent(in)
CLUBBStandardsCheck.pl WARNING: Line has exceeded 100 characters.
141 :         call stat_assign( var_index=stats_metadata%iFrad_LW_up_rad, var_name="Frad_LW_up_rad", & ! intent(in)
CLUBBStandardsCheck.pl WARNING: Line has exceeded 100 characters.
150 :         call stat_assign( var_index=stats_metadata%iFrad_SW_down_rad, var_name="Frad_SW_down_rad", & ! intent(in)
CLUBBStandardsCheck.pl WARNING: Line has exceeded 100 characters.
160 :         call stat_assign( var_index=stats_metadata%iFrad_LW_down_rad, var_name="Frad_LW_down_rad", & ! intent(in)
CLUBBStandardsCheck.pl WARNING: File has lines that exceed 100 characters.
../src/CLUBB_core/stats_rad_zm_module.F90
--------------------------------------------------------------------------------
--------------------------------------------------------------------------------
CLUBBStandardsCheck.pl WARNING: Line has exceeded 100 characters.
516 :              wstar = ( one/T0 * grav * wpthlp(i,1) * 0.2_core_rknd * depth_pos_wpthlp(i) )**(one_third)
CLUBBStandardsCheck.pl WARNING: File has lines that exceed 100 characters.
../src/CLUBB_core/sfc_varnce_module.F90
--------------------------------------------------------------------------------
--------------------------------------------------------------------------------
CLUBBStandardsCheck.pl WARNING: Line has exceeded 100 characters.
462 :           esat(i,k) = 10._core_rknd**(-7.90298_core_rknd*(373.16_core_rknd/T_in_K_clipped-1._core_rknd)+ &
CLUBBStandardsCheck.pl WARNING: Line has exceeded 100 characters.
1392 :                        *(MAX( rtm - sat_mixrat_liq(p_in_Pa,theta*exner, saturation_formula), zero_threshold ))
CLUBBStandardsCheck.pl WARNING: File has lines that exceed 100 characters.
../src/CLUBB_core/saturation.F90
--------------------------------------------------------------------------------
--------------------------------------------------------------------------------
CLUBBStandardsCheck.pl WARNING: Line has exceeded 100 characters.
127 :         call stat_assign( var_index=stats_metadata%icc, var_name="cc", var_description="cc, Cloud cover", &
CLUBBStandardsCheck.pl WARNING: Line has exceeded 100 characters.
344 :         call stat_assign( var_index=stats_metadata%iwp23_matrix_condt_num, var_name="wp23_matrix_condt_num", &
CLUBBStandardsCheck.pl WARNING: Line has exceeded 100 characters.
351 :         call stat_assign( var_index=stats_metadata%ithlm_matrix_condt_num, var_name="thlm_matrix_condt_num", &
CLUBBStandardsCheck.pl WARNING: Line has exceeded 100 characters.
360 :         call stat_assign( var_index=stats_metadata%irtm_matrix_condt_num, var_name="rtm_matrix_condt_num", &
CLUBBStandardsCheck.pl WARNING: Line has exceeded 100 characters.
369 :         call stat_assign( var_index=stats_metadata%ithlp2_matrix_condt_num, var_name="thlp2_matrix_condt_num", &
CLUBBStandardsCheck.pl WARNING: Line has exceeded 100 characters.
377 :         call stat_assign( var_index=stats_metadata%irtp2_matrix_condt_num, var_name="rtp2_matrix_condt_num", &
CLUBBStandardsCheck.pl WARNING: Line has exceeded 100 characters.
403 :         call stat_assign( var_index=stats_metadata%iwindm_matrix_condt_num, var_name="windm_matrix_condt_num", &
CLUBBStandardsCheck.pl WARNING: Line has exceeded 100 characters.
437 :         call stat_assign( var_index=stats_metadata%itot_vartn_normlzd_rtm, var_name="tot_vartn_normlzd_rtm", &
CLUBBStandardsCheck.pl WARNING: Line has exceeded 100 characters.
445 :         call stat_assign( var_index=stats_metadata%itot_vartn_normlzd_thlm, var_name="tot_vartn_normlzd_thlm", &
CLUBBStandardsCheck.pl WARNING: Line has exceeded 100 characters.
453 :         call stat_assign( var_index=stats_metadata%itot_vartn_normlzd_wprtp, var_name="tot_vartn_normlzd_wprtp", &
CLUBBStandardsCheck.pl WARNING: File has lines that exceed 100 characters.
../src/CLUBB_core/stats_sfc_module.F90
--------------------------------------------------------------------------------
--------------------------------------------------------------------------------
CLUBBStandardsCheck.pl WARNING: Line has exceeded 100 characters.
177 :         call stat_assign( var_index=stats_metadata%ilh_thlm_mc, var_name="lh_thlm_mc", & ! intent(in)
CLUBBStandardsCheck.pl WARNING: Line has exceeded 100 characters.
306 :         call stat_assign( var_index=stats_metadata%ilh_rcm_avg, var_name="lh_rcm_avg", & ! intent(in)
CLUBBStandardsCheck.pl WARNING: Line has exceeded 100 characters.
459 :         call stat_assign( var_index=stats_metadata%ilh_cloud_frac, var_name="lh_cloud_frac", & ! intent(in)
CLUBBStandardsCheck.pl WARNING: Line has exceeded 100 characters.
513 :         call stat_assign( var_index=stats_metadata%ilh_Ncnp2_zt, var_name="lh_Ncnp2_zt", & ! intent(in)
CLUBBStandardsCheck.pl WARNING: Line has exceeded 100 characters.
522 :         call stat_assign( var_index=stats_metadata%ilh_Ncp2_zt, var_name="lh_Ncp2_zt", & ! intent(in)
CLUBBStandardsCheck.pl WARNING: Line has exceeded 100 characters.
531 :         call stat_assign( var_index=stats_metadata%ilh_Nrp2_zt, var_name="lh_Nrp2_zt", & ! intent(in)
CLUBBStandardsCheck.pl WARNING: Line has exceeded 100 characters.
540 :         call stat_assign( var_index=stats_metadata%ilh_rcp2_zt, var_name="lh_rcp2_zt", & ! intent(in)
CLUBBStandardsCheck.pl WARNING: Line has exceeded 100 characters.
549 :         call stat_assign( var_index=stats_metadata%ilh_rtp2_zt, var_name="lh_rtp2_zt", & ! intent(in)
CLUBBStandardsCheck.pl WARNING: Line has exceeded 100 characters.
558 :         call stat_assign( var_index=stats_metadata%ilh_thlp2_zt, var_name="lh_thlp2_zt", & ! intent(in)
CLUBBStandardsCheck.pl WARNING: Line has exceeded 100 characters.
567 :         call stat_assign( var_index=stats_metadata%ilh_rrp2_zt, var_name="lh_rrp2_zt", & ! intent(in)
CLUBBStandardsCheck.pl WARNING: Line has exceeded 100 characters.
576 :         call stat_assign( var_index=stats_metadata%ilh_rrm_auto, var_name="lh_rrm_auto", & ! intent(in)
CLUBBStandardsCheck.pl WARNING: Line has exceeded 100 characters.
585 :         call stat_assign( var_index=stats_metadata%ilh_rrm_accr, var_name="lh_rrm_accr", & ! intent(in)
CLUBBStandardsCheck.pl WARNING: Line has exceeded 100 characters.
593 :         call stat_assign( var_index=stats_metadata%ilh_rrm_evap, var_name="lh_rrm_evap", & ! intent(in)
CLUBBStandardsCheck.pl WARNING: Line has exceeded 100 characters.
602 :         call stat_assign( var_index=stats_metadata%ilh_Nrm_auto, var_name="lh_Nrm_auto", & ! intent(in)
CLUBBStandardsCheck.pl WARNING: Line has exceeded 100 characters.
611 :         call stat_assign( var_index=stats_metadata%ilh_Nrm_evap, var_name="lh_Nrm_evap", & ! intent(in)
CLUBBStandardsCheck.pl WARNING: Line has exceeded 100 characters.
620 :         call stat_assign( var_index=stats_metadata%ilh_rrm_src_adj, var_name="lh_rrm_src_adj", & ! intent(in)
CLUBBStandardsCheck.pl WARNING: Line has exceeded 100 characters.
629 :         call stat_assign( var_index=stats_metadata%ilh_rrm_evap_adj, var_name="lh_rrm_evap_adj", & ! intent(in)
CLUBBStandardsCheck.pl WARNING: Line has exceeded 100 characters.
638 :         call stat_assign( var_index=stats_metadata%ilh_Nrm_src_adj, var_name="lh_Nrm_src_adj", & ! intent(in)
CLUBBStandardsCheck.pl WARNING: Line has exceeded 100 characters.
648 :         call stat_assign( var_index=stats_metadata%ilh_Nrm_evap_adj, var_name="lh_Nrm_evap_adj", & ! intent(in)
CLUBBStandardsCheck.pl WARNING: Line has exceeded 100 characters.
658 :         call stat_assign( var_index=stats_metadata%ilh_precip_frac, var_name="lh_precip_frac", & ! intent(in)
CLUBBStandardsCheck.pl WARNING: Line has exceeded 100 characters.
677 :         call stat_assign( var_index=stats_metadata%ilh_mixt_frac, var_name="lh_mixt_frac", & ! intent(in)
CLUBBStandardsCheck.pl WARNING: Line has exceeded 100 characters.
697 :         call stat_assign( var_index=stats_metadata%ilh_m_vol_rad_rain, var_name="lh_m_vol_rad_rain", & !intent(in)
CLUBBStandardsCheck.pl WARNING: Line has exceeded 100 characters.
705 :         call stat_assign( var_index=stats_metadata%ilh_rrm_mc_nonadj, var_name="lh_rrm_mc_nonadj", & ! intent(in)
CLUBBStandardsCheck.pl WARNING: Line has exceeded 100 characters.
717 :           call stat_assign( var_index=stats_metadata%isilhs_variance_category(icategory), & ! intent(in)
CLUBBStandardsCheck.pl WARNING: Line has exceeded 100 characters.
733 :           call stat_assign( var_index=stats_metadata%ilh_samp_frac_category(icategory), & ! intent(in)
CLUBBStandardsCheck.pl WARNING: File has lines that exceed 100 characters.
../src/CLUBB_core/stats_lh_zt_module.F90
--------------------------------------------------------------------------------
--------------------------------------------------------------------------------
CLUBBStandardsCheck.pl WARNING: Line has exceeded 100 characters.
617 :             call stat_update_var( stats_metadata%icoef_wp4_implicit, coef_wp4_implicit(i,:), & ! intent(in)
CLUBBStandardsCheck.pl WARNING: Line has exceeded 100 characters.
1403 :         call stat_update_var_pt( stats_metadata%iwp23_matrix_condt_num, 1, one / rcond(i), & ! intent(in) 
CLUBBStandardsCheck.pl WARNING: Line has exceeded 100 characters.
1494 :           call stat_end_update_pt( stats_metadata%iwp2_dp1, k,                         & ! intent(in)
CLUBBStandardsCheck.pl WARNING: Line has exceeded 100 characters.
1541 :             call stat_end_update_pt( stats_metadata%iwp2_pr1, k,                       & ! intent(in)
CLUBBStandardsCheck.pl WARNING: Line has exceeded 100 characters.
1603 :           call stat_end_update_pt( stats_metadata%iwp3_ta, k,                                    & ! intent(in)
CLUBBStandardsCheck.pl WARNING: Line has exceeded 100 characters.
1616 :           call stat_end_update_pt( stats_metadata%iwp3_tp, k,                              & ! intent(in)
CLUBBStandardsCheck.pl WARNING: Line has exceeded 100 characters.
1622 :           call stat_end_update_pt( stats_metadata%iwp3_pr_tp, k,                         & ! intent(in)
CLUBBStandardsCheck.pl WARNING: Line has exceeded 100 characters.
2686 :           call stat_update_var_pt( stats_metadata%iwp2_pr_dfsn, k, rhs_pr_dfsn_wp2(i,k), & ! intent(in)
CLUBBStandardsCheck.pl WARNING: Line has exceeded 100 characters.
2691 :           call stat_update_var_pt( stats_metadata%iwp2_splat, k, - lhs_splat_wp2(i,k) * wp2(i,k), & ! intent(in)
CLUBBStandardsCheck.pl WARNING: Line has exceeded 100 characters.
2707 :             call stat_modify_pt( stats_metadata%iwp2_pr1, k,                       & ! intent(in)       
CLUBBStandardsCheck.pl WARNING: Line has exceeded 100 characters.
2790 :               call stat_begin_update_pt( stats_metadata%iwp3_ta, k,                                & ! intent(in)
CLUBBStandardsCheck.pl WARNING: Line has exceeded 100 characters.
2805 :           call stat_begin_update_pt( stats_metadata%iwp3_tp, k,                                    & ! intent(in)
CLUBBStandardsCheck.pl WARNING: Line has exceeded 100 characters.
2811 :           call stat_begin_update_pt( stats_metadata%iwp3_pr_tp, k,                               & ! intent(in)
CLUBBStandardsCheck.pl WARNING: Line has exceeded 100 characters.
2855 :           call stat_update_var_pt( stats_metadata%iwp3_splat, k, - lhs_splat_wp3(i,k) * wp3(i,k), & ! intent(in)
CLUBBStandardsCheck.pl WARNING: Line has exceeded 100 characters.
2866 :             call stat_begin_update_pt( stats_metadata%iwp3_dp1, k,                     & ! intent(in) 
CLUBBStandardsCheck.pl WARNING: Line has exceeded 100 characters.
2885 :           call stat_update_var_pt( stats_metadata%iwp3_pr_turb, k, rhs_pr_turb_wp3(i,k), & ! intent(in)
CLUBBStandardsCheck.pl WARNING: Line has exceeded 100 characters.
2887 :           call stat_update_var_pt( stats_metadata%iwp3_pr_dfsn, k, rhs_pr_dfsn_wp3(i,k), & ! intent(in)
CLUBBStandardsCheck.pl WARNING: File has lines that exceed 100 characters.
--------------------------------------------------------------------------------
CLUBBStandardsCheck.pl WARNING: Line has exceeded 100 characters.
8 :   !   easier for the clubb_tuner code to use the clubb_params vector without "knowing" any information
CLUBBStandardsCheck.pl WARNING: File has lines that exceed 100 characters.
../src/CLUBB_core/parameters_tunable.F90
--------------------------------------------------------------------------------
../src/CLUBB_core/advance_wp2_wp3_module.F90
--------------------------------------------------------------------------------
--------------------------------------------------------------------------------
CLUBBStandardsCheck.pl WARNING: Line has exceeded 100 characters.
43 :   !     lower(k)*upper(k-1)+l_diag(k)*1  = lhs( 0,k)  =>  l_diag(k) = lhs( 0,k) - lower(k)*upper(k-1)
CLUBBStandardsCheck.pl WARNING: Line has exceeded 100 characters.
205 :       lower_diag_invrs(i,ndim) = 1.0_core_rknd / ( lhs(0,i,ndim) - lhs(1,i,ndim) * upper(i,ndim-1)  )
CLUBBStandardsCheck.pl WARNING: Line has exceeded 100 characters.
292 :       lower_diag_invrs(i,ndim) = 1.0_core_rknd / ( lhs(0,i,ndim) - lhs(1,i,ndim) * upper(i,ndim-1)  )
CLUBBStandardsCheck.pl WARNING: File has lines that exceed 100 characters.
../src/CLUBB_core/tridiag_lu_solver.F90
--------------------------------------------------------------------------------
--------------------------------------------------------------------------------
CLUBBStandardsCheck.pl WARNING: Line has exceeded 100 characters.
385 :           call stat_update_var_pt( stats_metadata%iprecip_frac_tol, 1, precip_frac_tol(j), & ! intent(in)
CLUBBStandardsCheck.pl WARNING: Line has exceeded 100 characters.
395 :         call precip_frac_assert_check( nz, hydromet_dim, hydromet_tol,                    & ! intent(in)
CLUBBStandardsCheck.pl WARNING: Line has exceeded 100 characters.
397 :                                        precip_frac_1(j,:), precip_frac_2(j,:),            & ! intent(in)
CLUBBStandardsCheck.pl WARNING: Line has exceeded 100 characters.
398 :                                        precip_frac_tol(j) )                                 ! intent(in)
CLUBBStandardsCheck.pl WARNING: File has lines that exceed 100 characters.
../src/CLUBB_core/precipitation_fraction.F90
--------------------------------------------------------------------------------
--------------------------------------------------------------------------------
CLUBBStandardsCheck.pl WARNING: Line has exceeded 100 characters.
845 :     !$acc              rc_coef, Km_zm, Kmh_zm, gamma_Skw_fnc, sigma_sqd_w, sigma_sqd_w_tmp, sigma_sqd_w_zt, &
CLUBBStandardsCheck.pl WARNING: Line has exceeded 100 characters.
924 :                thlm_forcing(i,:), rtm_forcing(i,:), um_forcing(i,:),                         & ! intent(in)
CLUBBStandardsCheck.pl WARNING: Line has exceeded 100 characters.
925 :                vm_forcing(i,:), wm_zm(i,:), wm_zt(i,:), p_in_Pa(i,:),                                 & ! intent(in)
CLUBBStandardsCheck.pl WARNING: Line has exceeded 100 characters.
926 :                rho_zm(i,:), rho(i,:), exner(i,:), rho_ds_zm(i,:),                                     & ! intent(in)
CLUBBStandardsCheck.pl WARNING: Line has exceeded 100 characters.
927 :                rho_ds_zt(i,:), invrs_rho_ds_zm(i,:), invrs_rho_ds_zt(i,:),                       & ! intent(in)
CLUBBStandardsCheck.pl WARNING: Line has exceeded 100 characters.
928 :                thv_ds_zm(i,:), thv_ds_zt(i,:), wpthlp_sfc(i), wprtp_sfc(i), upwp_sfc(i),             & ! intent(in)
CLUBBStandardsCheck.pl WARNING: Line has exceeded 100 characters.
929 :                vpwp_sfc(i), um(i,:), upwp(i,:), vm(i,:), vpwp(i,:), up2(i,:), vp2(i,:),                            & ! intent(in)
CLUBBStandardsCheck.pl WARNING: Line has exceeded 100 characters.
930 :                rtm(i,:), wprtp(i,:), thlm(i,:), wpthlp(i,:), wp2(i,:), wp3(i,:),                                & ! intent(in)
CLUBBStandardsCheck.pl WARNING: Line has exceeded 100 characters.
931 :                rtp2(i,:), thlp2(i,:), rtpthlp(i,:),                                              & ! intent(in)
CLUBBStandardsCheck.pl WARNING: Line has exceeded 100 characters.
934 :                wpsclrp_sfc(i,:), wpedsclrp_sfc(i,:), sclrm(i,:,:), wpsclrp(i,:,:), sclrp2(i,:,:),                & ! intent(in)
CLUBBStandardsCheck.pl WARNING: Line has exceeded 100 characters.
935 :                sclrprtp(i,:,:), sclrpthlp(i,:,:), sclrm_forcing(i,:,:), edsclrm(i,:,:), edsclrm_forcing(i,:,:) )       ! intent(in)
CLUBBStandardsCheck.pl WARNING: Line has exceeded 100 characters.
1357 :                                   mu, rtp2_zt, thlp2_zt, rtpthlp_zt, pdf_params, em,    & ! intent(in)
CLUBBStandardsCheck.pl WARNING: Line has exceeded 100 characters.
1562 :       ! Added an extra check for stats_metadata%irel_humidity > 0; otherwise, if both stats_metadata%irsat = 0 and
CLUBBStandardsCheck.pl WARNING: Line has exceeded 100 characters.
1563 :       ! stats_metadata%irel_humidity = 0, rsat is not computed, leading to a floating-point exception
CLUBBStandardsCheck.pl WARNING: Line has exceeded 100 characters.
1575 :           call stat_update_var( stats_metadata%irel_humidity, rel_humidity(i,:), &             ! intent(in)
CLUBBStandardsCheck.pl WARNING: Line has exceeded 100 characters.
1624 :           call stat_update_var( stats_metadata%istability_correction, stability_correction(i,:), & ! In
CLUBBStandardsCheck.pl WARNING: Line has exceeded 100 characters.
1705 :         call stat_update_var(stats_metadata%iinvrs_tau_wpxp_zm, invrs_tau_wpxp_zm(i,:), & ! intent(in)
CLUBBStandardsCheck.pl WARNING: Line has exceeded 100 characters.
1709 :         call stat_update_var(stats_metadata%iinvrs_tau_wp3_zm, invrs_tau_wp3_zm(i,:), &   ! intent(in)
CLUBBStandardsCheck.pl WARNING: Line has exceeded 100 characters.
1713 :           call stat_update_var(stats_metadata%iinvrs_tau_no_N2_zm, invrs_tau_no_N2_zm(i,:), & ! intent(in)
CLUBBStandardsCheck.pl WARNING: Line has exceeded 100 characters.
1722 :         call stat_update_var(stats_metadata%ibrunt_vaisala_freq_sqd, brunt_vaisala_freq_sqd(i,:), & ! intent(in)
CLUBBStandardsCheck.pl WARNING: Line has exceeded 100 characters.
1724 :         call stat_update_var(stats_metadata%ibrunt_vaisala_freq_sqd_splat, brunt_vaisala_freq_sqd_splat(i,:), & ! intent(in)
CLUBBStandardsCheck.pl WARNING: Line has exceeded 100 characters.
1726 :         call stat_update_var(stats_metadata%ibrunt_vaisala_freq_sqd_mixed, brunt_vaisala_freq_sqd_mixed(i,:), & ! intent(in)
CLUBBStandardsCheck.pl WARNING: Line has exceeded 100 characters.
1728 :         call stat_update_var(stats_metadata%ibrunt_vaisala_freq_sqd_moist, brunt_vaisala_freq_sqd_moist(i,:), & ! intent(in)
CLUBBStandardsCheck.pl WARNING: Line has exceeded 100 characters.
1730 :         call stat_update_var(stats_metadata%ibrunt_vaisala_freq_sqd_dry, brunt_vaisala_freq_sqd_dry(i,:), & ! intent(in)
CLUBBStandardsCheck.pl WARNING: Line has exceeded 100 characters.
1749 :                                       clubb_config_flags%l_modify_limiters_for_cnvg_test, & ! intent(in)
CLUBBStandardsCheck.pl WARNING: Line has exceeded 100 characters.
1751 :                                       stats_zm,                                      & ! intent(inout)
CLUBBStandardsCheck.pl WARNING: Line has exceeded 100 characters.
1843 :                                             sclrm(i,:,:), sclrm_trsport_only(i,:,:), & ! intent(inout)
CLUBBStandardsCheck.pl WARNING: Line has exceeded 100 characters.
2206 :                                 * ( one - exp( brunt_vaisala_freq_sqd_zt(i,k) / clubb_params(i,ixp3_coef_slope) ) )
CLUBBStandardsCheck.pl WARNING: Line has exceeded 100 characters.
2602 :                thlm(i,:), rtm(i,:), wprtp(i,:), wpthlp(i,:),                              & ! intent(in)
CLUBBStandardsCheck.pl WARNING: Line has exceeded 100 characters.
2603 :                wp2(i,:), wp3(i,:), rtp2(i,:), rtp3(i,:), thlp2(i,:), thlp3(i,:), rtpthlp(i,:),           & ! intent(in)
CLUBBStandardsCheck.pl WARNING: Line has exceeded 100 characters.
2604 :                wpthvp(i,:), wp2thvp(i,:), rtpthvp(i,:), thlpthvp(i,:),                    & ! intent(in)
CLUBBStandardsCheck.pl WARNING: Line has exceeded 100 characters.
2605 :                p_in_Pa(i,:), exner(i,:), rho(i,:), rho_zm(i,:),                           & ! intent(in)
CLUBBStandardsCheck.pl WARNING: Line has exceeded 100 characters.
2606 :                rho_ds_zm(i,:), rho_ds_zt(i,:), thv_ds_zm(i,:), thv_ds_zt(i,:),            & ! intent(in)
CLUBBStandardsCheck.pl WARNING: Line has exceeded 100 characters.
2607 :                wm_zt(i,:), wm_zm(i,:), rcm(i,:), wprcp(i,:), rc_coef(i,:), rc_coef_zm(i,:),         & ! intent(in)
CLUBBStandardsCheck.pl WARNING: Line has exceeded 100 characters.
2608 :                rcm_zm(i,:), rtm_zm(i,:), thlm_zm(i,:), cloud_frac(i,:), ice_supersat_frac(i,:),& ! intent(in)
CLUBBStandardsCheck.pl WARNING: Line has exceeded 100 characters.
2611 :                thvm(i,:), ug(i,:), vg(i,:), Lscale(i,:), wpthlp2(i,:), wp2thlp(i,:), wprtp2(i,:), wp2rtp(i,:),& ! intent(in)
CLUBBStandardsCheck.pl WARNING: Line has exceeded 100 characters.
2612 :                Lscale_up(i,:), Lscale_down(i,:), tau_zt(i,:), Kh_zt(i,:), wp2rcp(i,:),         & ! intent(in)
CLUBBStandardsCheck.pl WARNING: Line has exceeded 100 characters.
2613 :                wprtpthlp(i,:), sigma_sqd_w_zt(i,:), rsat(i,:), wp2_zt(i,:), thlp2_zt(i,:),     & ! intent(in)
CLUBBStandardsCheck.pl WARNING: Line has exceeded 100 characters.
2614 :                wpthlp_zt(i,:), wprtp_zt(i,:), rtp2_zt(i,:), rtpthlp_zt(i,:), up2_zt(i,:),      & ! intent(in)
CLUBBStandardsCheck.pl WARNING: Line has exceeded 100 characters.
2615 :                vp2_zt(i,:), upwp_zt(i,:), vpwp_zt(i,:), wpup2(i,:), wpvp2(i,:),                & ! intent(in)
CLUBBStandardsCheck.pl WARNING: Line has exceeded 100 characters.
2618 :                rtprcp(i,:), rcp2(i,:), em(i,:), a3_coef(i,:), a3_coef_zt(i,:),                 & ! intent(in)
CLUBBStandardsCheck.pl WARNING: Line has exceeded 100 characters.
2619 :                wp3_zm(i,:), wp3_on_wp2(i,:), wp3_on_wp2_zt(i,:), Skw_velocity(i,:),       & ! intent(in)
CLUBBStandardsCheck.pl WARNING: Line has exceeded 100 characters.
2622 :                pdf_params_single_col(i), pdf_params_zm_single_col(i), sclrm(i,:,:), sclrp2(i,:,:),              & ! intent(in)
CLUBBStandardsCheck.pl WARNING: Line has exceeded 100 characters.
2623 :                sclrprtp(i,:,:), sclrpthlp(i,:,:), sclrm_forcing(i,:,:), sclrpthvp(i,:,:),         & ! intent(in)
CLUBBStandardsCheck.pl WARNING: Line has exceeded 100 characters.
2624 :                wpsclrp(i,:,:), sclrprcp(i,:,:), wp2sclrp(i,:,:), wpsclrp2(i,:,:), wpsclrprtp(i,:,:),     & ! intent(in)
CLUBBStandardsCheck.pl WARNING: Line has exceeded 100 characters.
2625 :                wpsclrpthlp(i,:,:), wpedsclrp(i,:,:), edsclrm(i,:,:), edsclrm_forcing(i,:,:),      & ! intent(in)
CLUBBStandardsCheck.pl WARNING: Line has exceeded 100 characters.
2626 :                clubb_config_flags%saturation_formula,                                         & ! intent(in)
CLUBBStandardsCheck.pl WARNING: Line has exceeded 100 characters.
2627 :                stats_metadata,                                                               & ! intent(in)
CLUBBStandardsCheck.pl WARNING: Line has exceeded 100 characters.
2628 :                stats_zt(i), stats_zm(i), stats_sfc(i) )                                           ! intent(inout)
CLUBBStandardsCheck.pl WARNING: Line has exceeded 100 characters.
2650 :              thlm_forcing(i,:), rtm_forcing(i,:), um_forcing(i,:),                         & ! intent(in)
CLUBBStandardsCheck.pl WARNING: Line has exceeded 100 characters.
2651 :              vm_forcing(i,:), wm_zm(i,:), wm_zt(i,:), p_in_Pa(i,:),                                 & ! intent(in)
CLUBBStandardsCheck.pl WARNING: Line has exceeded 100 characters.
2652 :              rho_zm(i,:), rho(i,:), exner(i,:), rho_ds_zm(i,:),                                     & ! intent(in)
CLUBBStandardsCheck.pl WARNING: Line has exceeded 100 characters.
2653 :              rho_ds_zt(i,:), invrs_rho_ds_zm(i,:), invrs_rho_ds_zt(i,:),                       & ! intent(in)
CLUBBStandardsCheck.pl WARNING: Line has exceeded 100 characters.
2654 :              thv_ds_zm(i,:), thv_ds_zt(i,:), wpthlp_sfc(i), wprtp_sfc(i), upwp_sfc(i),             & ! intent(in)
CLUBBStandardsCheck.pl WARNING: Line has exceeded 100 characters.
2655 :              vpwp_sfc(i), um(i,:), upwp(i,:), vm(i,:), vpwp(i,:), up2(i,:), vp2(i,:),                            & ! intent(in)
CLUBBStandardsCheck.pl WARNING: Line has exceeded 100 characters.
2656 :              rtm(i,:), wprtp(i,:), thlm(i,:), wpthlp(i,:), wp2(i,:), wp3(i,:),                                & ! intent(in)
CLUBBStandardsCheck.pl WARNING: Line has exceeded 100 characters.
2657 :              rtp2(i,:), thlp2(i,:), rtpthlp(i,:),                                              & ! intent(in)
CLUBBStandardsCheck.pl WARNING: Line has exceeded 100 characters.
2660 :              wpsclrp_sfc(i,:), wpedsclrp_sfc(i,:), sclrm(i,:,:), wpsclrp(i,:,:), sclrp2(i,:,:),                & ! intent(in)
CLUBBStandardsCheck.pl WARNING: Line has exceeded 100 characters.
2661 :              sclrprtp(i,:,:), sclrpthlp(i,:,:), sclrm_forcing(i,:,:), edsclrm(i,:,:), edsclrm_forcing(i,:,:)       ) ! intent(in)
CLUBBStandardsCheck.pl WARNING: Line has exceeded 100 characters.
2759 :     !$acc                   sqrt_em_zt, xp3_coef_fnc, w_1_zm, w_2_zm, varnce_w_1_zm, varnce_w_2_zm, &
CLUBBStandardsCheck.pl WARNING: Line has exceeded 100 characters.
2764 :     !$acc                   invrs_tau_C4_zm, invrs_tau_C14_zm, invrs_tau_wp2_zm, invrs_tau_wpxp_zm, &
CLUBBStandardsCheck.pl WARNING: Line has exceeded 100 characters.
2765 :     !$acc                   invrs_tau_wp3_zm, invrs_tau_no_N2_zm, invrs_tau_bkgnd, invrs_tau_shear, &
CLUBBStandardsCheck.pl WARNING: Line has exceeded 100 characters.
3301 :       sclrp2_zt(:,:,j) = zm2zt( nz, ngrdcol, gr, sclrp2(:,:,j), sclr_tol(j)**2 ) ! Pos. def. quantity
CLUBBStandardsCheck.pl WARNING: Line has exceeded 100 characters.
3440 :     sigma_sqd_w(:,:) = zm2zt2zm( nz, ngrdcol, gr, sigma_sqd_w_tmp(:,:), zero_threshold ) ! Pos. def. quantity
CLUBBStandardsCheck.pl WARNING: Line has exceeded 100 characters.
3444 :     sigma_sqd_w_zt(:,:) = zm2zt( nz, ngrdcol, gr, sigma_sqd_w(:,:), zero_threshold )  ! Pos. def. quantity
CLUBBStandardsCheck.pl WARNING: Line has exceeded 100 characters.
3480 :       sclrp2_zt(:,:,j)    = zm2zt( nz, ngrdcol, gr, sclrp2(:,:,j), sclr_tol(j)**2 ) ! Pos. def. quantity
CLUBBStandardsCheck.pl WARNING: Line has exceeded 100 characters.
4062 :           write(fstderr,*) "l_stability_correct_tau_zm = ", clubb_config_flags%l_stability_correct_tau_zm
CLUBBStandardsCheck.pl WARNING: Line has exceeded 100 characters.
4098 :          write(fstderr,*) "Unknown type of double Gaussian PDF selected: ", clubb_config_flags%iiPDF_type
CLUBBStandardsCheck.pl WARNING: File has lines that exceed 100 characters.
../src/CLUBB_core/advance_clubb_core_module.F90
--------------------------------------------------------------------------------
--------------------------------------------------------------------------------
CLUBBStandardsCheck.pl WARNING: Line has exceeded 100 characters.
231 :     real( kind = core_rknd ), dimension(ngrdcol, nz, min(1,sclr_dim), 2 ), intent(in) ::  & ! h1g, 2010-06-15
CLUBBStandardsCheck.pl WARNING: Line has exceeded 100 characters.
577 :                            wm(i,:), rtm(i,:), thlm(i,:), wp2(i,:), rtp2(i,:), thlp2(i,:),                             & ! In
CLUBBStandardsCheck.pl WARNING: Line has exceeded 100 characters.
578 :                            Skw(i,:), Skrt(i,:), Skthl(i,:), wprtp(i,:), wpthlp(i,:),                             & ! In
CLUBBStandardsCheck.pl WARNING: Line has exceeded 100 characters.
605 :                           wm(i,:), rtm(i,:), thlm(i,:), wp2(i,:), rtp2(i,:), thlp2(i,:),                                & ! In
CLUBBStandardsCheck.pl WARNING: Line has exceeded 100 characters.
606 :                           Skw(i,:), Skrt(i,:), Skthl(i,:), wprtp(i,:), wpthlp(i,:),                                & ! In
CLUBBStandardsCheck.pl WARNING: Line has exceeded 100 characters.
617 :         call LY93_driver( nz, wm(i,:), rtm(i,:), thlm(i,:), wp2(i,:), rtp2(i,:),                          & ! In
CLUBBStandardsCheck.pl WARNING: Line has exceeded 100 characters.
618 :                           thlp2(i,:), Skw(i,:), Skrt(i,:), Skthl(i,:),                           & ! In
CLUBBStandardsCheck.pl WARNING: Line has exceeded 100 characters.
973 :           pdf_params%rsatl_1(i,:) = sat_mixrat_ice( nz, p_in_Pa(i,:), tl1(i,:) ) * RH_crit(i, :, 1, 1)
CLUBBStandardsCheck.pl WARNING: Line has exceeded 100 characters.
988 :           pdf_params%rsatl_2(i,:) = sat_mixrat_ice( nz, p_in_Pa(i,:), tl2(i,:) ) * RH_crit(i, :, 1, 2)
CLUBBStandardsCheck.pl WARNING: Line has exceeded 100 characters.
1011 :     rsatl_2 = sat_mixrat_liq( nz, ngrdcol, p_in_Pa, tl2, saturation_formula  ) ! h1g, 2010-06-16 end mod
CLUBBStandardsCheck.pl WARNING: Line has exceeded 100 characters.
1117 :         rcm(i,k) = pdf_params%mixt_frac(i,k) * pdf_params%rc_1(i,k) + ( one - pdf_params%mixt_frac(i,k) ) &
CLUBBStandardsCheck.pl WARNING: Line has exceeded 100 characters.
1292 :             = pdf_params%mixt_frac(i,k) * ( ( sclr1(i,k,j) - sclrm(i,k,j) ) * pdf_params%rc_1(i,k) ) &
CLUBBStandardsCheck.pl WARNING: Line has exceeded 100 characters.
1298 :               + ( one - pdf_params%mixt_frac(i,k) ) * corr_sclr_rt_2(i,k,j) * pdf_params%crt_2(i,k) &
CLUBBStandardsCheck.pl WARNING: Line has exceeded 100 characters.
1304 :               - ( one - pdf_params%mixt_frac(i,k) ) * corr_sclr_thl_2(i,k,j) * pdf_params%cthl_2(i,k) &
CLUBBStandardsCheck.pl WARNING: File has lines that exceed 100 characters.
../src/CLUBB_core/pdf_closure_module.F90
--------------------------------------------------------------------------------
--------------------------------------------------------------------------------
CLUBBStandardsCheck.pl WARNING: Line has exceeded 100 characters.
499 :         write(fstderr,*) "l_mono_flux_lim_rtm=T with l_mono_flux_lim_spikefix=F can lead to spikes aloft."
CLUBBStandardsCheck.pl WARNING: Line has exceeded 100 characters.
824 :       call solve_xm_wpxp_with_single_lhs( nz, ngrdcol, sclr_dim, sclr_tol, gr, dt, l_iter, nrhs, & ! In 
CLUBBStandardsCheck.pl WARNING: Line has exceeded 100 characters.
923 :                                      dt, sigma_sqd_w(i,:), wm_zm(i,:), wm_zt(i,:), wp2(i,:), & ! intent(in)
CLUBBStandardsCheck.pl WARNING: Line has exceeded 100 characters.
924 :                                      Lscale_zm(i,:), wp3_on_wp2(i,:), wp3_on_wp2_zt(i,:), & ! intent(in)
CLUBBStandardsCheck.pl WARNING: Line has exceeded 100 characters.
925 :                                      Kh_zt(i,:), Kh_zm(i,:), invrs_tau_C6_zm(i,:), Skw_zm(i,:), & ! intent(in)
CLUBBStandardsCheck.pl WARNING: Line has exceeded 100 characters.
929 :                                      wpthlp_forcing(i,:), thlm_ref(i,:), rho_ds_zm(i,:), & ! intent(in)
CLUBBStandardsCheck.pl WARNING: Line has exceeded 100 characters.
935 :                                      wp2sclrp(i,:,:), sclrpthvp(i,:,:), sclrm_forcing(i,:,:), & ! intent(in) 
CLUBBStandardsCheck.pl WARNING: Line has exceeded 100 characters.
936 :                                      sclrp2(i,:,:), exner(i,:), rcm(i,:), p_in_Pa(i,:), thvm(i,:), & ! intent(in)
CLUBBStandardsCheck.pl WARNING: Line has exceeded 100 characters.
939 :                                      um_forcing(i,:), vm_forcing(i,:), ug(i,:), vg(i,:), & ! intent(in)
CLUBBStandardsCheck.pl WARNING: Line has exceeded 100 characters.
940 :                                      wpthvp(i,:), fcor(i), um_ref(i,:), vm_ref(i,:), up2(i,:), & ! intent(in)
CLUBBStandardsCheck.pl WARNING: Line has exceeded 100 characters.
941 :                                      vp2(i,:), uprcp(i,:), vprcp(i,:), rc_coef_zm(i,:), rtm(i,:), & ! intent(in)
CLUBBStandardsCheck.pl WARNING: Line has exceeded 100 characters.
942 :                                      wprtp(i,:), thlm(i,:), wpthlp(i,:), sclrm(i,:,:), wpsclrp(i,:,:), & ! intent(in)
CLUBBStandardsCheck.pl WARNING: Line has exceeded 100 characters.
943 :                                      um(i,:), upwp(i,:), vm(i,:), vpwp(i,:), rtm_old(i,:), & ! intent(in)
CLUBBStandardsCheck.pl WARNING: Line has exceeded 100 characters.
945 :                                      sclrm_old(i,:,:), wpsclrp_old(i,:,:), um_old(i,:), & ! intent(in)
CLUBBStandardsCheck.pl WARNING: Line has exceeded 100 characters.
3012 :       call xm_wpxp_rhs( nz, ngrdcol, xm_wpxp_scalar, l_iter, dt, sclrm(:,:,j), wpsclrp(:,:,j), & ! In
CLUBBStandardsCheck.pl WARNING: Line has exceeded 100 characters.
3127 :           call stat_update_var( stats_metadata%iupwp_pr4, C_uu_shr(i) * wp2(i,:) * ddzt_um(i,:), & ! intent(in)
CLUBBStandardsCheck.pl WARNING: Line has exceeded 100 characters.
3129 :           call stat_update_var( stats_metadata%ivpwp_pr4, C_uu_shr(i) * wp2(i,:) * ddzt_vm(i,:), & ! intent(in)
CLUBBStandardsCheck.pl WARNING: Line has exceeded 100 characters.
3326 :     if ( stats_metadata%l_stats_samp .and. stats_metadata%ithlm_matrix_condt_num + stats_metadata%irtm_matrix_condt_num > 0 ) then
CLUBBStandardsCheck.pl WARNING: Line has exceeded 100 characters.
4137 :       call xm_wpxp_rhs( nz, ngrdcol, xm_wpxp_scalar, l_iter, dt, sclrm(:,:,j), wpsclrp(:,:,j),            & ! In
CLUBBStandardsCheck.pl WARNING: File has lines that exceed 100 characters.
../src/CLUBB_core/advance_xm_wpxp_module.F90
--------------------------------------------------------------------------------
--------------------------------------------------------------------------------
CLUBBStandardsCheck.pl WARNING: Line has exceeded 100 characters.
431 :         call stat_assign( var_index=stats_metadata%iinvrs_tau_wpxp_zm, var_name="invrs_tau_wpxp_zm", &
CLUBBStandardsCheck.pl WARNING: Line has exceeded 100 characters.
447 :         call stat_assign( var_index=stats_metadata%iinvrs_tau_no_N2_zm, var_name="invrs_tau_no_N2_zm", &
CLUBBStandardsCheck.pl WARNING: Line has exceeded 100 characters.
2086 :         call stat_assign( var_index=stats_metadata%iice_supersat_frac_zm, var_name="ice_supersat_frac_zm", &
CLUBBStandardsCheck.pl WARNING: Line has exceeded 100 characters.
2210 :         call stat_assign( var_index=stats_metadata%ibrunt_vaisala_freq_sqd, var_name="bv_freq_sqd", &
CLUBBStandardsCheck.pl WARNING: Line has exceeded 100 characters.
2218 :         call stat_assign( var_index=stats_metadata%ibrunt_vaisala_freq_sqd_splat, var_name="bv_freq_sqd_splat", &
CLUBBStandardsCheck.pl WARNING: Line has exceeded 100 characters.
2226 :         call stat_assign( var_index=stats_metadata%ibrunt_vaisala_freq_sqd_mixed, var_name="bv_freq_sqd_mixed", &
CLUBBStandardsCheck.pl WARNING: Line has exceeded 100 characters.
2234 :         call stat_assign( var_index=stats_metadata%ibrunt_vaisala_freq_sqd_moist, var_name="bv_freq_sqd_moist", &
CLUBBStandardsCheck.pl WARNING: Line has exceeded 100 characters.
2242 :         call stat_assign( var_index=stats_metadata%ibrunt_vaisala_freq_sqd_dry, var_name="bv_freq_sqd_dry", &
CLUBBStandardsCheck.pl WARNING: Line has exceeded 100 characters.
2250 :         call stat_assign( var_index=stats_metadata%ibrunt_vaisala_freq_sqd_smth, var_name="bv_freq_sqd_smth", &
CLUBBStandardsCheck.pl WARNING: Line has exceeded 100 characters.
2258 :         call stat_assign( var_index=stats_metadata%ibrunt_freq_out_cloud, var_name="bv_freq_out_cloud", &
CLUBBStandardsCheck.pl WARNING: Line has exceeded 100 characters.
2302 :         call stat_assign( var_index=stats_metadata%iwp3_on_wp2_cfl_num, var_name="wp3_on_wp2_cfl_num", &
CLUBBStandardsCheck.pl WARNING: Line has exceeded 100 characters.
2330 :         call stat_assign( var_index=stats_metadata%istability_correction, var_name="stability_correction", &
CLUBBStandardsCheck.pl WARNING: Line has exceeded 100 characters.
2384 :           call stat_assign( var_index=stats_metadata%isclrprtp(j), var_name="sclr"//trim(sclr_idx)//"prtp", &
CLUBBStandardsCheck.pl WARNING: Line has exceeded 100 characters.
2395 :           call stat_assign( var_index=stats_metadata%isclrp2(j), var_name="sclr"//trim(sclr_idx)//"p2", &
CLUBBStandardsCheck.pl WARNING: Line has exceeded 100 characters.
2406 :           call stat_assign( var_index=stats_metadata%isclrpthvp(j), var_name="sclr"//trim(sclr_idx)//"pthvp", &
CLUBBStandardsCheck.pl WARNING: Line has exceeded 100 characters.
2417 :           call stat_assign( var_index=stats_metadata%isclrpthlp(j), var_name="sclr"//trim(sclr_idx)//"pthlp", &
CLUBBStandardsCheck.pl WARNING: Line has exceeded 100 characters.
2428 :           call stat_assign( var_index=stats_metadata%isclrprcp(j), var_name="sclr"//trim(sclr_idx)//"prcp", &
CLUBBStandardsCheck.pl WARNING: Line has exceeded 100 characters.
2439 :           call stat_assign( var_index=stats_metadata%iwpsclrp(j), var_name="wpsclr"//trim(sclr_idx)//"p", &
CLUBBStandardsCheck.pl WARNING: Line has exceeded 100 characters.
2450 :           call stat_assign( var_index=stats_metadata%iwpsclrp2(j), var_name="wpsclr"//trim(sclr_idx)//"p2", &
CLUBBStandardsCheck.pl WARNING: Line has exceeded 100 characters.
2461 :           call stat_assign( var_index=stats_metadata%iwp2sclrp(j), var_name="wp2sclr"//trim(sclr_idx)//"p", &
CLUBBStandardsCheck.pl WARNING: Line has exceeded 100 characters.
2472 :           call stat_assign( var_index=stats_metadata%iwpsclrprtp(j), var_name="wpsclr"//trim(sclr_idx)//"prtp", &
CLUBBStandardsCheck.pl WARNING: Line has exceeded 100 characters.
2495 :           call stat_assign( var_index=stats_metadata%iwpedsclrp(j), var_name="wpedsclr"//trim(sclr_idx)//"p", &
CLUBBStandardsCheck.pl WARNING: File has lines that exceed 100 characters.
../src/CLUBB_core/stats_zm_module.F90
--------------------------------------------------------------------------------
--------------------------------------------------------------------------------
CLUBBStandardsCheck.pl WARNING: Line has exceeded 100 characters.
725 :                        time_current+real(stats_metadata%stats_tout,kind=time_precision), & !intent(in) 
CLUBBStandardsCheck.pl WARNING: Line has exceeded 100 characters.
830 :                          time_current+real(stats_metadata%stats_tout,kind=time_precision), & !intent(in) 
CLUBBStandardsCheck.pl WARNING: Line has exceeded 100 characters.
838 :                           time_current, stats_metadata%stats_tout, stats_lh_zt%num_output_fields, &  ! In
CLUBBStandardsCheck.pl WARNING: Line has exceeded 100 characters.
912 :                          time_current+real(stats_metadata%stats_tout,kind=time_precision), & !intent(in) 
CLUBBStandardsCheck.pl WARNING: Line has exceeded 100 characters.
920 :                           time_current, stats_metadata%stats_tout, stats_lh_sfc%num_output_fields, &  ! In
CLUBBStandardsCheck.pl WARNING: Line has exceeded 100 characters.
1149 :                        time_current+real(stats_metadata%stats_tout,kind=time_precision), & !intent(in) 
CLUBBStandardsCheck.pl WARNING: Line has exceeded 100 characters.
1232 :                          time_current+real(stats_metadata%stats_tout, kind=time_precision), & !intent(in) 
CLUBBStandardsCheck.pl WARNING: Line has exceeded 100 characters.
1316 :                          time_current+real(stats_metadata%stats_tout,kind=time_precision), & !intent(in) 
CLUBBStandardsCheck.pl WARNING: Line has exceeded 100 characters.
1405 :                        time_current+real(stats_metadata%stats_tout,kind=time_precision), & !intent(in) 
CLUBBStandardsCheck.pl WARNING: Line has exceeded 100 characters.
1413 :                         time_current, stats_metadata%stats_tout, stats_sfc%num_output_fields, &  ! In
CLUBBStandardsCheck.pl WARNING: Line has exceeded 100 characters.
2067 :     integer :: grid_level = 1  ! grid level for stats where there is only one sensible level (eg timeseries)
CLUBBStandardsCheck.pl WARNING: Line has exceeded 100 characters.
2203 :       call stat_update_var( stats_metadata%ivarnce_thl_1, pdf_params%varnce_thl_1(1,:), & ! intent(in)
CLUBBStandardsCheck.pl WARNING: Line has exceeded 100 characters.
2205 :       call stat_update_var( stats_metadata%ivarnce_thl_2, pdf_params%varnce_thl_2(1,:), & ! intent(in)
CLUBBStandardsCheck.pl WARNING: Line has exceeded 100 characters.
2223 :       call stat_update_var( stats_metadata%icloud_frac_1, pdf_params%cloud_frac_1(1,:), & ! intent(in)
CLUBBStandardsCheck.pl WARNING: Line has exceeded 100 characters.
2225 :       call stat_update_var( stats_metadata%icloud_frac_2, pdf_params%cloud_frac_2(1,:), & ! intent(in)
CLUBBStandardsCheck.pl WARNING: Line has exceeded 100 characters.
2239 :       call stat_update_var( stats_metadata%icovar_chi_eta_1, pdf_params%covar_chi_eta_1(1,:), & ! intent(in)
CLUBBStandardsCheck.pl WARNING: Line has exceeded 100 characters.
2241 :       call stat_update_var( stats_metadata%icovar_chi_eta_2, pdf_params%covar_chi_eta_2(1,:), & ! intent(in)
CLUBBStandardsCheck.pl WARNING: Line has exceeded 100 characters.
2243 :       call stat_update_var( stats_metadata%icorr_w_chi_1, pdf_params%corr_w_chi_1(1,:), & ! intent(in)
CLUBBStandardsCheck.pl WARNING: Line has exceeded 100 characters.
2245 :       call stat_update_var( stats_metadata%icorr_w_chi_2, pdf_params%corr_w_chi_2(1,:), & ! intent(in)
CLUBBStandardsCheck.pl WARNING: Line has exceeded 100 characters.
2247 :       call stat_update_var( stats_metadata%icorr_w_eta_1, pdf_params%corr_w_eta_1(1,:), & ! intent(in)
CLUBBStandardsCheck.pl WARNING: Line has exceeded 100 characters.
2249 :       call stat_update_var( stats_metadata%icorr_w_eta_2, pdf_params%corr_w_eta_2(1,:), & ! intent(in)
CLUBBStandardsCheck.pl WARNING: Line has exceeded 100 characters.
2251 :       call stat_update_var( stats_metadata%icorr_chi_eta_1, pdf_params%corr_chi_eta_1(1,:), & ! intent(in)
CLUBBStandardsCheck.pl WARNING: Line has exceeded 100 characters.
2253 :       call stat_update_var( stats_metadata%icorr_chi_eta_2, pdf_params%corr_chi_eta_2(1,:), & ! intent(in)
CLUBBStandardsCheck.pl WARNING: Line has exceeded 100 characters.
2259 :       call stat_update_var( stats_metadata%icorr_w_thl_1, pdf_params%corr_w_thl_1(1,:), & ! intent(in)
CLUBBStandardsCheck.pl WARNING: Line has exceeded 100 characters.
2261 :       call stat_update_var( stats_metadata%icorr_w_thl_2, pdf_params%corr_w_thl_2(1,:), & ! intent(in)
CLUBBStandardsCheck.pl WARNING: Line has exceeded 100 characters.
2263 :       call stat_update_var( stats_metadata%icorr_rt_thl_1, pdf_params%corr_rt_thl_1(1,:), & ! intent(in)
CLUBBStandardsCheck.pl WARNING: Line has exceeded 100 characters.
2265 :       call stat_update_var( stats_metadata%icorr_rt_thl_2, pdf_params%corr_rt_thl_2(1,:), & ! intent(in)
CLUBBStandardsCheck.pl WARNING: Line has exceeded 100 characters.
2325 :           call stat_update_var( stats_metadata%isclrm_f(isclr), sclrm_forcing(:,isclr),  & ! intent(in)
CLUBBStandardsCheck.pl WARNING: Line has exceeded 100 characters.
2334 :           call stat_update_var( stats_metadata%iedsclrm_f(isclr), edsclrm_forcing(:,isclr), & ! intent(in)
CLUBBStandardsCheck.pl WARNING: Line has exceeded 100 characters.
2417 :       call stat_update_var( stats_metadata%iwp3_on_wp2_cfl_num, wp3_on_wp2 * dt / dzm, & ! intent(in)
CLUBBStandardsCheck.pl WARNING: Line has exceeded 100 characters.
2422 :       call stat_update_var( stats_metadata%iice_supersat_frac_zm, ice_supersat_frac_zm, & ! intent(in)
CLUBBStandardsCheck.pl WARNING: Line has exceeded 100 characters.
2434 :       call stat_update_var( stats_metadata%ivarnce_w_1_zm, pdf_params_zm%varnce_w_1(1,:), & ! intent(in)
CLUBBStandardsCheck.pl WARNING: Line has exceeded 100 characters.
2436 :       call stat_update_var( stats_metadata%ivarnce_w_2_zm, pdf_params_zm%varnce_w_2(1,:), & ! intent(in)
CLUBBStandardsCheck.pl WARNING: Line has exceeded 100 characters.
2438 :       call stat_update_var( stats_metadata%imixt_frac_zm, pdf_params_zm%mixt_frac(1,:), & ! intent(in)
CLUBBStandardsCheck.pl WARNING: Line has exceeded 100 characters.
2459 :           call stat_update_var( stats_metadata%iwpsclrprtp(isclr), wpsclrprtp(:,isclr), & ! intent(in)
CLUBBStandardsCheck.pl WARNING: Line has exceeded 100 characters.
2461 :           call stat_update_var( stats_metadata%iwpsclrpthlp(isclr), wpsclrpthlp(:,isclr), & ! intent(in)
CLUBBStandardsCheck.pl WARNING: Line has exceeded 100 characters.
2486 :       call stat_update_var_pt( stats_metadata%icc, grid_level, maxval( cloud_frac(1:nz) ), & ! intent(in)
CLUBBStandardsCheck.pl WARNING: Line has exceeded 100 characters.
2510 :           call stat_update_var_pt( stats_metadata%iz_cloud_base, grid_level, -10.0_core_rknd , & ! intent(in)
CLUBBStandardsCheck.pl WARNING: Line has exceeded 100 characters.
2621 :         call stat_update_var_pt( stats_metadata%itot_vartn_normlzd_rtm, grid_level, xtmp, & ! intent(in)
CLUBBStandardsCheck.pl WARNING: Line has exceeded 100 characters.
2627 :           write(fstderr, *) "Warning: tot_vartn_normlzd_thlm tried to divide by zero denominator ", &
CLUBBStandardsCheck.pl WARNING: Line has exceeded 100 characters.
2634 :         call stat_update_var_pt( stats_metadata%itot_vartn_normlzd_thlm, grid_level, xtmp, & ! intent(in)
CLUBBStandardsCheck.pl WARNING: Line has exceeded 100 characters.
2640 :           write(fstderr, *) "Warning: tot_vartn_normlzd_wprtp tried to divide by zero denominator ", &
CLUBBStandardsCheck.pl WARNING: Line has exceeded 100 characters.
2647 :         call stat_update_var_pt( stats_metadata%itot_vartn_normlzd_wprtp, grid_level, xtmp, & ! intent(in)
CLUBBStandardsCheck.pl WARNING: Line has exceeded 100 characters.
2893 :         call stat_update_var( stats_metadata%ilh_rrm_mc, lh_hydromet_mc(:,hm_metadata%iirr), & ! intent(in)
CLUBBStandardsCheck.pl WARNING: File has lines that exceed 100 characters.
../src/CLUBB_core/stats_clubb_utilities.F90
--------------------------------------------------------------------------------
--------------------------------------------------------------------------------
CLUBBStandardsCheck.pl WARNING: Line has exceeded 100 characters.
624 :       call solve_xp2_xpyp_with_single_lhs( nz, ngrdcol, sclr_dim, sclr_tol, gr, sclr_idx,      & ! In
CLUBBStandardsCheck.pl WARNING: Line has exceeded 100 characters.
1327 :                               sclrpthlp(:,:,sclr) )                                   ! Intent(inout)
CLUBBStandardsCheck.pl WARNING: Line has exceeded 100 characters.
1857 :                                                rhs_ta_wpsclrp2, rhs_ta_wprtpsclrp, rhs_ta_wpthlpsclrp, &
CLUBBStandardsCheck.pl WARNING: Line has exceeded 100 characters.
2729 :     real( kind = core_rknd ), dimension(ngrdcol) :: rcond  ! Est. of the reciprocal of the condition # on the matrix
CLUBBStandardsCheck.pl WARNING: Line has exceeded 100 characters.
2763 :       ixapxbp_matrix_condt_num = max( stats_metadata%irtp2_matrix_condt_num, stats_metadata%ithlp2_matrix_condt_num, &
CLUBBStandardsCheck.pl WARNING: Line has exceeded 100 characters.
2783 :           call stat_update_var_pt( stats_metadata%irtp2_matrix_condt_num, 1, one / rcond(i), &  ! Intent(in)
CLUBBStandardsCheck.pl WARNING: Line has exceeded 100 characters.
2786 :           call stat_update_var_pt( stats_metadata%ithlp2_matrix_condt_num, 1, one / rcond(i), &  ! Intent(in)
CLUBBStandardsCheck.pl WARNING: Line has exceeded 100 characters.
2789 :           call stat_update_var_pt( stats_metadata%irtpthlp_matrix_condt_num, 1, one / rcond(i), & ! Intent(in)
CLUBBStandardsCheck.pl WARNING: Line has exceeded 100 characters.
4042 :         wp_coef(i,k)    = ( one - one_third * beta(i) ) *    a1(i,k)**2 *    wp3_on_wp2(i,k) /    wp2(i,k)
CLUBBStandardsCheck.pl WARNING: Line has exceeded 100 characters.
4043 :         wp_coef_zt(i,k) = ( one - one_third * beta(i) ) * a1_zt(i,k)**2 * wp3_on_wp2_zt(i,k) / wp2_zt(i,k)
CLUBBStandardsCheck.pl WARNING: Line has exceeded 100 characters.
4224 :                 sgn_t_vel_sclrprtp(i,k) = sign(one,term_wprtpsclrp_explicit_zm(i,k)*sclrprtp(i,k,sclr))
CLUBBStandardsCheck.pl WARNING: Line has exceeded 100 characters.
4258 :                 sgn_t_vel_sclrpthlp(i,k) = sign(one,term_wpthlpsclrp_explicit_zm(i,k)*sclrpthlp(i,k,sclr))
CLUBBStandardsCheck.pl WARNING: Line has exceeded 100 characters.
4351 :                                              invrs_rho_ds_zm, rho_ds_zm,  & ! Intent(in)                             & ! Intent(in)
CLUBBStandardsCheck.pl WARNING: Line has exceeded 100 characters.
5253 :         !call stat_update_var( stats_metadata%icoef_wprtp2_implicit, coef_wprtp2_implicit(i,:), & ! intent(in)
CLUBBStandardsCheck.pl WARNING: Line has exceeded 100 characters.
5257 :         !call stat_update_var( stats_metadata%iterm_wprtp2_explicit, term_wprtp2_explicit(i,:), & ! intent(in)
CLUBBStandardsCheck.pl WARNING: Line has exceeded 100 characters.
5261 :         !call stat_update_var( stats_metadata%icoef_wpthlp2_implicit, coef_wpthlp2_implicit(i,:), & ! intent(in)
CLUBBStandardsCheck.pl WARNING: Line has exceeded 100 characters.
5265 :         !call stat_update_var( stats_metadata%iterm_wpthlp2_explicit, term_wpthlp2_explicit(i,:), & ! intent(in)
CLUBBStandardsCheck.pl WARNING: Line has exceeded 100 characters.
5269 :         !call stat_update_var( stats_metadata%icoef_wprtpthlp_implicit, coef_wprtpthlp_implicit(i,:), & ! intent(in)
CLUBBStandardsCheck.pl WARNING: Line has exceeded 100 characters.
5273 :         !call stat_update_var( stats_metadata%iterm_wprtpthlp_explicit, term_wprtpthlp_explicit(i,:), & ! intent(in)
CLUBBStandardsCheck.pl WARNING: File has lines that exceed 100 characters.
../src/CLUBB_core/advance_xp2_xpyp_module.F90
--------------------------------------------------------------------------------
--------------------------------------------------------------------------------
CLUBBStandardsCheck.pl WARNING: Line has exceeded 100 characters.
466 :               = ( ( hm_metadata%hmp2_ip_on_hmm2_ip(j) + one ) / precip_fracs%precip_frac(i,k) - one ) &
CLUBBStandardsCheck.pl WARNING: Line has exceeded 100 characters.
695 :         call calc_corr_norm_and_cholesky_factor( nz, ngrdcol, iiPDF_type,                   & ! intent(in)
CLUBBStandardsCheck.pl WARNING: Line has exceeded 100 characters.
696 :                                                  pdf_dim, hm_metadata,                   & ! intent(in)
CLUBBStandardsCheck.pl WARNING: Line has exceeded 100 characters.
697 :                                                  pdf_params%rc_1, pdf_params%rc_2,          & ! intent(in)
CLUBBStandardsCheck.pl WARNING: Line has exceeded 100 characters.
698 :                                                  corr_array_n_cloud, corr_array_n_below,    & ! intent(out)
CLUBBStandardsCheck.pl WARNING: Line has exceeded 100 characters.
699 :                                                  corr_array_1_n, corr_array_2_n,            & ! intent(out)
CLUBBStandardsCheck.pl WARNING: Line has exceeded 100 characters.
783 :                 call stat_update_var_pt( stats_metadata%ihmp2_zt(j), k, hydrometp2_zt(i,k,j), & ! intent(in)
CLUBBStandardsCheck.pl WARNING: Line has exceeded 100 characters.
820 :                                      corr_array_1_n(i,:,hm_metadata%iiPDF_chi,hm_metadata%iiPDF_eta),                  &
CLUBBStandardsCheck.pl WARNING: Line has exceeded 100 characters.
821 :                                      corr_array_2_n(i,:,hm_metadata%iiPDF_chi,hm_metadata%iiPDF_eta) )
CLUBBStandardsCheck.pl WARNING: Line has exceeded 100 characters.
846 :             call stat_update_var_pt( stats_metadata%iprecip_frac, k, precip_fracs%precip_frac(i,k), & ! intent(in)
CLUBBStandardsCheck.pl WARNING: Line has exceeded 100 characters.
855 :             call stat_update_var_pt( stats_metadata%iprecip_frac_1, k, precip_fracs%precip_frac_1(i,k), & ! In
CLUBBStandardsCheck.pl WARNING: Line has exceeded 100 characters.
864 :             call stat_update_var_pt( stats_metadata%iprecip_frac_2, k, precip_fracs%precip_frac_2(i,k), & ! In
CLUBBStandardsCheck.pl WARNING: Line has exceeded 100 characters.
3854 :                 call stat_update_var_pt( stats_metadata%imu_hm_1(hm_idx), k, mu_x_1(k,ivar), & ! intent(in)
CLUBBStandardsCheck.pl WARNING: Line has exceeded 100 characters.
3864 :                 call stat_update_var_pt( stats_metadata%imu_hm_2(hm_idx), k, mu_x_2(k,ivar), & ! intent(in)
CLUBBStandardsCheck.pl WARNING: Line has exceeded 100 characters.
3875 :              call stat_update_var_pt( stats_metadata%imu_Ncn_1, k, mu_x_1(k,iiPDF_Ncn), & ! intent(in)
CLUBBStandardsCheck.pl WARNING: Line has exceeded 100 characters.
3884 :              call stat_update_var_pt( stats_metadata%imu_Ncn_2, k, mu_x_2(k,iiPDF_Ncn), & ! intent(in)
CLUBBStandardsCheck.pl WARNING: Line has exceeded 100 characters.
3899 :                 call stat_update_var_pt( stats_metadata%isigma_hm_1(hm_idx), k, sigma_x_1(k,ivar), & ! intent(in)
CLUBBStandardsCheck.pl WARNING: Line has exceeded 100 characters.
3910 :                 call stat_update_var_pt( stats_metadata%isigma_hm_2(hm_idx), k, sigma_x_2(k,ivar), & ! intent(in)
CLUBBStandardsCheck.pl WARNING: Line has exceeded 100 characters.
3921 :              call stat_update_var_pt( stats_metadata%isigma_Ncn_1, k, sigma_x_1(k,iiPDF_Ncn), & ! intent(in)
CLUBBStandardsCheck.pl WARNING: Line has exceeded 100 characters.
3930 :              call stat_update_var_pt( stats_metadata%isigma_Ncn_2, k, sigma_x_2(k,iiPDF_Ncn), & ! intent(in)
CLUBBStandardsCheck.pl WARNING: Line has exceeded 100 characters.
4257 :                   call stat_update_var_pt( stats_metadata%icorr_hmx_hmy_1(hm_idx_jvar,hm_idx_ivar), k, & ! in
CLUBBStandardsCheck.pl WARNING: Line has exceeded 100 characters.
4269 :                   call stat_update_var_pt( stats_metadata%icorr_hmx_hmy_2(hm_idx_jvar,hm_idx_ivar), k, & ! in
CLUBBStandardsCheck.pl WARNING: Line has exceeded 100 characters.
4394 :                 call stat_update_var_pt( stats_metadata%imu_hm_1_n(hm_idx), k, mu_hm_1_n(k), & ! intent(in)
CLUBBStandardsCheck.pl WARNING: Line has exceeded 100 characters.
4413 :                 call stat_update_var_pt( stats_metadata%imu_hm_2_n(hm_idx), k, mu_hm_2_n(k), & ! intent(in)
CLUBBStandardsCheck.pl WARNING: File has lines that exceed 100 characters.
../src/CLUBB_core/setup_clubb_pdf_params.F90
--------------------------------------------------------------------------------
--------------------------------------------------------------------------------
CLUBBStandardsCheck.pl WARNING: Line has exceeded 100 characters.
552 :         call stat_assign( var_index=stats_metadata%iice_supersat_frac, var_name="ice_supersat_frac", &
CLUBBStandardsCheck.pl WARNING: Line has exceeded 100 characters.
784 :              var_description="rt'^3, Third-order moment of total water, rt", var_units="(kg/kg)^3", &
CLUBBStandardsCheck.pl WARNING: Line has exceeded 100 characters.
938 :         call stat_assign( var_index=stats_metadata%irho, var_name="rho", var_description="rho, Air density", &
CLUBBStandardsCheck.pl WARNING: Line has exceeded 100 characters.
2890 :         call stat_assign( var_index=stats_metadata%iw_KK_evap_covar_zt, var_name="w_KK_evap_covar_zt", &
CLUBBStandardsCheck.pl WARNING: Line has exceeded 100 characters.
2898 :         call stat_assign( var_index=stats_metadata%irt_KK_evap_covar_zt, var_name="rt_KK_evap_covar_zt", &
CLUBBStandardsCheck.pl WARNING: Line has exceeded 100 characters.
2906 :         call stat_assign( var_index=stats_metadata%ithl_KK_evap_covar_zt, var_name="thl_KK_evap_covar_zt", &
CLUBBStandardsCheck.pl WARNING: Line has exceeded 100 characters.
2915 :         call stat_assign( var_index=stats_metadata%iw_KK_auto_covar_zt, var_name="w_KK_auto_covar_zt", &
CLUBBStandardsCheck.pl WARNING: Line has exceeded 100 characters.
2923 :         call stat_assign( var_index=stats_metadata%irt_KK_auto_covar_zt, var_name="rt_KK_auto_covar_zt", &
CLUBBStandardsCheck.pl WARNING: Line has exceeded 100 characters.
2931 :         call stat_assign( var_index=stats_metadata%ithl_KK_auto_covar_zt, var_name="thl_KK_auto_covar_zt", &
CLUBBStandardsCheck.pl WARNING: Line has exceeded 100 characters.
2940 :         call stat_assign( var_index=stats_metadata%iw_KK_accr_covar_zt, var_name="w_KK_accr_covar_zt", &
CLUBBStandardsCheck.pl WARNING: Line has exceeded 100 characters.
2949 :         call stat_assign( var_index=stats_metadata%irt_KK_accr_covar_zt, var_name="rt_KK_accr_covar_zt", &
CLUBBStandardsCheck.pl WARNING: Line has exceeded 100 characters.
2958 :         call stat_assign( var_index=stats_metadata%ithl_KK_accr_covar_zt, var_name="thl_KK_accr_covar_zt", &
CLUBBStandardsCheck.pl WARNING: Line has exceeded 100 characters.
2966 :         call stat_assign( var_index=stats_metadata%irr_KK_mvr_covar_zt, var_name="rr_KK_mvr_covar_zt", &
CLUBBStandardsCheck.pl WARNING: Line has exceeded 100 characters.
2975 :         call stat_assign( var_index=stats_metadata%iNr_KK_mvr_covar_zt, var_name="Nr_KK_mvr_covar_zt", &
CLUBBStandardsCheck.pl WARNING: Line has exceeded 100 characters.
2984 :         call stat_assign( var_index=stats_metadata%iKK_mvr_variance_zt, var_name="KK_mvr_variance_zt", &
CLUBBStandardsCheck.pl WARNING: Line has exceeded 100 characters.
4932 :         call stat_assign( var_index=stats_metadata%icloud_frac_refined, var_name="cloud_frac_refined", &
CLUBBStandardsCheck.pl WARNING: Line has exceeded 100 characters.
4948 :         call stat_assign( var_index=stats_metadata%ihl_on_Cp_residual, var_name="hl_on_Cp_residual", &
CLUBBStandardsCheck.pl WARNING: Line has exceeded 100 characters.
4969 :           call stat_assign( var_index=stats_metadata%isclrm(j), var_name="sclr"//trim(sclr_idx)//"m", &
CLUBBStandardsCheck.pl WARNING: Line has exceeded 100 characters.
4980 :           call stat_assign( var_index=stats_metadata%isclrm_f(j), var_name="sclr"//trim(sclr_idx)//"m_f", &
CLUBBStandardsCheck.pl WARNING: Line has exceeded 100 characters.
4991 :           call stat_assign( var_index=stats_metadata%iedsclrm(j), var_name="edsclr"//trim(sclr_idx)//"m", &
CLUBBStandardsCheck.pl WARNING: Line has exceeded 100 characters.
5002 :           call stat_assign( var_index=stats_metadata%iedsclrm_f(j), var_name="edsclr"//trim(sclr_idx)//"m_f", &
CLUBBStandardsCheck.pl WARNING: File has lines that exceed 100 characters.
../src/CLUBB_core/stats_zt_module.F90
--------------------------------------------------------------------------------
CLUBBStandardsCheck.pl has finished.
perl ../utilities/CLUBBStandardsCheck.pl ../src/Benchmark_cases/*.F90
CLUBBStandardsCheck.pl has begun.
--------------------------------------------------------------------------------
CLUBBStandardsCheck.pl WARNING: Line has exceeded 100 characters.
137 :     wprtp_sfc = compute_wprtp_sfc( Cq, ubar, rtm_sfc, sat_mixrat_liq( p_sfc, T_sfc, saturation_formula ) )
CLUBBStandardsCheck.pl WARNING: File has lines that exceed 100 characters.
../src/Benchmark_cases/cloud_feedback.F90
--------------------------------------------------------------------------------
--------------------------------------------------------------------------------
CLUBBStandardsCheck.pl WARNING: Line has exceeded 100 characters.
99 :   wprtp_sfc = compute_wprtp_sfc( Cz, ubar, rtm_sfc, sat_mixrat_liq( p_sfc, T_sfc, saturation_formula ) )
CLUBBStandardsCheck.pl WARNING: File has lines that exceed 100 characters.
../src/Benchmark_cases/fire.F90
--------------------------------------------------------------------------------
--------------------------------------------------------------------------------
CLUBBStandardsCheck.pl WARNING: Line has exceeded 100 characters.
164 :     wprtp_sfc = compute_wprtp_sfc( Cd, ubar, rtm_sfc, sat_mixrat_liq( p_sfc, T_sfc, saturation_formula ) )
CLUBBStandardsCheck.pl WARNING: File has lines that exceed 100 characters.
../src/Benchmark_cases/dycoms2_rf01.F90
--------------------------------------------------------------------------------
--------------------------------------------------------------------------------
CLUBBStandardsCheck.pl WARNING: Line has forbidden elements:  .gt. .
71 :     if (time.gt.80880_time_precision) then
CLUBBStandardsCheck.pl WARNING: File has forbidden elements.
../src/Benchmark_cases/neutral_case.F90
--------------------------------------------------------------------------------
CLUBBStandardsCheck.pl has finished.
perl ../utilities/CLUBBStandardsCheck.pl ../src/KK_microphys/*.F90
CLUBBStandardsCheck.pl has begun.
CLUBBStandardsCheck.pl has finished.
perl ../utilities/CLUBBStandardsCheck.pl ../src/SILHS/*.F90
CLUBBStandardsCheck.pl has begun.
--------------------------------------------------------------------------------
CLUBBStandardsCheck.pl WARNING: Line has exceeded 100 characters.
447 :           call assert_correct_cloud_normal( num_samples, X_u_all_levs(i,:,k,hm_metadata%iiPDF_chi), & ! In
CLUBBStandardsCheck.pl WARNING: Line has exceeded 100 characters.
2273 : !        call stat_update_var( stats_metadata%ilh_cloud_frac_unweighted, lh_cloud_frac, stats_lh_zt )
CLUBBStandardsCheck.pl WARNING: Line has exceeded 100 characters.
2617 :   !      call stat_update_var( stats_metadata%ilh_precip_frac_unweighted, lh_precip_frac, stats_lh_zt )
CLUBBStandardsCheck.pl WARNING: Line has exceeded 100 characters.
2660 :       call stat_update_var_pt( stats_metadata%ik_lh_start, 1, real( k_lh_start(i), kind=core_rknd ), stats_lh_sfc )
CLUBBStandardsCheck.pl WARNING: Line has exceeded 100 characters.
2707 :   !          call stat_update_var( stats_metadata%ilh_samp_frac_category(icategory), lh_samp_frac(:,icategory), &
CLUBBStandardsCheck.pl WARNING: File has lines that exceed 100 characters.
../src/SILHS/latin_hypercube_driver_module.F90
--------------------------------------------------------------------------------
CLUBBStandardsCheck.pl has finished.
perl ../utilities/CLUBBStandardsCheck.pl ../src/G_unit_test_types/*.F90
CLUBBStandardsCheck.pl has begun.
--------------------------------------------------------------------------------
CLUBBStandardsCheck.pl WARNING: Line has exceeded 100 characters.
121 :     result = smooth_min(4, 1, input, zero, min_max_smth_mag) ! Order of nz and ngrdcol is opposite to order of indexing! This is very unintuitive!
CLUBBStandardsCheck.pl WARNING: Line has exceeded 100 characters.
174 :     ! Case 3: Make sure that on a large number of arbitrarily chosen points with small min_max_smth_mag,
CLUBBStandardsCheck.pl WARNING: File has lines that exceed 100 characters.
../src/G_unit_test_types/smooth_min_max_tests.F90
--------------------------------------------------------------------------------
--------------------------------------------------------------------------------
CLUBBStandardsCheck.pl WARNING: Line has exceeded 100 characters.
502 :       l_host_applies_sfc_fluxes       ! Use to determine whether a host model has already applied the surface flux,
CLUBBStandardsCheck.pl WARNING: File has lines that exceed 100 characters.
../src/G_unit_test_types/spurious_source_test.F90
--------------------------------------------------------------------------------
--------------------------------------------------------------------------------
CLUBBStandardsCheck.pl WARNING: Line has exceeded 100 characters.
559 :       l_host_applies_sfc_fluxes       ! Use to determine whether a host model has already applied the surface flux,
CLUBBStandardsCheck.pl WARNING: Line has exceeded 100 characters.
1597 :                                       wp2(1,:), rtp2(1,:), thlp2(1,:), up2(1,:), vp2(1,:),         &! In
CLUBBStandardsCheck.pl WARNING: File has lines that exceed 100 characters.
../src/G_unit_test_types/pdf_parameter_tests.F90
--------------------------------------------------------------------------------
CLUBBStandardsCheck.pl has finished.
